2026-04-16 16:05:10,341 - INFO - Fetching all customers
2026-04-16 16:05:12,784 - INFO - Fetching all customers
2026-04-16 16:05:23,843 - INFO - Fetching customer ID: 2
2026-04-16 17:25:26,749 - INFO - Login attempt for user: Raghu
2026-04-16 17:25:26,768 - ERROR - Invalid login attempt for user: Raghu
2026-04-16 17:25:38,177 - INFO - Login attempt for user: Raghu
2026-04-16 17:25:38,177 - ERROR - Invalid login attempt for user: Raghu
2026-04-16 17:25:46,659 - INFO - Login attempt for user: sanju
2026-04-16 17:25:46,660 - ERROR - Invalid login attempt for user: sanju
2026-04-16 17:26:11,307 - INFO - Register attempt for user: Raghu
2026-04-16 17:26:11,389 - INFO - User registered successfully: Raghu
2026-04-16 17:26:28,988 - INFO - Login attempt for user: Raghu
2026-04-16 17:26:29,068 - INFO - Login successful for user: Raghu
2026-04-16 17:26:48,735 - INFO - Fetching all users
2026-04-16 17:27:03,470 - INFO - Total users count requested: 2
2026-04-16 17:27:15,159 - INFO - Delete request for user ID: 7
2026-04-16 17:27:15,172 - INFO - User 7 deleted successfully
2026-04-16 17:27:23,711 - INFO - Delete request for user ID: 8
2026-04-16 17:27:23,712 - INFO - User 8 deleted successfully
2026-04-16 17:27:29,791 - INFO - Delete request for user ID: 7
2026-04-16 17:27:29,792 - ERROR - User 7 not found
2026-04-16 17:27:36,787 - INFO - Delete request for user ID: 8
2026-04-16 17:27:36,788 - ERROR - User 8 not found
2026-04-16 17:27:46,481 - INFO - Fetching all users
2026-04-16 17:28:30,464 - INFO - Login attempt for user: Raghu
2026-04-16 17:28:30,465 - ERROR - Invalid login attempt for user: Raghu
2026-04-16 22:22:19,074 - INFO - Register attempt for user: Raghu
2026-04-16 22:22:19,260 - INFO - User registered successfully: Raghu
2026-04-16 22:23:21,321 - INFO - Login attempt for user: Raghu
2026-04-16 22:23:21,405 - INFO - Login successful for user: Raghu
2026-04-16 22:23:24,082 - INFO - Login attempt for user: Raghu
2026-04-16 22:23:24,182 - INFO - Login successful for user: Raghu
2026-04-16 22:24:17,909 - INFO - Token refresh requested for user: Raghu
2026-04-16 22:24:29,324 - INFO - Fetching all users
2026-04-16 22:24:57,945 - INFO - Total users count requested: 3
2026-04-16 22:25:21,172 - INFO - Delete request for user ID: 9
2026-04-16 22:25:21,180 - INFO - User 9 deleted successfully
2026-04-16 22:25:26,997 - INFO - Delete request for user ID: 10
2026-04-16 22:25:27,001 - INFO - User 10 deleted successfully
2026-04-16 22:25:38,209 - INFO - Delete request for user ID: 9
2026-04-16 22:25:38,211 - ERROR - User 9 not found
2026-04-16 22:25:53,379 - INFO - Fetching all customers
2026-04-16 22:26:41,627 - INFO - Creating customer: Shreyas
2026-04-16 22:27:31,307 - INFO - Adding address for customer ID: 8
2026-04-16 22:27:46,585 - INFO - Fetching customer ID: 8
2026-04-16 22:31:30,311 - INFO - Login attempt for user: Raghu
2026-04-16 22:31:30,395 - INFO - Login successful for user: Raghu
2026-04-16 22:31:59,343 - INFO - Updating customer ID: 1
2026-04-16 22:31:59,347 - ERROR - Customer 1 not found
2026-04-16 22:32:08,823 - INFO - Updating customer ID: 8
2026-04-16 22:32:22,642 - INFO - Deleting customer ID: 8
2026-04-16 22:46:39,687 - INFO - Login attempt for user: Raghu
2026-04-16 22:46:39,734 - INFO - Login successful for user: Raghu
2026-04-16 22:47:14,712 - INFO - Fetching all users
2026-04-16 22:47:45,077 - INFO - Fetching all customers
2026-04-16 22:48:03,247 - INFO - Deleting customer ID: 2
2026-04-16 22:48:08,788 - INFO - Deleting customer ID: 5
2026-04-16 22:48:14,589 - INFO - Deleting customer ID: 6
2026-04-16 22:48:19,698 - INFO - Deleting customer ID: 7
2026-04-16 22:48:33,279 - INFO - Fetching all customers
2026-04-16 22:48:42,103 - INFO - Deleting customer ID: 4
2026-04-16 22:48:52,987 - INFO - Fetching all customers
2026-04-16 22:52:11,571 - INFO - Login attempt for user: Raghu
2026-04-16 22:52:11,615 - INFO - Login successful for user: Raghu
2026-04-16 22:53:58,894 - INFO - Creating customer: luffy
2026-04-16 22:54:50,631 - INFO - Adding address for customer ID: 9
2026-04-16 22:55:36,247 - INFO - Fetching customer ID: 9
2026-04-16 22:56:11,054 - INFO - Updating customer ID: 9
2026-04-16 22:56:30,470 - INFO - Deleting customer ID: 9
2026-04-16 23:02:48,441 - INFO - Login attempt for user: Raghu
2026-04-16 23:02:48,508 - INFO - Login successful for user: Raghu
2026-04-16 23:03:20,920 - INFO - Fetching all users
2026-04-17 09:55:43,048 | INFO | app_logger | Login attempt for user: Raghu
2026-04-17 09:55:43,130 | INFO | app_logger | Login successful for user: Raghu
2026-04-17 09:56:15,892 | INFO | app_logger | Fetching all users
2026-04-17 09:56:36,692 | INFO | app_logger | Total users count requested: 6
2026-04-17 09:57:08,330 | INFO | app_logger | Fetching customer ID: 10
2026-04-17 09:57:18,300 | INFO | app_logger | Fetching customer ID: 12
2026-04-17 09:57:27,967 | INFO | app_logger | Fetching customer ID: 123
2026-04-17 09:57:27,969 | ERROR | app_logger | Customer 123 not found
2026-04-17 15:00:07,703 | INFO | app_logger | Login API called for user: ravi
2026-04-17 15:00:07,704 | INFO | app_logger | Login attempt for user: ravi
2026-04-17 15:00:07,781 | INFO | app_logger | Login successful for user: ravi
2026-04-17 15:00:42,503 | INFO | app_logger | Fetching all users
2026-04-17 15:00:54,563 | INFO | app_logger | Fetching all customers
2026-04-17 15:01:56,848 | INFO | app_logger | Updating customer ID: 23
2026-04-17 15:02:06,905 | INFO | app_logger | Fetching all customers
2026-04-17 15:10:11,016 | INFO | app_logger | Home endpoint accessed
2026-04-17 15:10:37,228 | INFO | app_logger | Login API called for user: ravi
2026-04-17 15:10:37,228 | INFO | app_logger | Login attempt for user: ravi
2026-04-17 15:10:37,331 | INFO | app_logger | Login successful for user: ravi
2026-04-17 15:10:42,503 | INFO | app_logger | Fetching all users
2026-04-17 15:10:54,563 | INFO | app_logger | Fetching all customers
2026-04-17 15:11:56,848 | INFO | app_logger | Updating customer ID: 23
2026-04-17 15:12:06,905 | INFO | app_logger | Fetching all customers
2026-04-17 15:13:35,048 | INFO | app_logger | Login attempt for user: ravi
2026-04-17 15:13:35,130 | INFO | app_logger | Login successful for user: ravi
2026-04-17 15:13:42,503 | INFO | app_logger | Fetching all users
2026-04-17 15:13:54,563 | INFO | app_logger | Fetching all customers
2026-04-17 15:14:56,848 | INFO | app_logger | Updating customer ID: 23
2026-04-17 15:15:06,905 | INFO | app_logger | Fetching all customers2026-04-17 15:34:09,325 | INFO | app_logger | Home endpoint accessed
2026-04-17 15:36:10,099 | INFO | app_logger | Login API called for user: ravi
2026-04-17 15:36:10,099 | INFO | app_logger | Login attempt for user: ravi
2026-04-17 15:36:10,173 | INFO | app_logger | Login successful for user: ravi
2026-04-17 15:36:52,112 | INFO | app_logger | Token refresh requested for user: ravi
2026-04-17 15:37:01,115 | INFO | app_logger | Fetching all users
2026-04-17 15:37:01,115 | INFO | app_logger | Fetching all users
2026-04-17 15:37:20,895 | INFO | app_logger | Deleting user with ID: 24
2026-04-17 15:37:20,895 | INFO | app_logger | Deleting user ID: 24
2026-04-17 15:37:20,904 | INFO | app_logger | User 24 deleted successfully
2026-04-17 15:37:26,031 | INFO | app_logger | Deleting user with ID: 223
2026-04-17 15:37:26,031 | INFO | app_logger | Deleting user ID: 223
2026-04-17 15:37:26,033 | ERROR | app_logger | User 223 not found
2026-04-17 15:37:26,034 | ERROR | app_logger | Custom Error: User not found | Status Code: 404
2026-04-17 15:37:37,382 | INFO | app_logger | Fetching all customers
2026-04-17 15:37:37,382 | INFO | app_logger | Fetching all customers from database
2026-04-17 15:37:37,394 | INFO | app_logger | Total customers fetched: 7
2026-04-17 15:37:53,264 | INFO | app_logger | Deleting customer ID: 24
2026-04-17 15:37:53,265 | INFO | app_logger | Deleting customer ID: 24
2026-04-17 15:37:53,279 | INFO | app_logger | Customer 24 deleted successfully
2026-04-17 15:37:54,668 | INFO | app_logger | Deleting customer ID: 24
2026-04-17 15:37:54,668 | INFO | app_logger | Deleting customer ID: 24
2026-04-17 15:37:54,671 | ERROR | app_logger | Customer 24 not found
2026-04-17 15:37:54,674 | ERROR | app_logger | Custom Error: Customer not found | Status Code: 404
2026-04-17 15:38:13,723 | INFO | app_logger | Deleting customer ID: 24
2026-04-17 15:38:13,723 | INFO | app_logger | Deleting customer ID: 24
2026-04-17 15:38:13,731 | ERROR | app_logger | Customer 24 not found
2026-04-17 15:38:13,735 | ERROR | app_logger | Custom Error: Customer not found | Status Code: 404
2026-04-17 15:39:00,660 | INFO | app_logger | Fetching all customers
2026-04-17 15:39:00,660 | INFO | app_logger | Fetching all customers from database
2026-04-17 15:39:00,663 | INFO | app_logger | Total customers fetched: 6
2026-04-17 15:39:54,934 | INFO | app_logger | Fetching customer ID: 19
2026-04-17 15:39:54,936 | INFO | app_logger | Fetching customer with ID: 19
2026-04-17 15:40:08,577 | INFO | app_logger | Deleting customer ID: 19
2026-04-17 15:40:08,577 | INFO | app_logger | Deleting customer ID: 19
2026-04-17 15:40:08,579 | INFO | app_logger | Customer 19 deleted successfully
2026-04-17 15:40:49,706 | INFO | app_logger | Deleting customer ID: 18
2026-04-17 15:40:49,706 | INFO | app_logger | Deleting customer ID: 18
2026-04-17 15:40:49,736 | INFO | app_logger | Customer 18 deleted successfully
2026-04-17 15:41:08,777 | INFO | app_logger | Deleting customer ID: 25
2026-04-17 15:41:08,777 | INFO | app_logger | Deleting customer ID: 25
2026-04-17 15:41:08,784 | INFO | app_logger | Customer 25 deleted successfully
2026-04-17 15:41:14,472 | INFO | app_logger | Deleting customer ID: 20
2026-04-17 15:41:14,474 | INFO | app_logger | Deleting customer ID: 20
2026-04-17 15:41:14,477 | INFO | app_logger | Customer 20 deleted successfully
2026-04-17 15:41:20,319 | INFO | app_logger | Deleting customer ID: 11
2026-04-17 15:41:20,319 | INFO | app_logger | Deleting customer ID: 11
2026-04-17 15:41:20,321 | ERROR | app_logger | Customer 11 not found
2026-04-17 15:41:20,331 | ERROR | app_logger | Custom Error: Customer not found | Status Code: 404
2026-04-17 15:41:46,041 | INFO | app_logger | Deleting customer ID: 27
2026-04-17 15:41:46,042 | INFO | app_logger | Deleting customer ID: 27
2026-04-17 15:41:46,059 | INFO | app_logger | Customer 27 deleted successfully
2026-04-17 15:41:56,694 | INFO | app_logger | Deleting customer ID: 22
2026-04-17 15:41:56,694 | INFO | app_logger | Deleting customer ID: 22
2026-04-17 15:41:56,700 | INFO | app_logger | Customer 22 deleted successfully
2026-04-19 21:39:18,863 | INFO | app_logger | Home endpoint accessed
2026-04-19 21:39:43,220 | INFO | app_logger | Login API called for user: Raghu
2026-04-19 21:39:43,221 | INFO | app_logger | Login attempt for user: Raghu
2026-04-19 21:39:43,243 | ERROR | app_logger | Invalid login for user: Raghu
2026-04-19 21:39:43,247 | ERROR | app_logger | Custom Error: Invalid credentials | Status Code: 401
2026-04-19 21:39:52,836 | INFO | app_logger | Login API called for user: Raghu
2026-04-19 21:39:52,836 | INFO | app_logger | Login attempt for user: Raghu
2026-04-19 21:39:52,838 | ERROR | app_logger | Invalid login for user: Raghu
2026-04-19 21:39:52,839 | ERROR | app_logger | Custom Error: Invalid credentials | Status Code: 401
2026-04-19 21:39:58,601 | INFO | app_logger | Login API called for user: Raghu
2026-04-19 21:39:58,601 | INFO | app_logger | Login attempt for user: Raghu
2026-04-19 21:39:58,604 | ERROR | app_logger | Invalid login for user: Raghu
2026-04-19 21:39:58,604 | ERROR | app_logger | Custom Error: Invalid credentials | Status Code: 401
2026-04-19 21:42:05,815 | INFO | app_logger | Home endpoint accessed
2026-04-19 21:42:34,927 | INFO | app_logger | Login API called for user: ravi
2026-04-19 21:42:34,927 | INFO | app_logger | Login attempt for user: ravi
2026-04-19 21:42:35,000 | INFO | app_logger | Login successful for user: ravi
2026-04-19 21:43:57,177 | INFO | app_logger | Fetching all users
2026-04-19 21:43:57,177 | INFO | app_logger | Fetching all users
2026-04-19 21:44:18,720 | INFO | app_logger | Deleting user with ID: 22
2026-04-19 21:44:18,721 | INFO | app_logger | Deleting user ID: 22
2026-04-19 21:44:18,743 | INFO | app_logger | User 22 deleted successfully
2026-04-19 21:44:20,620 | INFO | app_logger | Deleting user with ID: 22
2026-04-19 21:44:20,620 | INFO | app_logger | Deleting user ID: 22
2026-04-19 21:44:20,622 | ERROR | app_logger | User 22 not found
2026-04-19 21:44:20,622 | ERROR | app_logger | Custom Error: User not found | Status Code: 404
2026-04-19 21:44:40,217 | INFO | app_logger | Deleting user with ID: 19
2026-04-19 21:44:40,217 | INFO | app_logger | Deleting user ID: 19
2026-04-19 21:44:40,221 | INFO | app_logger | User 19 deleted successfully
2026-04-19 21:44:49,320 | INFO | app_logger | Deleting user with ID: 20
2026-04-19 21:44:49,321 | INFO | app_logger | Deleting user ID: 20
2026-04-19 21:44:49,323 | INFO | app_logger | User 20 deleted successfully
2026-04-19 21:44:54,724 | INFO | app_logger | Deleting user with ID: 21
2026-04-19 21:44:54,724 | INFO | app_logger | Deleting user ID: 21
2026-04-19 21:44:54,727 | INFO | app_logger | User 21 deleted successfully
2026-04-19 21:44:59,640 | INFO | app_logger | Deleting user with ID: 22
2026-04-19 21:44:59,642 | INFO | app_logger | Deleting user ID: 22
2026-04-19 21:44:59,643 | ERROR | app_logger | User 22 not found
2026-04-19 21:44:59,644 | ERROR | app_logger | Custom Error: User not found | Status Code: 404
2026-04-19 21:45:18,192 | INFO | app_logger | Login API called for user: ravi
2026-04-19 21:45:18,192 | INFO | app_logger | Login attempt for user: ravi
2026-04-19 21:45:18,248 | ERROR | app_logger | Invalid login for user: ravi
2026-04-19 21:45:18,251 | ERROR | app_logger | Custom Error: Invalid credentials | Status Code: 401
2026-04-19 21:45:25,541 | INFO | app_logger | Login API called for user: ravi
2026-04-19 21:45:25,541 | INFO | app_logger | Login attempt for user: ravi
2026-04-19 21:45:25,604 | INFO | app_logger | Login successful for user: ravi
2026-04-19 21:46:18,042 | INFO | app_logger | Fetching all users
2026-04-19 21:46:18,043 | INFO | app_logger | Fetching all users
2026-04-19 21:47:05,388 | INFO | app_logger | Fetching all customers
2026-04-19 21:47:05,394 | INFO | app_logger | Fetching all customers from database
2026-04-19 21:47:05,408 | INFO | app_logger | Total customers fetched: 0
2026-04-19 21:47:40,026 | INFO | app_logger | Deleting user with ID: 18
2026-04-19 21:47:40,027 | INFO | app_logger | Deleting user ID: 18
2026-04-19 21:47:40,032 | INFO | app_logger | User 18 deleted successfully
2026-04-19 21:47:51,682 | INFO | app_logger | Fetching all users
2026-04-19 21:47:51,682 | INFO | app_logger | Fetching all users
2026-04-19 21:48:00,097 | INFO | app_logger | Login API called for user: ravi
2026-04-19 21:48:00,097 | INFO | app_logger | Login attempt for user: ravi
2026-04-19 21:48:00,098 | ERROR | app_logger | Invalid login for user: ravi
2026-04-19 21:48:00,098 | ERROR | app_logger | Custom Error: Invalid credentials | Status Code: 401
2026-04-19 21:48:00,363 | INFO | app_logger | Login API called for user: ravi
2026-04-19 21:48:00,363 | INFO | app_logger | Login attempt for user: ravi
2026-04-19 21:48:00,366 | ERROR | app_logger | Invalid login for user: ravi
2026-04-19 21:48:00,367 | ERROR | app_logger | Custom Error: Invalid credentials | Status Code: 401
2026-04-19 21:48:03,156 | INFO | app_logger | Login API called for user: ravi
2026-04-19 21:48:03,158 | INFO | app_logger | Login attempt for user: ravi
2026-04-19 21:48:03,159 | ERROR | app_logger | Invalid login for user: ravi
2026-04-19 21:48:03,161 | ERROR | app_logger | Custom Error: Invalid credentials | Status Code: 401
2026-04-19 22:46:07,991 | INFO | app_logger | Register API called for user: user1
2026-04-19 22:46:07,991 | INFO | app_logger | Registering user: user1
2026-04-19 22:46:08,039 | INFO | app_logger | User registered successfully: user1
2026-04-19 22:46:08,050 | INFO | app_logger | Register API called for user: user2
2026-04-19 22:46:08,051 | INFO | app_logger | Registering user: user2
2026-04-19 22:46:08,080 | INFO | app_logger | User registered successfully: user2
2026-04-19 22:46:08,086 | INFO | app_logger | Login API called for user: user2
2026-04-19 22:46:08,086 | INFO | app_logger | Login attempt for user: user2
2026-04-19 22:46:08,114 | INFO | app_logger | Login successful for user: user2
2026-04-19 22:46:08,121 | INFO | app_logger | Register API called for user: testuser
2026-04-19 22:46:08,121 | INFO | app_logger | Registering user: testuser
2026-04-19 22:46:08,153 | INFO | app_logger | User registered successfully: testuser
2026-04-19 22:46:08,158 | INFO | app_logger | Login API called for user: testuser
2026-04-19 22:46:08,158 | INFO | app_logger | Login attempt for user: testuser
2026-04-19 22:46:08,185 | INFO | app_logger | Login successful for user: testuser
2026-04-19 22:46:08,190 | INFO | app_logger | Token refresh requested for user: testuser
2026-04-19 22:46:08,196 | INFO | app_logger | Register API called for user: testuser
2026-04-19 22:46:08,196 | INFO | app_logger | Registering user: testuser
2026-04-19 22:46:08,198 | WARNING | app_logger | User already exists: testuser
2026-04-19 22:46:08,199 | ERROR | app_logger | Custom Error: User already exists | Status Code: 400
2026-04-19 22:46:08,203 | INFO | app_logger | Login API called for user: testuser
2026-04-19 22:46:08,203 | INFO | app_logger | Login attempt for user: testuser
2026-04-19 22:46:08,230 | INFO | app_logger | Login successful for user: testuser
2026-04-19 22:46:08,239 | INFO | app_logger | Creating customer: Raghu
2026-04-19 22:46:08,239 | INFO | app_logger | Creating customer: Raghu
2026-04-19 22:46:08,243 | INFO | app_logger | Customer created with ID: 28
2026-04-19 22:46:08,253 | INFO | app_logger | Register API called for user: testuser
2026-04-19 22:46:08,254 | INFO | app_logger | Registering user: testuser
2026-04-19 22:46:08,254 | WARNING | app_logger | User already exists: testuser
2026-04-19 22:46:08,254 | ERROR | app_logger | Custom Error: User already exists | Status Code: 400
2026-04-19 22:46:08,258 | INFO | app_logger | Login API called for user: testuser
2026-04-19 22:46:08,258 | INFO | app_logger | Login attempt for user: testuser
2026-04-19 22:46:08,287 | INFO | app_logger | Login successful for user: testuser
2026-04-19 22:46:08,293 | INFO | app_logger | Fetching all customers
2026-04-19 22:46:08,293 | INFO | app_logger | Fetching all customers from database
2026-04-19 22:46:08,299 | INFO | app_logger | Total customers fetched: 1
2026-04-19 22:46:08,306 | INFO | app_logger | Register API called for user: testuser
2026-04-19 22:46:08,306 | INFO | app_logger | Registering user: testuser
2026-04-19 22:46:08,307 | WARNING | app_logger | User already exists: testuser
2026-04-19 22:46:08,307 | ERROR | app_logger | Custom Error: User already exists | Status Code: 400
2026-04-19 22:46:08,312 | INFO | app_logger | Login API called for user: testuser
2026-04-19 22:46:08,312 | INFO | app_logger | Login attempt for user: testuser
2026-04-19 22:46:08,339 | INFO | app_logger | Login successful for user: testuser
2026-04-19 22:46:08,342 | INFO | app_logger | Creating customer: Test
2026-04-19 22:46:08,342 | INFO | app_logger | Creating customer: Test
2026-04-19 22:46:08,346 | INFO | app_logger | Customer created with ID: 29
2026-04-19 22:46:08,353 | INFO | app_logger | Updating customer ID: 29
2026-04-19 22:46:08,353 | INFO | app_logger | Updating customer ID: 29
2026-04-19 22:46:08,358 | INFO | app_logger | Customer 29 updated successfully
2026-04-19 22:46:08,365 | INFO | app_logger | Register API called for user: testuser
2026-04-19 22:46:08,365 | INFO | app_logger | Registering user: testuser
2026-04-19 22:46:08,369 | WARNING | app_logger | User already exists: testuser
2026-04-19 22:46:08,370 | ERROR | app_logger | Custom Error: User already exists | Status Code: 400
2026-04-19 22:46:08,373 | INFO | app_logger | Login API called for user: testuser
2026-04-19 22:46:08,373 | INFO | app_logger | Login attempt for user: testuser
2026-04-19 22:46:08,401 | INFO | app_logger | Login successful for user: testuser
2026-04-19 22:46:08,405 | INFO | app_logger | Creating customer: Delete
2026-04-19 22:46:08,408 | INFO | app_logger | Creating customer: Delete
2026-04-19 22:46:08,411 | INFO | app_logger | Customer created with ID: 30
2026-04-19 22:46:08,416 | INFO | app_logger | Deleting customer ID: 30
2026-04-19 22:46:08,416 | INFO | app_logger | Deleting customer ID: 30
2026-04-19 22:46:08,424 | INFO | app_logger | Customer 30 deleted successfully
2026-04-19 22:46:08,430 | INFO | app_logger | Register API called for user: testuser
2026-04-19 22:46:08,431 | INFO | app_logger | Registering user: testuser
2026-04-19 22:46:08,432 | WARNING | app_logger | User already exists: testuser
2026-04-19 22:46:08,433 | ERROR | app_logger | Custom Error: User already exists | Status Code: 400
2026-04-19 22:46:08,438 | INFO | app_logger | Login API called for user: testuser
2026-04-19 22:46:08,438 | INFO | app_logger | Login attempt for user: testuser
2026-04-19 22:46:08,466 | INFO | app_logger | Login successful for user: testuser
2026-04-19 22:46:08,471 | INFO | app_logger | Creating customer: Addr
2026-04-19 22:46:08,471 | INFO | app_logger | Creating customer: Addr
2026-04-19 22:46:08,473 | INFO | app_logger | Customer created with ID: 31
2026-04-19 22:46:08,480 | INFO | app_logger | Adding address for customer ID: 31
2026-04-19 22:46:08,480 | INFO | app_logger | Adding address for customer ID: 31
2026-04-19 22:46:08,486 | INFO | app_logger | Address created with ID: 12
2026-04-19 22:46:08,492 | INFO | app_logger | Register API called for user: testuser
2026-04-19 22:46:08,493 | INFO | app_logger | Registering user: testuser
2026-04-19 22:46:08,493 | WARNING | app_logger | User already exists: testuser
2026-04-19 22:46:08,495 | ERROR | app_logger | Custom Error: User already exists | Status Code: 400
2026-04-19 22:46:08,501 | INFO | app_logger | Login API called for user: testuser
2026-04-19 22:46:08,501 | INFO | app_logger | Login attempt for user: testuser
2026-04-19 22:46:08,528 | INFO | app_logger | Login successful for user: testuser
2026-04-19 22:46:08,536 | INFO | app_logger | Fetching all users
2026-04-19 22:46:08,536 | INFO | app_logger | Fetching all users
2026-04-19 22:46:08,542 | INFO | app_logger | Register API called for user: testuser
2026-04-19 22:46:08,544 | INFO | app_logger | Registering user: testuser
2026-04-19 22:46:08,544 | WARNING | app_logger | User already exists: testuser
2026-04-19 22:46:08,546 | ERROR | app_logger | Custom Error: User already exists | Status Code: 400
2026-04-19 22:46:08,551 | INFO | app_logger | Login API called for user: testuser
2026-04-19 22:46:08,551 | INFO | app_logger | Login attempt for user: testuser
2026-04-19 22:46:08,578 | INFO | app_logger | Login successful for user: testuser
2026-04-19 22:46:08,586 | INFO | app_logger | Fetching user count
2026-04-19 22:46:08,590 | INFO | app_logger | Total users count: 3
2026-04-19 22:49:38,279 | INFO | app_logger | Login API called for user: raghu
2026-04-19 22:49:38,279 | INFO | app_logger | Login attempt for user: raghu
2026-04-19 22:49:38,291 | ERROR | app_logger | Invalid login for user: raghu
2026-04-19 22:49:38,291 | ERROR | app_logger | Custom Error: Invalid credentials | Status Code: 401
2026-04-19 22:50:05,887 | INFO | app_logger | Login API called for user: user
2026-04-19 22:50:05,888 | INFO | app_logger | Login attempt for user: user
2026-04-19 22:50:05,889 | ERROR | app_logger | Invalid login for user: user
2026-04-19 22:50:05,889 | ERROR | app_logger | Custom Error: Invalid credentials | Status Code: 401
2026-04-19 22:51:04,019 | INFO | app_logger | Login API called for user: testuser
2026-04-19 22:51:04,019 | INFO | app_logger | Login attempt for user: testuser
2026-04-19 22:51:04,086 | INFO | app_logger | Login successful for user: testuser
2026-04-19 22:52:04,592 | INFO | app_logger | Login API called for user: testuser
2026-04-19 22:52:04,593 | INFO | app_logger | Login attempt for user: testuser
2026-04-19 22:52:04,664 | INFO | app_logger | Login successful for user: testuser
2026-04-19 22:56:38,956 | INFO | app_logger | Login API called for user: raghu
2026-04-19 22:56:38,956 | INFO | app_logger | Login attempt for user: raghu
2026-04-19 22:56:38,958 | ERROR | app_logger | Invalid login for user: raghu
2026-04-19 22:56:38,959 | ERROR | app_logger | Custom Error: Invalid credentials | Status Code: 401
2026-04-19 22:56:51,386 | INFO | app_logger | Login API called for user: testuser
2026-04-19 22:56:51,386 | INFO | app_logger | Login attempt for user: testuser
2026-04-19 22:56:51,462 | INFO | app_logger | Login successful for user: testuser
2026-04-19 22:57:23,773 | INFO | app_logger | Fetching all users
2026-04-19 22:57:23,775 | INFO | app_logger | Fetching all users
2026-04-19 22:58:32,619 | INFO | app_logger | Deleting user with ID: 26
2026-04-19 22:58:32,619 | INFO | app_logger | Deleting user ID: 26
2026-04-19 22:58:32,639 | INFO | app_logger | User 26 deleted successfully
2026-04-19 22:58:36,600 | INFO | app_logger | Deleting user with ID: 27
2026-04-19 22:58:36,600 | INFO | app_logger | Deleting user ID: 27
2026-04-19 22:58:36,604 | INFO | app_logger | User 27 deleted successfully
2026-04-19 22:58:41,814 | INFO | app_logger | Deleting user with ID: 28
2026-04-19 22:58:41,815 | INFO | app_logger | Deleting user ID: 28
2026-04-19 22:58:41,820 | INFO | app_logger | User 28 deleted successfully
2026-04-19 22:58:46,862 | INFO | app_logger | Fetching all customers
2026-04-19 22:58:46,863 | INFO | app_logger | Fetching all customers from database
2026-04-19 22:58:46,888 | INFO | app_logger | Total customers fetched: 3
2026-04-19 22:59:12,958 | INFO | app_logger | Fetching customer ID: 31
2026-04-19 22:59:12,958 | INFO | app_logger | Fetching customer with ID: 31
2026-04-19 22:59:24,568 | INFO | app_logger | Deleting customer ID: 31
2026-04-19 22:59:24,568 | INFO | app_logger | Deleting customer ID: 31
2026-04-19 22:59:24,584 | INFO | app_logger | Customer 31 deleted successfully
2026-04-19 22:59:29,565 | INFO | app_logger | Deleting customer ID: 28
2026-04-19 22:59:29,565 | INFO | app_logger | Deleting customer ID: 28
2026-04-19 22:59:29,580 | INFO | app_logger | Customer 28 deleted successfully
2026-04-19 22:59:34,304 | INFO | app_logger | Deleting customer ID: 29
2026-04-19 22:59:34,304 | INFO | app_logger | Deleting customer ID: 29
2026-04-19 22:59:34,309 | INFO | app_logger | Customer 29 deleted successfully
2026-04-19 23:42:54,339 | WARNING | app_logger | Invalid or expired token: Signature has expired.
2026-04-19 23:43:01,272 | INFO | app_logger | Login API called for user: testuser
2026-04-19 23:43:01,272 | INFO | app_logger | Login attempt for user: testuser
2026-04-19 23:43:01,306 | ERROR | app_logger | Invalid login for user: testuser
2026-04-19 23:43:01,306 | ERROR | app_logger | Custom Error: Invalid credentials | Status Code: 401
2026-04-19 23:50:05,616 | INFO | app_logger | Register API called for user: user1
2026-04-19 23:50:05,619 | INFO | app_logger | Registering user: user1
2026-04-19 23:50:05,662 | INFO | app_logger | User registered successfully: user1
2026-04-19 23:50:05,671 | INFO | app_logger | Register API called for user: raghu
2026-04-19 23:50:05,671 | INFO | app_logger | Registering user: raghu
2026-04-19 23:50:05,708 | INFO | app_logger | User registered successfully: raghu
2026-04-19 23:50:05,715 | INFO | app_logger | Login API called for user: raghu
2026-04-19 23:50:05,715 | INFO | app_logger | Login attempt for user: raghu
2026-04-19 23:50:05,744 | INFO | app_logger | Login successful for user: raghu
2026-04-19 23:50:05,751 | INFO | app_logger | Register API called for user: testuser
2026-04-19 23:50:05,751 | INFO | app_logger | Registering user: testuser
2026-04-19 23:50:05,781 | INFO | app_logger | User registered successfully: testuser
2026-04-19 23:50:05,786 | INFO | app_logger | Login API called for user: testuser
2026-04-19 23:50:05,786 | INFO | app_logger | Login attempt for user: testuser
2026-04-19 23:50:05,812 | INFO | app_logger | Login successful for user: testuser
2026-04-19 23:50:05,820 | INFO | app_logger | Token refresh requested for user: testuser
2026-04-19 23:50:05,823 | INFO | app_logger | Register API called for user: testuser
2026-04-19 23:50:05,823 | INFO | app_logger | Registering user: testuser
2026-04-19 23:50:05,827 | WARNING | app_logger | User already exists: testuser
2026-04-19 23:50:05,828 | ERROR | app_logger | Custom Error: User already exists | Status Code: 400
2026-04-19 23:50:05,832 | INFO | app_logger | Login API called for user: testuser
2026-04-19 23:50:05,832 | INFO | app_logger | Login attempt for user: testuser
2026-04-19 23:50:05,858 | INFO | app_logger | Login successful for user: testuser
2026-04-19 23:50:05,866 | INFO | app_logger | Fetching all users
2026-04-19 23:50:05,866 | INFO | app_logger | Fetching all users
2026-04-19 23:50:05,873 | INFO | app_logger | Register API called for user: testuser
2026-04-19 23:50:05,873 | INFO | app_logger | Registering user: testuser
2026-04-19 23:50:05,875 | WARNING | app_logger | User already exists: testuser
2026-04-19 23:50:05,875 | ERROR | app_logger | Custom Error: User already exists | Status Code: 400
2026-04-19 23:50:05,879 | INFO | app_logger | Login API called for user: testuser
2026-04-19 23:50:05,879 | INFO | app_logger | Login attempt for user: testuser
2026-04-19 23:50:05,908 | INFO | app_logger | Login successful for user: testuser
2026-04-19 23:50:05,915 | INFO | app_logger | Fetching user count
2026-04-19 23:50:05,919 | INFO | app_logger | Total users count: 3
2026-04-19 23:50:05,927 | INFO | app_logger | Register API called for user: custuser
2026-04-19 23:50:05,927 | INFO | app_logger | Registering user: custuser
2026-04-19 23:50:05,958 | INFO | app_logger | User registered successfully: custuser
2026-04-19 23:50:05,965 | INFO | app_logger | Login API called for user: custuser
2026-04-19 23:50:05,965 | INFO | app_logger | Login attempt for user: custuser
2026-04-19 23:50:05,990 | INFO | app_logger | Login successful for user: custuser
2026-04-19 23:50:05,996 | INFO | app_logger | Creating customer: Shreyas
2026-04-19 23:50:05,998 | INFO | app_logger | Creating customer: Shreyas
2026-04-19 23:50:06,002 | INFO | app_logger | Customer created with ID: 32
2026-04-19 23:50:06,009 | INFO | app_logger | Register API called for user: custuser
2026-04-19 23:50:06,009 | INFO | app_logger | Registering user: custuser
2026-04-19 23:50:06,012 | WARNING | app_logger | User already exists: custuser
2026-04-19 23:50:06,012 | ERROR | app_logger | Custom Error: User already exists | Status Code: 400
2026-04-19 23:50:06,015 | INFO | app_logger | Login API called for user: custuser
2026-04-19 23:50:06,015 | INFO | app_logger | Login attempt for user: custuser
2026-04-19 23:50:06,043 | INFO | app_logger | Login successful for user: custuser
2026-04-19 23:50:06,048 | INFO | app_logger | Fetching all customers
2026-04-19 23:50:06,048 | INFO | app_logger | Fetching all customers from database
2026-04-19 23:50:06,054 | INFO | app_logger | Total customers fetched: 1
2026-04-19 23:50:06,061 | INFO | app_logger | Register API called for user: custuser
2026-04-19 23:50:06,061 | INFO | app_logger | Registering user: custuser
2026-04-19 23:50:06,061 | WARNING | app_logger | User already exists: custuser
2026-04-19 23:50:06,061 | ERROR | app_logger | Custom Error: User already exists | Status Code: 400
2026-04-19 23:50:06,065 | INFO | app_logger | Login API called for user: custuser
2026-04-19 23:50:06,065 | INFO | app_logger | Login attempt for user: custuser
2026-04-19 23:50:06,096 | INFO | app_logger | Login successful for user: custuser
2026-04-19 23:50:06,100 | INFO | app_logger | Creating customer: Test
2026-04-19 23:50:06,100 | INFO | app_logger | Creating customer: Test
2026-04-19 23:50:06,105 | INFO | app_logger | Customer created with ID: 33
2026-04-19 23:50:06,111 | INFO | app_logger | Updating customer ID: 33
2026-04-19 23:50:06,111 | INFO | app_logger | Updating customer ID: 33
2026-04-19 23:50:06,116 | INFO | app_logger | Customer 33 updated successfully
2026-04-19 23:50:06,122 | INFO | app_logger | Register API called for user: custuser
2026-04-19 23:50:06,123 | INFO | app_logger | Registering user: custuser
2026-04-19 23:50:06,125 | WARNING | app_logger | User already exists: custuser
2026-04-19 23:50:06,125 | ERROR | app_logger | Custom Error: User already exists | Status Code: 400
2026-04-19 23:50:06,129 | INFO | app_logger | Login API called for user: custuser
2026-04-19 23:50:06,129 | INFO | app_logger | Login attempt for user: custuser
2026-04-19 23:50:06,156 | INFO | app_logger | Login successful for user: custuser
2026-04-19 23:50:06,163 | INFO | app_logger | Creating customer: Test
2026-04-19 23:50:06,163 | INFO | app_logger | Creating customer: Test
2026-04-19 23:50:06,168 | INFO | app_logger | Customer created with ID: 34
2026-04-19 23:50:06,174 | INFO | app_logger | Deleting customer ID: 34
2026-04-19 23:50:06,174 | INFO | app_logger | Deleting customer ID: 34
2026-04-19 23:50:06,180 | INFO | app_logger | Customer 34 deleted successfully
2026-04-19 23:50:06,183 | INFO | app_logger | Register API called for user: custuser
2026-04-19 23:50:06,186 | INFO | app_logger | Registering user: custuser
2026-04-19 23:50:06,186 | WARNING | app_logger | User already exists: custuser
2026-04-19 23:50:06,187 | ERROR | app_logger | Custom Error: User already exists | Status Code: 400
2026-04-19 23:50:06,192 | INFO | app_logger | Login API called for user: custuser
2026-04-19 23:50:06,192 | INFO | app_logger | Login attempt for user: custuser
2026-04-19 23:50:06,220 | INFO | app_logger | Login successful for user: custuser
2026-04-19 23:50:06,225 | INFO | app_logger | Creating customer: Test
2026-04-19 23:50:06,227 | INFO | app_logger | Creating customer: Test
2026-04-19 23:50:06,230 | INFO | app_logger | Customer created with ID: 35
2026-04-19 23:50:06,237 | INFO | app_logger | Adding address for customer ID: 35
2026-04-19 23:50:06,237 | INFO | app_logger | Adding address for customer ID: 35
2026-04-19 23:50:06,241 | INFO | app_logger | Address created with ID: 13
2026-04-19 23:53:20,508 | INFO | app_logger | Home endpoint accessed
2026-04-19 23:53:53,778 | INFO | app_logger | Register API called for user: sanju
2026-04-19 23:53:53,778 | INFO | app_logger | Registering user: sanju
2026-04-19 23:53:53,871 | INFO | app_logger | User registered successfully: sanju
2026-04-19 23:54:44,211 | INFO | app_logger | Login API called for user: sanju
2026-04-19 23:54:44,211 | INFO | app_logger | Login attempt for user: sanju
2026-04-19 23:54:44,279 | INFO | app_logger | Login successful for user: sanju
2026-04-19 23:58:26,685 | INFO | app_logger | Login API called for user: sanju
2026-04-19 23:58:26,696 | INFO | app_logger | Login attempt for user: sanju
2026-04-19 23:58:26,758 | INFO | app_logger | Login successful for user: sanju
2026-04-19 23:59:17,111 | INFO | app_logger | Fetching all users
2026-04-19 23:59:17,111 | INFO | app_logger | Fetching all users
2026-04-19 23:59:53,854 | INFO | app_logger | Fetching all users
2026-04-19 23:59:53,854 | INFO | app_logger | Fetching all users
2026-04-20 00:00:13,581 | INFO | app_logger | Fetching all users
2026-04-20 00:00:13,581 | INFO | app_logger | Fetching all users
2026-04-20 00:01:23,123 | INFO | app_logger | Fetching all users
2026-04-20 00:01:23,125 | INFO | app_logger | Fetching all users
2026-04-20 00:03:24,530 | INFO | app_logger | Deleting user with ID: 32
2026-04-20 00:03:24,530 | INFO | app_logger | Deleting user ID: 32
2026-04-20 00:03:24,539 | INFO | app_logger | User 32 deleted successfully
2026-04-20 00:03:36,239 | INFO | app_logger | Fetching all users
2026-04-20 00:03:36,239 | INFO | app_logger | Fetching all users
2026-04-20 00:03:54,420 | INFO | app_logger | Deleting user with ID: 29
2026-04-20 00:03:54,420 | INFO | app_logger | Deleting user ID: 29
2026-04-20 00:03:54,422 | INFO | app_logger | User 29 deleted successfully
2026-04-20 00:03:58,803 | INFO | app_logger | Deleting user with ID: 30
2026-04-20 00:03:58,803 | INFO | app_logger | Deleting user ID: 30
2026-04-20 00:03:58,806 | INFO | app_logger | User 30 deleted successfully
2026-04-20 00:04:02,015 | INFO | app_logger | Deleting user with ID: 31
2026-04-20 00:04:02,015 | INFO | app_logger | Deleting user ID: 31
2026-04-20 00:04:02,020 | INFO | app_logger | User 31 deleted successfully
2026-04-20 00:04:10,662 | INFO | app_logger | Fetching all users
2026-04-20 00:04:10,664 | INFO | app_logger | Fetching all users
2026-04-20 00:04:21,900 | INFO | app_logger | Fetching all customers
2026-04-20 00:04:21,902 | INFO | app_logger | Fetching all customers from database
2026-04-20 00:04:21,910 | INFO | app_logger | Total customers fetched: 3
2026-04-20 00:04:39,072 | INFO | app_logger | Deleting customer ID: 35
2026-04-20 00:04:39,074 | INFO | app_logger | Deleting customer ID: 35
2026-04-20 00:04:39,085 | INFO | app_logger | Customer 35 deleted successfully
2026-04-20 00:04:49,084 | INFO | app_logger | Fetching all customers
2026-04-20 00:04:49,084 | INFO | app_logger | Fetching all customers from database
2026-04-20 00:04:49,087 | INFO | app_logger | Total customers fetched: 2
2026-04-20 00:04:49,887 | INFO | app_logger | Fetching all customers
2026-04-20 00:04:49,897 | INFO | app_logger | Fetching all customers from database
2026-04-20 00:04:49,927 | INFO | app_logger | Total customers fetched: 2
2026-04-20 00:05:10,785 | INFO | app_logger | Deleting customer ID: 33
2026-04-20 00:05:10,786 | INFO | app_logger | Deleting customer ID: 33
2026-04-20 00:05:10,792 | INFO | app_logger | Customer 33 deleted successfully
2026-04-20 00:05:21,965 | INFO | app_logger | Fetching all customers
2026-04-20 00:05:21,965 | INFO | app_logger | Fetching all customers from database
2026-04-20 00:05:21,965 | INFO | app_logger | Total customers fetched: 1
2026-04-20 00:05:31,703 | INFO | app_logger | Deleting customer ID: 32
2026-04-20 00:05:31,703 | INFO | app_logger | Deleting customer ID: 32
2026-04-20 00:05:31,711 | INFO | app_logger | Customer 32 deleted successfully
2026-04-20 09:21:18,368 | INFO | app_logger | Login API called for user: sanju
2026-04-20 09:21:18,368 | INFO | app_logger | Login attempt for user: sanju
2026-04-20 09:21:18,473 | INFO | app_logger | Login successful for user: sanju
2026-04-20 09:21:48,004 | INFO | app_logger | Fetching all users
2026-04-20 09:21:48,005 | INFO | app_logger | Fetching all users
2026-04-20 09:21:58,968 | INFO | app_logger | Fetching all customers
2026-04-20 09:21:58,971 | INFO | app_logger | Fetching all customers from database
2026-04-20 09:21:58,990 | INFO | app_logger | Total customers fetched: 0
2026-04-20 10:30:45,469 | INFO | app_logger | Login API called for user: sanju
2026-04-20 10:30:45,475 | INFO | app_logger | Login attempt for user: sanju
2026-04-20 10:30:45,638 | INFO | app_logger | Login successful for user: sanju
2026-04-20 10:31:47,754 | INFO | app_logger | Fetching all users
2026-04-20 10:31:47,754 | INFO | app_logger | Fetching all users
2026-04-20 10:32:14,141 | INFO | app_logger | Deleting user with ID: 33
2026-04-20 10:32:14,156 | INFO | app_logger | Deleting user ID: 33
2026-04-20 10:32:14,168 | INFO | app_logger | User 33 deleted successfully
2026-04-20 10:33:07,146 | INFO | app_logger | Register API called for user: manju
2026-04-20 10:33:07,147 | INFO | app_logger | Registering user: manju
2026-04-20 10:33:07,247 | INFO | app_logger | User registered successfully: manju
2026-04-20 10:33:30,489 | INFO | app_logger | Login API called for user: manju
2026-04-20 10:33:30,489 | INFO | app_logger | Login attempt for user: manju
2026-04-20 10:33:30,563 | INFO | app_logger | Login successful for user: manju
2026-04-20 10:34:36,847 | INFO | app_logger | Fetching user count
2026-04-20 10:34:36,857 | INFO | app_logger | Total users count: 1
2026-04-20 10:35:15,587 | INFO | app_logger | Creating customer: abhi
2026-04-20 10:35:15,587 | INFO | app_logger | Creating customer: abhi
2026-04-20 10:35:15,600 | INFO | app_logger | Customer created with ID: 36
2026-04-20 10:35:30,749 | INFO | app_logger | Fetching customer ID: 36
2026-04-20 10:35:30,749 | INFO | app_logger | Fetching customer with ID: 36
2026-04-20 10:36:15,732 | INFO | app_logger | Adding address for customer ID: 36
2026-04-20 10:36:15,747 | INFO | app_logger | Adding address for customer ID: 36
2026-04-20 10:36:15,765 | INFO | app_logger | Address created with ID: 14
2026-04-20 10:37:36,148 | INFO | app_logger | Login API called for user: sanju
2026-04-20 10:37:36,148 | INFO | app_logger | Login attempt for user: sanju
2026-04-20 10:37:36,150 | ERROR | app_logger | Invalid login for user: sanju
2026-04-20 10:37:36,153 | ERROR | app_logger | Custom Error: Invalid credentials | Status Code: 401
2026-04-20 10:38:10,345 | INFO | app_logger | Login API called for user: manju
2026-04-20 10:38:10,345 | INFO | app_logger | Login attempt for user: manju
2026-04-20 10:38:10,435 | INFO | app_logger | Login successful for user: manju
2026-04-20 10:38:42,671 | INFO | app_logger | Fetching all users
2026-04-20 10:38:42,671 | INFO | app_logger | Fetching all users
2026-04-20 10:38:55,189 | INFO | app_logger | Fetching all customers
2026-04-20 10:38:55,195 | INFO | app_logger | Fetching all customers from database
2026-04-20 10:38:55,205 | INFO | app_logger | Total customers fetched: 1
2026-04-20 10:39:10,171 | INFO | app_logger | Deleting customer ID: 36
2026-04-20 10:39:10,171 | INFO | app_logger | Deleting customer ID: 36
2026-04-20 10:39:10,187 | INFO | app_logger | Customer 36 deleted successfully
2026-04-20 10:39:22,987 | INFO | app_logger | Fetching all customers
2026-04-20 10:39:22,987 | INFO | app_logger | Fetching all customers from database
2026-04-20 10:39:22,992 | INFO | app_logger | Total customers fetched: 0
2026-04-20 10:40:38,695 | INFO | app_logger | Fetching all customers
2026-04-20 10:40:38,695 | INFO | app_logger | Fetching all customers from database
2026-04-20 10:40:38,697 | INFO | app_logger | Total customers fetched: 0
2026-04-20 11:49:02,478 | INFO | app_logger | Home endpoint accessed
2026-04-20 14:43:01,902 | INFO | root | Home endpoint accessed
2026-04-20 14:43:57,917 | INFO | routers.auth_routes | Login API called for user: sanju
2026-04-20 14:43:57,917 | INFO | services.auth_service | Login attempt for user: sanju
2026-04-20 14:43:57,928 | WARNING | services.auth_service | Invalid login attempt for user: sanju
2026-04-20 14:43:57,928 | ERROR | root | Custom Error: Invalid credentials | Status Code: 401
2026-04-20 14:44:08,403 | INFO | routers.auth_routes | Login API called for user: sanju
2026-04-20 14:44:08,403 | INFO | services.auth_service | Login attempt for user: sanju
2026-04-20 14:44:08,406 | WARNING | services.auth_service | Invalid login attempt for user: sanju
2026-04-20 14:44:08,406 | ERROR | root | Custom Error: Invalid credentials | Status Code: 401
2026-04-20 14:45:01,659 | INFO | routers.auth_routes | Register API called for user: sanju
2026-04-20 14:45:01,659 | INFO | services.auth_service | Registering user: sanju
2026-04-20 14:45:01,741 | INFO | services.auth_service | User registered successfully: sanju
2026-04-20 14:45:01,744 | INFO | routers.auth_routes | User registered successfully: sanju
2026-04-20 14:45:25,907 | INFO | routers.auth_routes | Login API called for user: sanju
2026-04-20 14:45:25,907 | INFO | services.auth_service | Login attempt for user: sanju
2026-04-20 14:45:25,973 | INFO | services.auth_service | Login successful for user: sanju
2026-04-20 14:45:25,975 | INFO | routers.auth_routes | User login successful: sanju
2026-04-20 14:46:09,603 | INFO | routers.auth_routes | Fetching all users
2026-04-20 14:46:09,603 | INFO | services.auth_service | Fetching all users
2026-04-20 14:55:14,857 | INFO | root | Request: GET /docs
2026-04-20 14:55:14,857 | INFO | root | Response: 200
2026-04-20 14:55:14,952 | INFO | root | Request: GET /openapi.json
2026-04-20 14:55:15,018 | INFO | root | Response: 200
2026-04-20 14:57:16,255 | INFO | root | Request: POST /login
2026-04-20 14:57:16,362 | INFO | root | Response: 200
2026-04-20 14:59:22,827 | INFO | root | Request: GET /users
2026-04-20 14:59:22,843 | INFO | root | Response: 401
2026-04-20 14:59:49,070 | INFO | root | Request: GET /users
2026-04-20 14:59:49,116 | INFO | root | Response: 200
2026-04-20 14:59:58,947 | INFO | root | Request: GET /customers/
2026-04-20 14:59:58,968 | INFO | root | Response: 200
2026-04-20 15:24:21,564 | INFO | app_logger | Application started successfully 
2026-04-20 15:24:25,492 | INFO | app_logger | GET http://127.0.0.1:8000/docs
2026-04-20 15:24:25,494 | INFO | app_logger | Response status: 200
2026-04-20 15:24:25,762 | INFO | app_logger | GET http://127.0.0.1:8000/openapi.json
2026-04-20 15:24:25,860 | INFO | app_logger | Response status: 200
2026-04-20 15:24:41,462 | INFO | app_logger | POST http://127.0.0.1:8000/login?username=sanju&password=1234
2026-04-20 15:24:41,490 | INFO | app_logger | Login attempt: sanju
2026-04-20 15:24:41,589 | INFO | app_logger | Login successful: sanju
2026-04-20 15:24:41,591 | INFO | app_logger | Response status: 200
2026-04-20 15:25:09,540 | INFO | app_logger | GET http://127.0.0.1:8000/users
2026-04-20 15:25:09,542 | INFO | app_logger | Response status: 401
2026-04-20 15:25:37,126 | INFO | app_logger | POST http://127.0.0.1:8000/login?username=sanju1&password=1234
2026-04-20 15:25:37,127 | INFO | app_logger | Login attempt: sanju1
2026-04-20 15:25:37,129 | WARNING | app_logger | User not found: sanju1
2026-04-20 15:25:37,130 | ERROR | app_logger | Invalid login for: sanju1
2026-04-20 15:25:37,131 | ERROR | app_logger | Invalid credentials | Status Code: 401
2026-04-20 15:25:37,143 | INFO | app_logger | Response status: 401
2026-04-20 15:26:30,218 | INFO | app_logger | POST http://127.0.0.1:8000/login?username=sanju&password=1234
2026-04-20 15:26:30,220 | INFO | app_logger | Login attempt: sanju
2026-04-20 15:26:30,316 | INFO | app_logger | Login successful: sanju
2026-04-20 15:26:30,319 | INFO | app_logger | Response status: 200
2026-04-20 15:27:09,767 | INFO | app_logger | GET http://127.0.0.1:8000/users/count
2026-04-20 15:27:09,795 | INFO | app_logger | User count: 2
2026-04-20 15:27:09,799 | INFO | app_logger | Response status: 200
2026-04-20 15:27:55,926 | INFO | app_logger | GET http://127.0.0.1:8000/users
2026-04-20 15:27:55,931 | INFO | app_logger | Fetching all users
2026-04-20 15:27:55,943 | DEBUG | app_logger | Total users fetched: 2
2026-04-20 15:27:55,948 | INFO | app_logger | Response status: 200
2026-04-20 15:28:44,986 | INFO | app_logger | POST http://127.0.0.1:8000/customers/
2026-04-20 15:28:45,018 | CRITICAL | app_logger | Unhandled Exception: 1 validation error:
  {'type': 'get_attribute_error', 'loc': ('response', 'addresses'), 'msg': "Error extracting attribute: DetachedInstanceError: Parent instance <Customer at 0x26276baadd0> is not bound to a Session; lazy load operation of attribute 'addresses' cannot proceed (Background on this error at: https://sqlalche.me/e/20/bhk3)", 'input': <models.customer.Customer object at 0x0000026276BAADD0>, 'ctx': {'error': "DetachedInstanceError: Parent instance <Customer at 0x26276baadd0> is not bound to a Session; lazy load operation of attribute 'addresses' cannot proceed (Background on this error at: https://sqlalche.me/e/20/bhk3)"}}

  File "C:\Users\User\Desktop\customer_api\routers\customer_router.py", line 17, in create
    POST /customers/
2026-04-20 15:29:00,342 | INFO | app_logger | POST http://127.0.0.1:8000/customers/
2026-04-20 15:29:00,354 | CRITICAL | app_logger | Unhandled Exception: 1 validation error:
  {'type': 'get_attribute_error', 'loc': ('response', 'addresses'), 'msg': "Error extracting attribute: DetachedInstanceError: Parent instance <Customer at 0x26276ba9090> is not bound to a Session; lazy load operation of attribute 'addresses' cannot proceed (Background on this error at: https://sqlalche.me/e/20/bhk3)", 'input': <models.customer.Customer object at 0x0000026276BA9090>, 'ctx': {'error': "DetachedInstanceError: Parent instance <Customer at 0x26276ba9090> is not bound to a Session; lazy load operation of attribute 'addresses' cannot proceed (Background on this error at: https://sqlalche.me/e/20/bhk3)"}}

  File "C:\Users\User\Desktop\customer_api\routers\customer_router.py", line 17, in create
    POST /customers/
2026-04-20 15:29:16,533 | INFO | app_logger | POST http://127.0.0.1:8000/customers/
2026-04-20 15:29:16,544 | CRITICAL | app_logger | Unhandled Exception: 1 validation error:
  {'type': 'get_attribute_error', 'loc': ('response', 'addresses'), 'msg': "Error extracting attribute: DetachedInstanceError: Parent instance <Customer at 0x26276cfc0d0> is not bound to a Session; lazy load operation of attribute 'addresses' cannot proceed (Background on this error at: https://sqlalche.me/e/20/bhk3)", 'input': <models.customer.Customer object at 0x0000026276CFC0D0>, 'ctx': {'error': "DetachedInstanceError: Parent instance <Customer at 0x26276cfc0d0> is not bound to a Session; lazy load operation of attribute 'addresses' cannot proceed (Background on this error at: https://sqlalche.me/e/20/bhk3)"}}

  File "C:\Users\User\Desktop\customer_api\routers\customer_router.py", line 17, in create
    POST /customers/
2026-04-20 15:29:45,257 | INFO | app_logger | POST http://127.0.0.1:8000/customers/
2026-04-20 15:29:45,269 | CRITICAL | app_logger | Unhandled Exception: 1 validation error:
  {'type': 'get_attribute_error', 'loc': ('response', 'addresses'), 'msg': "Error extracting attribute: DetachedInstanceError: Parent instance <Customer at 0x26276cff490> is not bound to a Session; lazy load operation of attribute 'addresses' cannot proceed (Background on this error at: https://sqlalche.me/e/20/bhk3)", 'input': <models.customer.Customer object at 0x0000026276CFF490>, 'ctx': {'error': "DetachedInstanceError: Parent instance <Customer at 0x26276cff490> is not bound to a Session; lazy load operation of attribute 'addresses' cannot proceed (Background on this error at: https://sqlalche.me/e/20/bhk3)"}}

  File "C:\Users\User\Desktop\customer_api\routers\customer_router.py", line 17, in create
    POST /customers/
2026-04-20 15:32:00,381 | INFO | app_logger | GET http://127.0.0.1:8000/customers/
2026-04-20 15:32:00,421 | INFO | app_logger | Response status: 200
2026-04-20 15:32:22,006 | INFO | app_logger | DELETE http://127.0.0.1:8000/customers/37
2026-04-20 15:32:22,028 | INFO | app_logger | Response status: 200
2026-04-20 15:32:27,629 | INFO | app_logger | DELETE http://127.0.0.1:8000/customers/38
2026-04-20 15:32:27,642 | INFO | app_logger | Response status: 200
2026-04-20 15:32:33,680 | INFO | app_logger | DELETE http://127.0.0.1:8000/customers/39
2026-04-20 15:32:33,690 | INFO | app_logger | Response status: 200
2026-04-20 15:32:39,003 | INFO | app_logger | DELETE http://127.0.0.1:8000/customers/40
2026-04-20 15:32:39,031 | INFO | app_logger | Response status: 200
2026-04-20 15:32:44,432 | INFO | app_logger | POST http://127.0.0.1:8000/customers/
2026-04-20 15:32:44,442 | CRITICAL | app_logger | Unhandled Exception: 1 validation error:
  {'type': 'get_attribute_error', 'loc': ('response', 'addresses'), 'msg': "Error extracting attribute: DetachedInstanceError: Parent instance <Customer at 0x26276d24d50> is not bound to a Session; lazy load operation of attribute 'addresses' cannot proceed (Background on this error at: https://sqlalche.me/e/20/bhk3)", 'input': <models.customer.Customer object at 0x0000026276D24D50>, 'ctx': {'error': "DetachedInstanceError: Parent instance <Customer at 0x26276d24d50> is not bound to a Session; lazy load operation of attribute 'addresses' cannot proceed (Background on this error at: https://sqlalche.me/e/20/bhk3)"}}

  File "C:\Users\User\Desktop\customer_api\routers\customer_router.py", line 17, in create
    POST /customers/
2026-04-20 15:32:52,506 | INFO | app_logger | DELETE http://127.0.0.1:8000/customers/41
2026-04-20 15:32:52,513 | INFO | app_logger | Response status: 200
2026-04-20 15:42:55,096 | INFO | app_logger | GET http://127.0.0.1:8000/docs
2026-04-20 15:42:55,096 | INFO | app_logger | Response status: 200
2026-04-20 15:42:55,181 | INFO | app_logger | GET http://127.0.0.1:8000/openapi.json
2026-04-20 15:42:55,182 | INFO | app_logger | Response status: 200
2026-04-20 15:43:28,463 | INFO | app_logger | POST http://127.0.0.1:8000/customers/
2026-04-20 15:43:28,464 | INFO | app_logger | Response status: 401
2026-04-20 15:43:46,956 | INFO | app_logger | POST http://127.0.0.1:8000/login?username=manju&password=1234
2026-04-20 15:43:46,956 | INFO | app_logger | Login attempt: manju
2026-04-20 15:43:47,012 | INFO | app_logger | Login successful: manju
2026-04-20 15:43:47,016 | INFO | app_logger | Response status: 200
2026-04-20 15:44:16,286 | INFO | app_logger | POST http://127.0.0.1:8000/customers/
2026-04-20 15:44:16,298 | CRITICAL | app_logger | Unhandled Exception: 1 validation error:
  {'type': 'get_attribute_error', 'loc': ('response', 'addresses'), 'msg': "Error extracting attribute: DetachedInstanceError: Parent instance <Customer at 0x26276d27ad0> is not bound to a Session; lazy load operation of attribute 'addresses' cannot proceed (Background on this error at: https://sqlalche.me/e/20/bhk3)", 'input': <models.customer.Customer object at 0x0000026276D27AD0>, 'ctx': {'error': "DetachedInstanceError: Parent instance <Customer at 0x26276d27ad0> is not bound to a Session; lazy load operation of attribute 'addresses' cannot proceed (Background on this error at: https://sqlalche.me/e/20/bhk3)"}}

  File "C:\Users\User\Desktop\customer_api\routers\customer_router.py", line 17, in create
    POST /customers/
2026-04-20 15:47:49,857 | INFO | app_logger | Application started successfully
2026-04-20 15:48:06,249 | INFO | app_logger | GET http://127.0.0.1:8000/
2026-04-20 15:48:06,255 | INFO | app_logger | Response status: 200
2026-04-20 15:48:16,618 | INFO | app_logger | GET http://127.0.0.1:8000/docs
2026-04-20 15:48:16,618 | INFO | app_logger | Response status: 200
2026-04-20 15:48:16,725 | INFO | app_logger | GET http://127.0.0.1:8000/openapi.json
2026-04-20 15:48:16,763 | INFO | app_logger | Response status: 200
2026-04-20 15:48:32,438 | INFO | app_logger | POST http://127.0.0.1:8000/login?username=manju&password=1234
2026-04-20 15:48:32,440 | INFO | app_logger | Login API called for user: manju
2026-04-20 15:48:32,441 | INFO | app_logger | Login attempt: manju
2026-04-20 15:48:32,482 | INFO | app_logger | Login successful: manju
2026-04-20 15:48:32,482 | INFO | app_logger | Response status: 200
2026-04-20 15:48:59,038 | INFO | app_logger | GET http://127.0.0.1:8000/customers/
2026-04-20 15:48:59,040 | DEBUG | app_logger | Token verified for user: manju
2026-04-20 15:48:59,040 | INFO | app_logger | Get all customers API called
2026-04-20 15:48:59,042 | INFO | app_logger | Fetching all customers
2026-04-20 15:48:59,049 | DEBUG | app_logger | Total customers fetched: 1
2026-04-20 15:48:59,051 | INFO | app_logger | Response status: 200
2026-04-20 15:49:12,369 | INFO | app_logger | DELETE http://127.0.0.1:8000/customers/42
2026-04-20 15:49:12,372 | DEBUG | app_logger | Token verified for user: manju
2026-04-20 15:49:12,373 | INFO | app_logger | Delete customer API called: 42
2026-04-20 15:49:12,373 | INFO | app_logger | Deleting customer ID: 42
2026-04-20 15:49:12,385 | INFO | app_logger | Customer deleted successfully: 42
2026-04-20 15:49:12,386 | INFO | app_logger | Response status: 200
2026-04-20 15:49:50,137 | INFO | app_logger | POST http://127.0.0.1:8000/customers/
2026-04-20 15:49:50,138 | DEBUG | app_logger | Token verified for user: manju
2026-04-20 15:49:50,139 | INFO | app_logger | Create customer API called
2026-04-20 15:49:50,140 | INFO | app_logger | Creating customer: sanji
2026-04-20 15:49:50,140 | DEBUG | app_logger | Customer data: name='sanji' email='abc@gmail.com' phone='9487362522'
2026-04-20 15:49:50,147 | INFO | app_logger | Customer created with ID: 43
2026-04-20 15:49:50,157 | INFO | app_logger | Response status: 200
2026-04-20 15:54:25,572 | INFO | app_logger | Application started successfully
2026-04-20 15:54:38,538 | INFO | app_logger | GET http://127.0.0.1:8000/
2026-04-20 15:54:38,546 | INFO | app_logger | Response status: 200
2026-04-20 15:54:38,627 | INFO | app_logger | GET http://127.0.0.1:8000/favicon.ico
2026-04-20 15:54:38,630 | INFO | app_logger | Response status: 404
2026-04-20 15:54:41,033 | INFO | app_logger | GET http://127.0.0.1:8000/
2026-04-20 15:54:41,035 | INFO | app_logger | Response status: 200
2026-04-20 15:54:47,146 | INFO | app_logger | GET http://127.0.0.1:8000/docs
2026-04-20 15:54:47,146 | INFO | app_logger | Response status: 200
2026-04-20 15:54:47,263 | INFO | app_logger | GET http://127.0.0.1:8000/openapi.json
2026-04-20 15:54:47,305 | INFO | app_logger | Response status: 200
2026-04-20 15:55:06,140 | INFO | app_logger | POST http://127.0.0.1:8000/login?username=manju%20&password=1234
2026-04-20 15:55:06,142 | INFO | app_logger | Login API called for user: manju 
2026-04-20 15:55:06,142 | INFO | app_logger | Login attempt: manju 
2026-04-20 15:55:06,151 | WARNING | app_logger | User not found: manju 
2026-04-20 15:55:06,151 | ERROR | app_logger | Invalid credentials | Status Code: 401
2026-04-20 15:55:06,151 | INFO | app_logger | Response status: 401
2026-04-20 15:55:21,315 | INFO | app_logger | POST http://127.0.0.1:8000/login?username=sanju&password=1234
2026-04-20 15:55:21,317 | INFO | app_logger | Login API called for user: sanju
2026-04-20 15:55:21,317 | INFO | app_logger | Login attempt: sanju
2026-04-20 15:55:21,346 | INFO | app_logger | Login successful: sanju
2026-04-20 15:55:21,346 | INFO | app_logger | Response status: 200
2026-04-20 15:55:47,235 | INFO | app_logger | GET http://127.0.0.1:8000/users
2026-04-20 15:55:47,236 | DEBUG | app_logger | Token verified for user: sanju
2026-04-20 15:55:47,239 | INFO | app_logger | Fetching all users API called
2026-04-20 15:55:47,239 | INFO | app_logger | Fetching all users
2026-04-20 15:55:47,240 | DEBUG | app_logger | Total users fetched: 2
2026-04-20 15:55:47,242 | INFO | app_logger | Response status: 200
2026-04-20 15:56:00,981 | INFO | app_logger | DELETE http://127.0.0.1:8000/users/34
2026-04-20 15:56:00,984 | DEBUG | app_logger | Token verified for user: sanju
2026-04-20 15:56:00,984 | INFO | app_logger | Delete user API called for ID: 34
2026-04-20 15:56:00,984 | INFO | app_logger | Delete request for user ID: 34
2026-04-20 15:56:00,990 | INFO | app_logger | User deleted: 34
2026-04-20 15:56:00,990 | INFO | app_logger | Response status: 200
2026-04-20 15:56:17,343 | INFO | app_logger | GET http://127.0.0.1:8000/customers/
2026-04-20 15:56:17,346 | DEBUG | app_logger | Token verified for user: sanju
2026-04-20 15:56:17,352 | INFO | app_logger | Get all customers API called
2026-04-20 15:56:17,354 | INFO | app_logger | Fetching all customers
2026-04-20 15:56:17,364 | DEBUG | app_logger | Total customers fetched: 1
2026-04-20 15:56:17,366 | INFO | app_logger | Response status: 200
2026-04-20 15:56:58,274 | INFO | app_logger | POST http://127.0.0.1:8000/addresses/
2026-04-20 15:56:58,277 | DEBUG | app_logger | Token verified for user: sanju
2026-04-20 15:56:58,277 | INFO | app_logger | Add address API called for customer: 43
2026-04-20 15:56:58,278 | INFO | app_logger | Adding address for customer ID: 43
2026-04-20 15:56:58,278 | DEBUG | app_logger | Address data: city='BGK' state='KA' pincode='560045' customer_id=43
2026-04-20 15:56:58,286 | INFO | app_logger | Address created with ID: 15
2026-04-20 15:56:58,286 | INFO | app_logger | Response status: 200
2026-04-20 15:57:11,593 | INFO | app_logger | GET http://127.0.0.1:8000/customers/
2026-04-20 15:57:11,595 | DEBUG | app_logger | Token verified for user: sanju
2026-04-20 15:57:11,595 | INFO | app_logger | Get all customers API called
2026-04-20 15:57:11,595 | INFO | app_logger | Fetching all customers
2026-04-20 15:57:11,597 | DEBUG | app_logger | Total customers fetched: 1
2026-04-20 15:57:11,600 | INFO | app_logger | Response status: 200
2026-04-20 15:57:32,642 | INFO | app_logger | GET http://127.0.0.1:8000/customers
2026-04-20 15:57:32,642 | INFO | app_logger | Response status: 307
2026-04-20 15:57:32,646 | INFO | app_logger | GET http://127.0.0.1:8000/customers/
2026-04-20 15:57:32,647 | DEBUG | app_logger | Token verified for user: sanju
2026-04-20 15:57:32,647 | INFO | app_logger | Get all customers API called
2026-04-20 15:57:32,647 | INFO | app_logger | Fetching all customers
2026-04-20 15:57:32,649 | DEBUG | app_logger | Total customers fetched: 1
2026-04-20 15:57:32,652 | INFO | app_logger | Response status: 200
2026-04-20 19:05:46,679 | INFO | app_logger | Application started successfully 
2026-04-20 19:32:33,540 | INFO | app_logger | Application started successfully 
2026-04-20 19:32:44,121 | INFO | app_logger | Application started successfully 
2026-04-20 19:32:47,321 | INFO | app_logger | GET http://127.0.0.1:8000/docs
2026-04-20 19:32:47,325 | INFO | app_logger | Response status: 200
2026-04-20 19:32:47,481 | INFO | app_logger | GET http://127.0.0.1:8000/openapi.json
2026-04-20 19:32:47,559 | INFO | app_logger | Response status: 200
2026-04-20 19:44:56,511 | INFO | app_logger | Application started successfully 
2026-04-20 19:46:51,084 | INFO | app_logger | Application started successfully 
2026-04-20 19:47:37,541 | INFO | app_logger | Application started successfully 
2026-04-20 19:48:19,049 | INFO | app_logger | GET http://127.0.0.1:8000/docs
2026-04-20 19:48:19,051 | INFO | app_logger | Response status: 200
2026-04-20 19:48:19,147 | INFO | app_logger | GET http://127.0.0.1:8000/openapi.json
2026-04-20 19:48:19,213 | INFO | app_logger | Response status: 200
2026-04-20 19:50:53,488 | INFO | app_logger | POST http://127.0.0.1:8000/login?username=sanju&password=1234
2026-04-20 19:50:53,510 | INFO | app_logger | Login API called for user: sanju
2026-04-20 19:50:53,512 | INFO | app_logger | Login attempt: sanju
2026-04-20 19:50:53,568 | INFO | app_logger | Login successful: sanju
2026-04-20 19:50:53,570 | INFO | app_logger | Response status: 200
2026-04-20 19:51:19,271 | INFO | app_logger | GET http://127.0.0.1:8000/users
2026-04-20 19:51:19,273 | WARNING | app_logger | Invalid token attempt: Signature verification failed.
2026-04-20 19:51:19,275 | INFO | app_logger | Response status: 401
2026-04-20 19:51:47,948 | INFO | app_logger | GET http://127.0.0.1:8000/users
2026-04-20 19:51:47,950 | DEBUG | app_logger | Token verified for user: sanju
2026-04-20 19:51:47,951 | INFO | app_logger | Fetching all users API called
2026-04-20 19:51:47,951 | INFO | app_logger | Fetching all users
2026-04-20 19:51:47,953 | DEBUG | app_logger | Total users fetched: 1
2026-04-20 19:51:47,953 | INFO | app_logger | Response status: 200
2026-04-20 19:52:04,927 | INFO | app_logger | POST http://127.0.0.1:8000/customers/upload
2026-04-20 19:52:04,930 | DEBUG | app_logger | Token verified for user: sanju
2026-04-20 19:52:04,932 | INFO | app_logger | Customer CSV upload API called
2026-04-20 19:52:04,955 | INFO | app_logger | 5 customers inserted from CSV
2026-04-20 19:52:04,956 | INFO | app_logger | Response status: 200
2026-04-20 19:52:33,517 | INFO | app_logger | POST http://127.0.0.1:8000/addresses/upload
2026-04-20 19:52:33,528 | DEBUG | app_logger | Token verified for user: sanju
2026-04-20 19:52:33,529 | INFO | app_logger | Address CSV upload API called
2026-04-20 19:52:33,542 | INFO | app_logger | 0 addresses inserted from CSV
2026-04-20 19:52:33,543 | INFO | app_logger | Response status: 200
2026-04-20 19:52:47,920 | INFO | app_logger | GET http://127.0.0.1:8000/customers/?page=1&limit=10
2026-04-20 19:52:47,923 | DEBUG | app_logger | Token verified for user: sanju
2026-04-20 19:52:47,927 | INFO | app_logger | Get customers API called | Page: 1, Limit: 10
2026-04-20 19:52:47,938 | INFO | app_logger | Response status: 200
2026-04-20 19:52:58,648 | INFO | app_logger | GET http://127.0.0.1:8000/customers/?page=2&limit=1
2026-04-20 19:52:58,649 | DEBUG | app_logger | Token verified for user: sanju
2026-04-20 19:52:58,652 | INFO | app_logger | Get customers API called | Page: 2, Limit: 1
2026-04-20 19:52:58,658 | INFO | app_logger | Response status: 200
2026-04-20 19:53:07,991 | INFO | app_logger | GET http://127.0.0.1:8000/customers/?page=3&limit=2
2026-04-20 19:53:07,993 | DEBUG | app_logger | Token verified for user: sanju
2026-04-20 19:53:07,994 | INFO | app_logger | Get customers API called | Page: 3, Limit: 2
2026-04-20 19:53:07,996 | INFO | app_logger | Response status: 200
2026-04-20 19:53:16,974 | INFO | app_logger | GET http://127.0.0.1:8000/customers/?page=1&limit=10
2026-04-20 19:53:16,975 | DEBUG | app_logger | Token verified for user: sanju
2026-04-20 19:53:16,977 | INFO | app_logger | Get customers API called | Page: 1, Limit: 10
2026-04-20 19:53:16,979 | INFO | app_logger | Response status: 200
2026-04-20 19:53:36,124 | INFO | app_logger | POST http://127.0.0.1:8000/addresses/upload
2026-04-20 19:53:36,126 | DEBUG | app_logger | Token verified for user: sanju
2026-04-20 19:53:36,126 | INFO | app_logger | Address CSV upload API called
2026-04-20 19:53:36,135 | INFO | app_logger | 0 addresses inserted from CSV
2026-04-20 19:53:36,137 | INFO | app_logger | Response status: 200
2026-04-20 19:53:46,838 | INFO | app_logger | GET http://127.0.0.1:8000/customers/?page=1&limit=10
2026-04-20 19:53:46,840 | DEBUG | app_logger | Token verified for user: sanju
2026-04-20 19:53:46,840 | INFO | app_logger | Get customers API called | Page: 1, Limit: 10
2026-04-20 19:53:46,843 | INFO | app_logger | Response status: 200
2026-04-20 20:02:29,257 | INFO | app_logger | POST http://127.0.0.1:8000/customers/upload
2026-04-20 20:02:29,265 | DEBUG | app_logger | Token verified for user: sanju
2026-04-20 20:02:29,271 | INFO | app_logger | Customer CSV upload API called
2026-04-20 20:02:29,276 | INFO | app_logger | 0 customers inserted from CSV
2026-04-20 20:02:29,278 | INFO | app_logger | Response status: 200
2026-04-20 20:03:08,267 | INFO | app_logger | GET http://127.0.0.1:8000/docs
2026-04-20 20:03:08,268 | INFO | app_logger | Response status: 200
2026-04-20 20:03:08,334 | INFO | app_logger | GET http://127.0.0.1:8000/openapi.json
2026-04-20 20:03:08,335 | INFO | app_logger | Response status: 200
2026-04-20 20:03:46,496 | INFO | app_logger | Application started successfully 
2026-04-20 20:07:36,970 | INFO | app_logger | GET http://127.0.0.1:8000/docs
2026-04-20 20:07:36,974 | INFO | app_logger | Response status: 200
2026-04-20 20:07:37,080 | INFO | app_logger | GET http://127.0.0.1:8000/openapi.json
2026-04-20 20:07:37,127 | INFO | app_logger | Response status: 200
2026-04-20 20:07:39,201 | INFO | app_logger | GET http://127.0.0.1:8000/docs
2026-04-20 20:07:39,201 | INFO | app_logger | Response status: 200
2026-04-20 20:07:39,262 | INFO | app_logger | GET http://127.0.0.1:8000/openapi.json
2026-04-20 20:07:39,263 | INFO | app_logger | Response status: 200
2026-04-20 20:07:54,908 | INFO | app_logger | POST http://127.0.0.1:8000/login?username=sanju&password=1234
2026-04-20 20:07:54,917 | INFO | app_logger | Login API called for user: sanju
2026-04-20 20:07:54,917 | INFO | app_logger | Login attempt: sanju
2026-04-20 20:07:54,981 | INFO | app_logger | Login successful: sanju
2026-04-20 20:07:54,982 | INFO | app_logger | Response status: 200
2026-04-20 20:08:22,998 | INFO | app_logger | GET http://127.0.0.1:8000/customers/?page=1&limit=10
2026-04-20 20:08:23,001 | DEBUG | app_logger | Token verified for user: sanju
2026-04-20 20:08:23,003 | INFO | app_logger | Get customers API called | Page: 1, Limit: 10
2026-04-20 20:08:23,012 | INFO | app_logger | Response status: 200
2026-04-20 20:08:48,161 | INFO | app_logger | GET http://127.0.0.1:8000/users
2026-04-20 20:08:48,164 | DEBUG | app_logger | Token verified for user: sanju
2026-04-20 20:08:48,168 | INFO | app_logger | Fetching all users API called
2026-04-20 20:08:48,173 | INFO | app_logger | Fetching all users
2026-04-20 20:08:48,178 | DEBUG | app_logger | Total users fetched: 1
2026-04-20 20:08:48,181 | INFO | app_logger | Response status: 200
2026-04-20 20:09:29,901 | INFO | app_logger | GET http://127.0.0.1:8000/addresses
2026-04-20 20:09:29,901 | INFO | app_logger | Response status: 307
2026-04-20 20:09:29,902 | INFO | app_logger | GET http://127.0.0.1:8000/addresses/
2026-04-20 20:09:29,902 | INFO | app_logger | Response status: 405
2026-04-20 20:10:34,063 | INFO | app_logger | GET http://127.0.0.1:8000/login?username=sanju&password=1234
2026-04-20 20:10:34,064 | INFO | app_logger | Response status: 405
2026-04-20 20:10:39,907 | INFO | app_logger | POST http://127.0.0.1:8000/login?username=sanju&password=1234
2026-04-20 20:10:39,908 | INFO | app_logger | Login API called for user: sanju
2026-04-20 20:10:39,909 | INFO | app_logger | Login attempt: sanju
2026-04-20 20:10:39,934 | INFO | app_logger | Login successful: sanju
2026-04-20 20:10:39,935 | INFO | app_logger | Response status: 200
2026-04-20 20:11:12,578 | INFO | app_logger | GET http://127.0.0.1:8000/addresses
2026-04-20 20:11:12,579 | INFO | app_logger | Response status: 307
2026-04-20 20:11:12,579 | INFO | app_logger | GET http://127.0.0.1:8000/addresses/
2026-04-20 20:11:12,581 | INFO | app_logger | Response status: 405
2026-04-20 20:11:29,046 | INFO | app_logger | GET http://127.0.0.1:8000/addresses
2026-04-20 20:11:29,051 | INFO | app_logger | Response status: 307
2026-04-20 20:11:29,051 | INFO | app_logger | GET http://127.0.0.1:8000/addresses/
2026-04-20 20:11:29,051 | INFO | app_logger | Response status: 405
2026-04-20 22:17:34,032 | INFO | app_logger | Application started successfully 
2026-04-20 22:17:59,451 | INFO | app_logger | GET http://127.0.0.1:8000/docs
2026-04-20 22:17:59,456 | INFO | app_logger | Response status: 200
2026-04-20 22:17:59,613 | INFO | app_logger | GET http://127.0.0.1:8000/openapi.json
2026-04-20 22:17:59,648 | INFO | app_logger | Response status: 200
2026-04-20 22:58:33,596 | INFO | app_logger | Application started successfully 
2026-04-20 22:58:43,305 | INFO | app_logger | GET http://localhost/docs
2026-04-20 22:58:43,308 | INFO | app_logger | Response status: 200
2026-04-20 22:58:43,590 | INFO | app_logger | GET http://localhost/openapi.json
2026-04-20 22:58:43,644 | INFO | app_logger | Response status: 200
2026-04-21 11:42:37,759 | INFO | app_logger | Application started successfully 
2026-04-21 11:42:41,287 | INFO | app_logger | GET http://localhost/
2026-04-21 11:42:41,293 | INFO | app_logger | Response status: 200
2026-04-21 11:42:41,335 | INFO | app_logger | GET http://localhost/favicon.ico
2026-04-21 11:42:41,336 | INFO | app_logger | Response status: 404
2026-04-21 11:42:55,214 | INFO | app_logger | GET http://localhost/docs
2026-04-21 11:42:55,215 | INFO | app_logger | Response status: 200
2026-04-21 11:42:55,383 | INFO | app_logger | GET http://localhost/openapi.json
2026-04-21 11:42:55,427 | INFO | app_logger | Response status: 200
2026-04-21 11:43:43,197 | INFO | app_logger | POST http://localhost/login?username=sanju&password=1234
2026-04-21 11:43:43,207 | INFO | app_logger | Login API called for user: sanju
2026-04-21 11:43:43,207 | INFO | app_logger | Login attempt: sanju
2026-04-21 11:43:43,279 | INFO | app_logger | Login successful: sanju
2026-04-21 11:43:43,280 | INFO | app_logger | Response status: 200
2026-04-21 11:44:36,090 | INFO | app_logger | POST http://127.0.0.1:8000/login?username=sanju&password=1234
2026-04-21 11:44:36,090 | INFO | app_logger | Login API called for user: sanju
2026-04-21 11:44:36,093 | INFO | app_logger | Login attempt: sanju
2026-04-21 11:44:36,135 | INFO | app_logger | Login successful: sanju
2026-04-21 11:44:36,135 | INFO | app_logger | Response status: 200
2026-04-21 11:47:38,516 | INFO | app_logger | GET http://127.0.0.1:8000/customers/upload
2026-04-21 11:47:38,520 | DEBUG | app_logger | Token verified for user: sanju
2026-04-21 11:47:38,521 | INFO | app_logger | Response status: 422
2026-04-21 11:50:26,209 | INFO | app_logger | GET http://127.0.0.1:8000/customers/upload
2026-04-21 11:50:26,210 | DEBUG | app_logger | Token verified for user: sanju
2026-04-21 11:50:26,212 | INFO | app_logger | Response status: 422
2026-04-21 11:50:44,524 | INFO | app_logger | GET http://127.0.0.1:8000/customers/upload
2026-04-21 11:50:44,526 | DEBUG | app_logger | Token verified for user: sanju
2026-04-21 11:50:44,526 | INFO | app_logger | Response status: 422
2026-04-21 11:56:53,893 | INFO | app_logger | Application started successfully 
2026-04-21 11:56:58,195 | INFO | app_logger | Application started successfully 
2026-04-21 11:57:01,129 | INFO | app_logger | Application started successfully 
2026-04-21 11:57:04,996 | INFO | app_logger | GET http://127.0.0.1:8000/customers/upload
2026-04-21 11:57:04,998 | INFO | app_logger | Response status: 405
2026-04-21 11:57:14,305 | INFO | app_logger | POST http://127.0.0.1:8000/customers/upload
2026-04-21 11:57:14,316 | DEBUG | app_logger | Token verified for user: sanju
2026-04-21 11:57:14,318 | INFO | app_logger | Customer CSV upload API called
2026-04-21 11:57:14,354 | INFO | app_logger | 5 customers inserted from CSV
2026-04-21 11:57:14,355 | INFO | app_logger | Response status: 200
2026-04-21 11:57:26,033 | INFO | app_logger | GET http://127.0.0.1:8000/customers
2026-04-21 11:57:26,033 | INFO | app_logger | Response status: 307
2026-04-21 11:57:26,036 | INFO | app_logger | GET http://127.0.0.1:8000/customers/
2026-04-21 11:57:26,036 | DEBUG | app_logger | Token verified for user: sanju
2026-04-21 11:57:26,039 | INFO | app_logger | Get customers API called | Page: 1, Limit: 10
2026-04-21 11:57:26,048 | INFO | app_logger | Response status: 200
2026-04-21 11:59:03,404 | INFO | app_logger | GET http://127.0.0.1:8000/customers?page=1&limit=2
2026-04-21 11:59:03,404 | INFO | app_logger | Response status: 307
2026-04-21 11:59:03,408 | INFO | app_logger | GET http://127.0.0.1:8000/customers/?page=1&limit=2
2026-04-21 11:59:03,409 | DEBUG | app_logger | Token verified for user: sanju
2026-04-21 11:59:03,411 | INFO | app_logger | Get customers API called | Page: 1, Limit: 2
2026-04-21 11:59:03,413 | INFO | app_logger | Response status: 200
2026-04-21 11:59:19,347 | INFO | app_logger | GET http://127.0.0.1:8000/customers?page=2&limit=3
2026-04-21 11:59:19,349 | INFO | app_logger | Response status: 307
2026-04-21 11:59:19,350 | INFO | app_logger | GET http://127.0.0.1:8000/customers/?page=2&limit=3
2026-04-21 11:59:19,352 | DEBUG | app_logger | Token verified for user: sanju
2026-04-21 11:59:19,354 | INFO | app_logger | Get customers API called | Page: 2, Limit: 3
2026-04-21 11:59:19,357 | INFO | app_logger | Response status: 200
2026-04-21 12:00:14,861 | INFO | app_logger | GET http://127.0.0.1:8000/customers
2026-04-21 12:00:14,862 | INFO | app_logger | Response status: 307
2026-04-21 12:00:14,864 | INFO | app_logger | GET http://127.0.0.1:8000/customers/
2026-04-21 12:00:14,866 | DEBUG | app_logger | Token verified for user: sanju
2026-04-21 12:00:14,866 | INFO | app_logger | Get customers API called | Page: 1, Limit: 10
2026-04-21 12:00:14,870 | INFO | app_logger | Response status: 200
2026-04-21 12:00:40,531 | INFO | app_logger | GET http://127.0.0.1:8000/customers?page=1&limit=2
2026-04-21 12:00:40,533 | INFO | app_logger | Response status: 307
2026-04-21 12:00:40,536 | INFO | app_logger | GET http://127.0.0.1:8000/customers/?page=1&limit=2
2026-04-21 12:00:40,537 | DEBUG | app_logger | Token verified for user: sanju
2026-04-21 12:00:40,539 | INFO | app_logger | Get customers API called | Page: 1, Limit: 2
2026-04-21 12:00:40,542 | INFO | app_logger | Response status: 200
2026-04-21 12:01:03,206 | INFO | app_logger | GET http://127.0.0.1:8000/customers?page=2&limit=2
2026-04-21 12:01:03,206 | INFO | app_logger | Response status: 307
2026-04-21 12:01:03,209 | INFO | app_logger | GET http://127.0.0.1:8000/customers/?page=2&limit=2
2026-04-21 12:01:03,210 | DEBUG | app_logger | Token verified for user: sanju
2026-04-21 12:01:03,212 | INFO | app_logger | Get customers API called | Page: 2, Limit: 2
2026-04-21 12:01:03,214 | INFO | app_logger | Response status: 200
2026-04-21 12:01:18,167 | INFO | app_logger | GET http://127.0.0.1:8000/customers?page=2&limit=3
2026-04-21 12:01:18,167 | INFO | app_logger | Response status: 307
2026-04-21 12:01:18,168 | INFO | app_logger | GET http://127.0.0.1:8000/customers/?page=2&limit=3
2026-04-21 12:01:18,170 | DEBUG | app_logger | Token verified for user: sanju
2026-04-21 12:01:18,171 | INFO | app_logger | Get customers API called | Page: 2, Limit: 3
2026-04-21 12:01:18,175 | INFO | app_logger | Response status: 200
2026-04-21 12:02:40,060 | INFO | app_logger | Application started successfully 
2026-04-21 12:02:44,543 | INFO | app_logger | Application started successfully 
2026-04-21 12:03:01,286 | INFO | app_logger | GET http://127.0.0.1:8000/customers?page=2&limit=3
2026-04-21 12:03:01,286 | INFO | app_logger | Response status: 307
2026-04-21 12:03:01,290 | INFO | app_logger | GET http://127.0.0.1:8000/customers/?page=2&limit=3
2026-04-21 12:03:01,294 | DEBUG | app_logger | Token verified for user: sanju
2026-04-21 12:03:01,294 | INFO | app_logger | Get customers API called | Page: 2, Limit: 3
2026-04-21 12:03:01,310 | INFO | app_logger | Response status: 200
2026-04-21 12:03:16,359 | INFO | app_logger | Application started successfully 
2026-04-21 12:04:59,897 | INFO | app_logger | GET http://127.0.0.1:8000/customers?page=1&limit=5
2026-04-21 12:04:59,898 | INFO | app_logger | Response status: 307
2026-04-21 12:04:59,901 | INFO | app_logger | GET http://127.0.0.1:8000/customers/?page=1&limit=5
2026-04-21 12:04:59,908 | DEBUG | app_logger | Token verified for user: sanju
2026-04-21 12:04:59,909 | INFO | app_logger | Get customers API called | Page: 1, Limit: 5
2026-04-21 12:04:59,928 | INFO | app_logger | Response status: 200
2026-04-21 12:05:09,834 | INFO | app_logger | GET http://127.0.0.1:8000/customers?page=2&limit=5
2026-04-21 12:05:09,835 | INFO | app_logger | Response status: 307
2026-04-21 12:05:09,836 | INFO | app_logger | GET http://127.0.0.1:8000/customers/?page=2&limit=5
2026-04-21 12:05:09,839 | DEBUG | app_logger | Token verified for user: sanju
2026-04-21 12:05:09,840 | INFO | app_logger | Get customers API called | Page: 2, Limit: 5
2026-04-21 12:05:09,843 | INFO | app_logger | Response status: 200
2026-04-21 12:05:19,443 | INFO | app_logger | GET http://127.0.0.1:8000/customers?page=1&limit=3
2026-04-21 12:05:19,444 | INFO | app_logger | Response status: 307
2026-04-21 12:05:19,445 | INFO | app_logger | GET http://127.0.0.1:8000/customers/?page=1&limit=3
2026-04-21 12:05:19,447 | DEBUG | app_logger | Token verified for user: sanju
2026-04-21 12:05:19,448 | INFO | app_logger | Get customers API called | Page: 1, Limit: 3
2026-04-21 12:05:19,452 | INFO | app_logger | Response status: 200
2026-04-21 12:05:28,039 | INFO | app_logger | GET http://127.0.0.1:8000/customers?page=2&limit=3
2026-04-21 12:05:28,039 | INFO | app_logger | Response status: 307
2026-04-21 12:05:28,041 | INFO | app_logger | GET http://127.0.0.1:8000/customers/?page=2&limit=3
2026-04-21 12:05:28,043 | DEBUG | app_logger | Token verified for user: sanju
2026-04-21 12:05:28,044 | INFO | app_logger | Get customers API called | Page: 2, Limit: 3
2026-04-21 12:05:28,047 | INFO | app_logger | Response status: 200
2026-04-21 12:05:38,994 | INFO | app_logger | GET http://127.0.0.1:8000/customers?page=2&limit=2
2026-04-21 12:05:38,994 | INFO | app_logger | Response status: 307
2026-04-21 12:05:38,997 | INFO | app_logger | GET http://127.0.0.1:8000/customers/?page=2&limit=2
2026-04-21 12:05:38,998 | DEBUG | app_logger | Token verified for user: sanju
2026-04-21 12:05:38,999 | INFO | app_logger | Get customers API called | Page: 2, Limit: 2
2026-04-21 12:05:39,001 | INFO | app_logger | Response status: 200
2026-04-21 14:48:50,932 | INFO | app_logger | Application started successfully 
2026-04-21 15:01:07,463 | INFO | app_logger | Application started successfully 
2026-04-21 15:01:14,055 | INFO | app_logger | Application started successfully 
2026-04-21 15:03:46,167 | INFO | app_logger | Application started successfully 
2026-04-21 15:06:16,449 | INFO | app_logger | GET http://localhost/
2026-04-21 15:06:16,466 | INFO | app_logger | Response status: 200
2026-04-21 15:06:26,494 | INFO | app_logger | GET http://localhost/
2026-04-21 15:06:26,497 | INFO | app_logger | Response status: 200
2026-04-21 15:06:32,433 | INFO | app_logger | GET http://localhost/docs
2026-04-21 15:06:32,437 | INFO | app_logger | Response status: 200
2026-04-21 15:06:32,678 | INFO | app_logger | GET http://localhost/openapi.json
2026-04-21 15:06:32,750 | INFO | app_logger | Response status: 200
2026-04-21 15:07:37,012 | INFO | app_logger | POST http://localhost/register
2026-04-21 15:07:37,022 | INFO | app_logger | Register API called for user: raghu
2026-04-21 15:07:37,022 | INFO | app_logger | Register attempt: raghu
2026-04-21 15:07:37,053 | ERROR | app_logger | Registration failed
Traceback (most recent call last):
  File "C:\Users\User\Desktop\customer_api\env\Lib\site-packages\sqlalchemy\engine\base.py", line 1967, in _exec_single_context
    self.dialect.do_execute(
  File "C:\Users\User\Desktop\customer_api\env\Lib\site-packages\sqlalchemy\engine\default.py", line 952, in do_execute
    cursor.execute(statement, parameters)
psycopg2.errors.UndefinedColumn: column users.role does not exist
LINE 1: ...users_username, users.password AS users_password, users.role...
                                                             ^


The above exception was the direct cause of the following exception:

Traceback (most recent call last):
  File "C:\Users\User\Desktop\customer_api\services\auth_service.py", line 17, in register_user
    existing = db.query(User).filter(User.username == username).first()
               ^^^^^^^^^^^^^^^^^^^^^^^^^^^^^^^^^^^^^^^^^^^^^^^^^^^^^^^^
  File "C:\Users\User\Desktop\customer_api\env\Lib\site-packages\sqlalchemy\orm\query.py", line 2766, in first
    return self.limit(1)._iter().first()  # type: ignore
           ^^^^^^^^^^^^^^^^^^^^^
  File "C:\Users\User\Desktop\customer_api\env\Lib\site-packages\sqlalchemy\orm\query.py", line 2864, in _iter
    result: Union[ScalarResult[_T], Result[_T]] = self.session.execute(
                                                  ^^^^^^^^^^^^^^^^^^^^^
  File "C:\Users\User\Desktop\customer_api\env\Lib\site-packages\sqlalchemy\orm\session.py", line 2351, in execute
    return self._execute_internal(
           ^^^^^^^^^^^^^^^^^^^^^^^
  File "C:\Users\User\Desktop\customer_api\env\Lib\site-packages\sqlalchemy\orm\session.py", line 2249, in _execute_internal
    result: Result[Any] = compile_state_cls.orm_execute_statement(
                          ^^^^^^^^^^^^^^^^^^^^^^^^^^^^^^^^^^^^^^^^
  File "C:\Users\User\Desktop\customer_api\env\Lib\site-packages\sqlalchemy\orm\context.py", line 306, in orm_execute_statement
    result = conn.execute(
             ^^^^^^^^^^^^^
  File "C:\Users\User\Desktop\customer_api\env\Lib\site-packages\sqlalchemy\engine\base.py", line 1419, in execute
    return meth(
           ^^^^^
  File "C:\Users\User\Desktop\customer_api\env\Lib\site-packages\sqlalchemy\sql\elements.py", line 527, in _execute_on_connection
    return connection._execute_clauseelement(
           ^^^^^^^^^^^^^^^^^^^^^^^^^^^^^^^^^^
  File "C:\Users\User\Desktop\customer_api\env\Lib\site-packages\sqlalchemy\engine\base.py", line 1641, in _execute_clauseelement
    ret = self._execute_context(
          ^^^^^^^^^^^^^^^^^^^^^^
  File "C:\Users\User\Desktop\customer_api\env\Lib\site-packages\sqlalchemy\engine\base.py", line 1846, in _execute_context
    return self._exec_single_context(
           ^^^^^^^^^^^^^^^^^^^^^^^^^^
  File "C:\Users\User\Desktop\customer_api\env\Lib\site-packages\sqlalchemy\engine\base.py", line 1986, in _exec_single_context
    self._handle_dbapi_exception(
  File "C:\Users\User\Desktop\customer_api\env\Lib\site-packages\sqlalchemy\engine\base.py", line 2363, in _handle_dbapi_exception
    raise sqlalchemy_exception.with_traceback(exc_info[2]) from e
  File "C:\Users\User\Desktop\customer_api\env\Lib\site-packages\sqlalchemy\engine\base.py", line 1967, in _exec_single_context
    self.dialect.do_execute(
  File "C:\Users\User\Desktop\customer_api\env\Lib\site-packages\sqlalchemy\engine\default.py", line 952, in do_execute
    cursor.execute(statement, parameters)
sqlalchemy.exc.ProgrammingError: (psycopg2.errors.UndefinedColumn) column users.role does not exist
LINE 1: ...users_username, users.password AS users_password, users.role...
                                                             ^

[SQL: SELECT users.id AS users_id, users.username AS users_username, users.password AS users_password, users.role AS users_role 
FROM users 
WHERE users.username = %(username_1)s 
 LIMIT %(param_1)s]
[parameters: {'username_1': 'raghu', 'param_1': 1}]
(Background on this error at: https://sqlalche.me/e/20/f405)
2026-04-21 15:07:37,083 | ERROR | app_logger | Registration failed | Status Code: 500
2026-04-21 15:07:37,083 | INFO | app_logger | Response status: 500
2026-04-21 15:07:49,116 | INFO | app_logger | POST http://localhost/register
2026-04-21 15:07:49,118 | INFO | app_logger | Register API called for user: raghu
2026-04-21 15:07:49,118 | INFO | app_logger | Register attempt: raghu
2026-04-21 15:07:49,120 | ERROR | app_logger | Registration failed
Traceback (most recent call last):
  File "C:\Users\User\Desktop\customer_api\env\Lib\site-packages\sqlalchemy\engine\base.py", line 1967, in _exec_single_context
    self.dialect.do_execute(
  File "C:\Users\User\Desktop\customer_api\env\Lib\site-packages\sqlalchemy\engine\default.py", line 952, in do_execute
    cursor.execute(statement, parameters)
psycopg2.errors.UndefinedColumn: column users.role does not exist
LINE 1: ...users_username, users.password AS users_password, users.role...
                                                             ^


The above exception was the direct cause of the following exception:

Traceback (most recent call last):
  File "C:\Users\User\Desktop\customer_api\services\auth_service.py", line 17, in register_user
    existing = db.query(User).filter(User.username == username).first()
               ^^^^^^^^^^^^^^^^^^^^^^^^^^^^^^^^^^^^^^^^^^^^^^^^^^^^^^^^
  File "C:\Users\User\Desktop\customer_api\env\Lib\site-packages\sqlalchemy\orm\query.py", line 2766, in first
    return self.limit(1)._iter().first()  # type: ignore
           ^^^^^^^^^^^^^^^^^^^^^
  File "C:\Users\User\Desktop\customer_api\env\Lib\site-packages\sqlalchemy\orm\query.py", line 2864, in _iter
    result: Union[ScalarResult[_T], Result[_T]] = self.session.execute(
                                                  ^^^^^^^^^^^^^^^^^^^^^
  File "C:\Users\User\Desktop\customer_api\env\Lib\site-packages\sqlalchemy\orm\session.py", line 2351, in execute
    return self._execute_internal(
           ^^^^^^^^^^^^^^^^^^^^^^^
  File "C:\Users\User\Desktop\customer_api\env\Lib\site-packages\sqlalchemy\orm\session.py", line 2249, in _execute_internal
    result: Result[Any] = compile_state_cls.orm_execute_statement(
                          ^^^^^^^^^^^^^^^^^^^^^^^^^^^^^^^^^^^^^^^^
  File "C:\Users\User\Desktop\customer_api\env\Lib\site-packages\sqlalchemy\orm\context.py", line 306, in orm_execute_statement
    result = conn.execute(
             ^^^^^^^^^^^^^
  File "C:\Users\User\Desktop\customer_api\env\Lib\site-packages\sqlalchemy\engine\base.py", line 1419, in execute
    return meth(
           ^^^^^
  File "C:\Users\User\Desktop\customer_api\env\Lib\site-packages\sqlalchemy\sql\elements.py", line 527, in _execute_on_connection
    return connection._execute_clauseelement(
           ^^^^^^^^^^^^^^^^^^^^^^^^^^^^^^^^^^
  File "C:\Users\User\Desktop\customer_api\env\Lib\site-packages\sqlalchemy\engine\base.py", line 1641, in _execute_clauseelement
    ret = self._execute_context(
          ^^^^^^^^^^^^^^^^^^^^^^
  File "C:\Users\User\Desktop\customer_api\env\Lib\site-packages\sqlalchemy\engine\base.py", line 1846, in _execute_context
    return self._exec_single_context(
           ^^^^^^^^^^^^^^^^^^^^^^^^^^
  File "C:\Users\User\Desktop\customer_api\env\Lib\site-packages\sqlalchemy\engine\base.py", line 1986, in _exec_single_context
    self._handle_dbapi_exception(
  File "C:\Users\User\Desktop\customer_api\env\Lib\site-packages\sqlalchemy\engine\base.py", line 2363, in _handle_dbapi_exception
    raise sqlalchemy_exception.with_traceback(exc_info[2]) from e
  File "C:\Users\User\Desktop\customer_api\env\Lib\site-packages\sqlalchemy\engine\base.py", line 1967, in _exec_single_context
    self.dialect.do_execute(
  File "C:\Users\User\Desktop\customer_api\env\Lib\site-packages\sqlalchemy\engine\default.py", line 952, in do_execute
    cursor.execute(statement, parameters)
sqlalchemy.exc.ProgrammingError: (psycopg2.errors.UndefinedColumn) column users.role does not exist
LINE 1: ...users_username, users.password AS users_password, users.role...
                                                             ^

[SQL: SELECT users.id AS users_id, users.username AS users_username, users.password AS users_password, users.role AS users_role 
FROM users 
WHERE users.username = %(username_1)s 
 LIMIT %(param_1)s]
[parameters: {'username_1': 'raghu', 'param_1': 1}]
(Background on this error at: https://sqlalche.me/e/20/f405)
2026-04-21 15:07:49,122 | ERROR | app_logger | Registration failed | Status Code: 500
2026-04-21 15:07:49,122 | INFO | app_logger | Response status: 500
2026-04-21 15:10:34,159 | INFO | app_logger | POST http://localhost/register
2026-04-21 15:10:34,170 | INFO | app_logger | Register API called for user: raghu
2026-04-21 15:10:34,170 | INFO | app_logger | Register attempt: raghu
2026-04-21 15:10:34,172 | ERROR | app_logger | Registration failed
Traceback (most recent call last):
  File "C:\Users\User\Desktop\customer_api\env\Lib\site-packages\sqlalchemy\engine\base.py", line 1967, in _exec_single_context
    self.dialect.do_execute(
  File "C:\Users\User\Desktop\customer_api\env\Lib\site-packages\sqlalchemy\engine\default.py", line 952, in do_execute
    cursor.execute(statement, parameters)
psycopg2.errors.UndefinedTable: relation "users" does not exist
LINE 2: FROM users 
             ^


The above exception was the direct cause of the following exception:

Traceback (most recent call last):
  File "C:\Users\User\Desktop\customer_api\services\auth_service.py", line 17, in register_user
    existing = db.query(User).filter(User.username == username).first()
               ^^^^^^^^^^^^^^^^^^^^^^^^^^^^^^^^^^^^^^^^^^^^^^^^^^^^^^^^
  File "C:\Users\User\Desktop\customer_api\env\Lib\site-packages\sqlalchemy\orm\query.py", line 2766, in first
    return self.limit(1)._iter().first()  # type: ignore
           ^^^^^^^^^^^^^^^^^^^^^
  File "C:\Users\User\Desktop\customer_api\env\Lib\site-packages\sqlalchemy\orm\query.py", line 2864, in _iter
    result: Union[ScalarResult[_T], Result[_T]] = self.session.execute(
                                                  ^^^^^^^^^^^^^^^^^^^^^
  File "C:\Users\User\Desktop\customer_api\env\Lib\site-packages\sqlalchemy\orm\session.py", line 2351, in execute
    return self._execute_internal(
           ^^^^^^^^^^^^^^^^^^^^^^^
  File "C:\Users\User\Desktop\customer_api\env\Lib\site-packages\sqlalchemy\orm\session.py", line 2249, in _execute_internal
    result: Result[Any] = compile_state_cls.orm_execute_statement(
                          ^^^^^^^^^^^^^^^^^^^^^^^^^^^^^^^^^^^^^^^^
  File "C:\Users\User\Desktop\customer_api\env\Lib\site-packages\sqlalchemy\orm\context.py", line 306, in orm_execute_statement
    result = conn.execute(
             ^^^^^^^^^^^^^
  File "C:\Users\User\Desktop\customer_api\env\Lib\site-packages\sqlalchemy\engine\base.py", line 1419, in execute
    return meth(
           ^^^^^
  File "C:\Users\User\Desktop\customer_api\env\Lib\site-packages\sqlalchemy\sql\elements.py", line 527, in _execute_on_connection
    return connection._execute_clauseelement(
           ^^^^^^^^^^^^^^^^^^^^^^^^^^^^^^^^^^
  File "C:\Users\User\Desktop\customer_api\env\Lib\site-packages\sqlalchemy\engine\base.py", line 1641, in _execute_clauseelement
    ret = self._execute_context(
          ^^^^^^^^^^^^^^^^^^^^^^
  File "C:\Users\User\Desktop\customer_api\env\Lib\site-packages\sqlalchemy\engine\base.py", line 1846, in _execute_context
    return self._exec_single_context(
           ^^^^^^^^^^^^^^^^^^^^^^^^^^
  File "C:\Users\User\Desktop\customer_api\env\Lib\site-packages\sqlalchemy\engine\base.py", line 1986, in _exec_single_context
    self._handle_dbapi_exception(
  File "C:\Users\User\Desktop\customer_api\env\Lib\site-packages\sqlalchemy\engine\base.py", line 2363, in _handle_dbapi_exception
    raise sqlalchemy_exception.with_traceback(exc_info[2]) from e
  File "C:\Users\User\Desktop\customer_api\env\Lib\site-packages\sqlalchemy\engine\base.py", line 1967, in _exec_single_context
    self.dialect.do_execute(
  File "C:\Users\User\Desktop\customer_api\env\Lib\site-packages\sqlalchemy\engine\default.py", line 952, in do_execute
    cursor.execute(statement, parameters)
sqlalchemy.exc.ProgrammingError: (psycopg2.errors.UndefinedTable) relation "users" does not exist
LINE 2: FROM users 
             ^

[SQL: SELECT users.id AS users_id, users.username AS users_username, users.password AS users_password, users.role AS users_role 
FROM users 
WHERE users.username = %(username_1)s 
 LIMIT %(param_1)s]
[parameters: {'username_1': 'raghu', 'param_1': 1}]
(Background on this error at: https://sqlalche.me/e/20/f405)
2026-04-21 15:10:34,187 | ERROR | app_logger | Registration failed | Status Code: 500
2026-04-21 15:10:34,189 | INFO | app_logger | Response status: 500
2026-04-21 15:10:54,320 | INFO | app_logger | Application started successfully 
2026-04-21 15:10:57,611 | INFO | app_logger | GET http://localhost/docs
2026-04-21 15:10:57,612 | INFO | app_logger | Response status: 200
2026-04-21 15:10:57,722 | INFO | app_logger | GET http://localhost/openapi.json
2026-04-21 15:10:57,776 | INFO | app_logger | Response status: 200
2026-04-21 15:11:33,576 | INFO | app_logger | POST http://localhost/register
2026-04-21 15:11:33,589 | INFO | app_logger | Register API called for user: raghu
2026-04-21 15:11:33,589 | INFO | app_logger | Register attempt: raghu
2026-04-21 15:11:33,689 | INFO | app_logger | User registered successfully: raghu with role: user
2026-04-21 15:11:33,693 | INFO | app_logger | Response status: 200
2026-04-21 15:12:00,262 | INFO | app_logger | POST http://localhost/login?username=raghu&password=2003
2026-04-21 15:12:00,263 | INFO | app_logger | Login API called for user: raghu
2026-04-21 15:12:00,263 | INFO | app_logger | Login attempt: raghu
2026-04-21 15:12:00,339 | INFO | app_logger | Login successful: raghu
2026-04-21 15:12:00,341 | INFO | app_logger | Response status: 200
2026-04-21 15:12:33,018 | INFO | app_logger | GET http://localhost/users
2026-04-21 15:12:33,021 | DEBUG | app_logger | Token verified for user: raghu | Role: None
2026-04-21 15:12:33,021 | INFO | app_logger | Fetching all users API called
2026-04-21 15:12:33,027 | INFO | app_logger | Fetching all users
2026-04-21 15:12:33,029 | DEBUG | app_logger | Total users fetched: 1
2026-04-21 15:12:33,033 | INFO | app_logger | Response status: 200
2026-04-21 15:13:07,394 | INFO | app_logger | POST http://localhost/customers/upload
2026-04-21 15:13:07,404 | DEBUG | app_logger | Token verified for user: raghu | Role: None
2026-04-21 15:13:07,405 | ERROR | app_logger | Error during customer CSV upload
Traceback (most recent call last):
  File "C:\Users\User\Desktop\customer_api\routers\customer_router.py", line 38, in upload_customers
    require_role(["superadmin"])(user)
  File "C:\Users\User\Desktop\customer_api\utils\role_checker.py", line 6, in checker
    raise HTTPException(status_code=403, detail="Access denied")
fastapi.exceptions.HTTPException: 403: Access denied
2026-04-21 15:13:07,409 | ERROR | app_logger | Customer upload failed | Status Code: 500
2026-04-21 15:13:07,409 | INFO | app_logger | Response status: 500
2026-04-21 15:13:22,838 | INFO | app_logger | GET http://localhost/customers/?page=1&limit=5
2026-04-21 15:13:22,839 | DEBUG | app_logger | Token verified for user: raghu | Role: None
2026-04-21 15:13:22,843 | INFO | app_logger | Fetch customers | Page: 1, Limit: 5
2026-04-21 15:13:22,844 | DEBUG | app_logger | Requested by: raghu
2026-04-21 15:13:22,854 | DEBUG | app_logger | Customers fetched: 5
2026-04-21 15:13:22,856 | INFO | app_logger | Response status: 200
2026-04-21 15:13:23,278 | INFO | app_logger | GET http://localhost/customers/?page=1&limit=5
2026-04-21 15:13:23,284 | DEBUG | app_logger | Token verified for user: raghu | Role: None
2026-04-21 15:13:23,287 | INFO | app_logger | Fetch customers | Page: 1, Limit: 5
2026-04-21 15:13:23,287 | DEBUG | app_logger | Requested by: raghu
2026-04-21 15:13:23,289 | DEBUG | app_logger | Customers fetched: 5
2026-04-21 15:13:23,295 | INFO | app_logger | Response status: 200
2026-04-21 15:13:39,313 | INFO | app_logger | DELETE http://localhost/customers/49
2026-04-21 15:13:39,315 | DEBUG | app_logger | Token verified for user: raghu | Role: None
2026-04-21 15:13:39,315 | ERROR | app_logger | Error deleting customer
Traceback (most recent call last):
  File "C:\Users\User\Desktop\customer_api\routers\customer_router.py", line 176, in remove
    require_role(["superadmin"])(user)
  File "C:\Users\User\Desktop\customer_api\utils\role_checker.py", line 6, in checker
    raise HTTPException(status_code=403, detail="Access denied")
fastapi.exceptions.HTTPException: 403: Access denied
2026-04-21 15:13:39,318 | ERROR | app_logger | Customer deletion failed | Status Code: 500
2026-04-21 15:13:39,320 | INFO | app_logger | Response status: 500
2026-04-21 15:15:59,007 | INFO | app_logger | POST http://localhost/login?username=raghu&password=2003
2026-04-21 15:15:59,012 | INFO | app_logger | Login API called for user: raghu
2026-04-21 15:15:59,012 | INFO | app_logger | Login attempt: raghu
2026-04-21 15:15:59,019 | ERROR | app_logger | Login failed
Traceback (most recent call last):
  File "C:\Users\User\Desktop\customer_api\env\Lib\site-packages\sqlalchemy\engine\base.py", line 1967, in _exec_single_context
    self.dialect.do_execute(
  File "C:\Users\User\Desktop\customer_api\env\Lib\site-packages\sqlalchemy\engine\default.py", line 952, in do_execute
    cursor.execute(statement, parameters)
psycopg2.errors.UndefinedTable: relation "users" does not exist
LINE 2: FROM users 
             ^


The above exception was the direct cause of the following exception:

Traceback (most recent call last):
  File "C:\Users\User\Desktop\customer_api\services\auth_service.py", line 70, in login_user
    user = db.query(User).filter(User.username == username).first()
           ^^^^^^^^^^^^^^^^^^^^^^^^^^^^^^^^^^^^^^^^^^^^^^^^^^^^^^^^
  File "C:\Users\User\Desktop\customer_api\env\Lib\site-packages\sqlalchemy\orm\query.py", line 2766, in first
    return self.limit(1)._iter().first()  # type: ignore
           ^^^^^^^^^^^^^^^^^^^^^
  File "C:\Users\User\Desktop\customer_api\env\Lib\site-packages\sqlalchemy\orm\query.py", line 2864, in _iter
    result: Union[ScalarResult[_T], Result[_T]] = self.session.execute(
                                                  ^^^^^^^^^^^^^^^^^^^^^
  File "C:\Users\User\Desktop\customer_api\env\Lib\site-packages\sqlalchemy\orm\session.py", line 2351, in execute
    return self._execute_internal(
           ^^^^^^^^^^^^^^^^^^^^^^^
  File "C:\Users\User\Desktop\customer_api\env\Lib\site-packages\sqlalchemy\orm\session.py", line 2249, in _execute_internal
    result: Result[Any] = compile_state_cls.orm_execute_statement(
                          ^^^^^^^^^^^^^^^^^^^^^^^^^^^^^^^^^^^^^^^^
  File "C:\Users\User\Desktop\customer_api\env\Lib\site-packages\sqlalchemy\orm\context.py", line 306, in orm_execute_statement
    result = conn.execute(
             ^^^^^^^^^^^^^
  File "C:\Users\User\Desktop\customer_api\env\Lib\site-packages\sqlalchemy\engine\base.py", line 1419, in execute
    return meth(
           ^^^^^
  File "C:\Users\User\Desktop\customer_api\env\Lib\site-packages\sqlalchemy\sql\elements.py", line 527, in _execute_on_connection
    return connection._execute_clauseelement(
           ^^^^^^^^^^^^^^^^^^^^^^^^^^^^^^^^^^
  File "C:\Users\User\Desktop\customer_api\env\Lib\site-packages\sqlalchemy\engine\base.py", line 1641, in _execute_clauseelement
    ret = self._execute_context(
          ^^^^^^^^^^^^^^^^^^^^^^
  File "C:\Users\User\Desktop\customer_api\env\Lib\site-packages\sqlalchemy\engine\base.py", line 1846, in _execute_context
    return self._exec_single_context(
           ^^^^^^^^^^^^^^^^^^^^^^^^^^
  File "C:\Users\User\Desktop\customer_api\env\Lib\site-packages\sqlalchemy\engine\base.py", line 1986, in _exec_single_context
    self._handle_dbapi_exception(
  File "C:\Users\User\Desktop\customer_api\env\Lib\site-packages\sqlalchemy\engine\base.py", line 2363, in _handle_dbapi_exception
    raise sqlalchemy_exception.with_traceback(exc_info[2]) from e
  File "C:\Users\User\Desktop\customer_api\env\Lib\site-packages\sqlalchemy\engine\base.py", line 1967, in _exec_single_context
    self.dialect.do_execute(
  File "C:\Users\User\Desktop\customer_api\env\Lib\site-packages\sqlalchemy\engine\default.py", line 952, in do_execute
    cursor.execute(statement, parameters)
sqlalchemy.exc.ProgrammingError: (psycopg2.errors.UndefinedTable) relation "users" does not exist
LINE 2: FROM users 
             ^

[SQL: SELECT users.id AS users_id, users.username AS users_username, users.password AS users_password, users.role AS users_role 
FROM users 
WHERE users.username = %(username_1)s 
 LIMIT %(param_1)s]
[parameters: {'username_1': 'raghu', 'param_1': 1}]
(Background on this error at: https://sqlalche.me/e/20/f405)
2026-04-21 15:15:59,055 | ERROR | app_logger | Login failed | Status Code: 500
2026-04-21 15:15:59,055 | INFO | app_logger | Response status: 500
2026-04-21 15:16:05,594 | INFO | app_logger | GET http://localhost/docs
2026-04-21 15:16:05,596 | INFO | app_logger | Response status: 200
2026-04-21 15:16:05,705 | INFO | app_logger | GET http://localhost/openapi.json
2026-04-21 15:16:05,707 | INFO | app_logger | Response status: 200
2026-04-21 15:16:17,896 | INFO | app_logger | POST http://localhost/login?username=raghu&password=2003
2026-04-21 15:16:17,899 | INFO | app_logger | Login API called for user: raghu
2026-04-21 15:16:17,899 | INFO | app_logger | Login attempt: raghu
2026-04-21 15:16:17,901 | ERROR | app_logger | Login failed
Traceback (most recent call last):
  File "C:\Users\User\Desktop\customer_api\env\Lib\site-packages\sqlalchemy\engine\base.py", line 1967, in _exec_single_context
    self.dialect.do_execute(
  File "C:\Users\User\Desktop\customer_api\env\Lib\site-packages\sqlalchemy\engine\default.py", line 952, in do_execute
    cursor.execute(statement, parameters)
psycopg2.errors.UndefinedTable: relation "users" does not exist
LINE 2: FROM users 
             ^


The above exception was the direct cause of the following exception:

Traceback (most recent call last):
  File "C:\Users\User\Desktop\customer_api\services\auth_service.py", line 70, in login_user
    user = db.query(User).filter(User.username == username).first()
           ^^^^^^^^^^^^^^^^^^^^^^^^^^^^^^^^^^^^^^^^^^^^^^^^^^^^^^^^
  File "C:\Users\User\Desktop\customer_api\env\Lib\site-packages\sqlalchemy\orm\query.py", line 2766, in first
    return self.limit(1)._iter().first()  # type: ignore
           ^^^^^^^^^^^^^^^^^^^^^
  File "C:\Users\User\Desktop\customer_api\env\Lib\site-packages\sqlalchemy\orm\query.py", line 2864, in _iter
    result: Union[ScalarResult[_T], Result[_T]] = self.session.execute(
                                                  ^^^^^^^^^^^^^^^^^^^^^
  File "C:\Users\User\Desktop\customer_api\env\Lib\site-packages\sqlalchemy\orm\session.py", line 2351, in execute
    return self._execute_internal(
           ^^^^^^^^^^^^^^^^^^^^^^^
  File "C:\Users\User\Desktop\customer_api\env\Lib\site-packages\sqlalchemy\orm\session.py", line 2249, in _execute_internal
    result: Result[Any] = compile_state_cls.orm_execute_statement(
                          ^^^^^^^^^^^^^^^^^^^^^^^^^^^^^^^^^^^^^^^^
  File "C:\Users\User\Desktop\customer_api\env\Lib\site-packages\sqlalchemy\orm\context.py", line 306, in orm_execute_statement
    result = conn.execute(
             ^^^^^^^^^^^^^
  File "C:\Users\User\Desktop\customer_api\env\Lib\site-packages\sqlalchemy\engine\base.py", line 1419, in execute
    return meth(
           ^^^^^
  File "C:\Users\User\Desktop\customer_api\env\Lib\site-packages\sqlalchemy\sql\elements.py", line 527, in _execute_on_connection
    return connection._execute_clauseelement(
           ^^^^^^^^^^^^^^^^^^^^^^^^^^^^^^^^^^
  File "C:\Users\User\Desktop\customer_api\env\Lib\site-packages\sqlalchemy\engine\base.py", line 1641, in _execute_clauseelement
    ret = self._execute_context(
          ^^^^^^^^^^^^^^^^^^^^^^
  File "C:\Users\User\Desktop\customer_api\env\Lib\site-packages\sqlalchemy\engine\base.py", line 1846, in _execute_context
    return self._exec_single_context(
           ^^^^^^^^^^^^^^^^^^^^^^^^^^
  File "C:\Users\User\Desktop\customer_api\env\Lib\site-packages\sqlalchemy\engine\base.py", line 1986, in _exec_single_context
    self._handle_dbapi_exception(
  File "C:\Users\User\Desktop\customer_api\env\Lib\site-packages\sqlalchemy\engine\base.py", line 2363, in _handle_dbapi_exception
    raise sqlalchemy_exception.with_traceback(exc_info[2]) from e
  File "C:\Users\User\Desktop\customer_api\env\Lib\site-packages\sqlalchemy\engine\base.py", line 1967, in _exec_single_context
    self.dialect.do_execute(
  File "C:\Users\User\Desktop\customer_api\env\Lib\site-packages\sqlalchemy\engine\default.py", line 952, in do_execute
    cursor.execute(statement, parameters)
sqlalchemy.exc.ProgrammingError: (psycopg2.errors.UndefinedTable) relation "users" does not exist
LINE 2: FROM users 
             ^

[SQL: SELECT users.id AS users_id, users.username AS users_username, users.password AS users_password, users.role AS users_role 
FROM users 
WHERE users.username = %(username_1)s 
 LIMIT %(param_1)s]
[parameters: {'username_1': 'raghu', 'param_1': 1}]
(Background on this error at: https://sqlalche.me/e/20/f405)
2026-04-21 15:16:17,909 | ERROR | app_logger | Login failed | Status Code: 500
2026-04-21 15:16:17,909 | INFO | app_logger | Response status: 500
2026-04-21 15:24:49,880 | INFO | app_logger | Application started successfully 
2026-04-21 15:25:13,089 | INFO | app_logger | GET http://localhost/docs
2026-04-21 15:25:13,093 | INFO | app_logger | Response status: 200
2026-04-21 15:25:13,251 | INFO | app_logger | GET http://localhost/openapi.json
2026-04-21 15:25:13,350 | INFO | app_logger | Response status: 200
2026-04-21 15:25:48,060 | INFO | app_logger | POST http://localhost/register
2026-04-21 15:25:48,071 | INFO | app_logger | Register API called for user: raghu
2026-04-21 15:25:48,073 | INFO | app_logger | Register attempt: raghu
2026-04-21 15:25:48,093 | ERROR | app_logger | Registration failed
Traceback (most recent call last):
  File "C:\Users\User\Desktop\customer_api\env\Lib\site-packages\sqlalchemy\engine\base.py", line 1967, in _exec_single_context
    self.dialect.do_execute(
  File "C:\Users\User\Desktop\customer_api\env\Lib\site-packages\sqlalchemy\engine\default.py", line 952, in do_execute
    cursor.execute(statement, parameters)
psycopg2.errors.UndefinedTable: relation "users" does not exist
LINE 2: FROM users 
             ^


The above exception was the direct cause of the following exception:

Traceback (most recent call last):
  File "C:\Users\User\Desktop\customer_api\services\auth_service.py", line 17, in register_user
    existing = db.query(User).filter(User.username == username).first()
               ^^^^^^^^^^^^^^^^^^^^^^^^^^^^^^^^^^^^^^^^^^^^^^^^^^^^^^^^
  File "C:\Users\User\Desktop\customer_api\env\Lib\site-packages\sqlalchemy\orm\query.py", line 2766, in first
    return self.limit(1)._iter().first()  # type: ignore
           ^^^^^^^^^^^^^^^^^^^^^
  File "C:\Users\User\Desktop\customer_api\env\Lib\site-packages\sqlalchemy\orm\query.py", line 2864, in _iter
    result: Union[ScalarResult[_T], Result[_T]] = self.session.execute(
                                                  ^^^^^^^^^^^^^^^^^^^^^
  File "C:\Users\User\Desktop\customer_api\env\Lib\site-packages\sqlalchemy\orm\session.py", line 2351, in execute
    return self._execute_internal(
           ^^^^^^^^^^^^^^^^^^^^^^^
  File "C:\Users\User\Desktop\customer_api\env\Lib\site-packages\sqlalchemy\orm\session.py", line 2249, in _execute_internal
    result: Result[Any] = compile_state_cls.orm_execute_statement(
                          ^^^^^^^^^^^^^^^^^^^^^^^^^^^^^^^^^^^^^^^^
  File "C:\Users\User\Desktop\customer_api\env\Lib\site-packages\sqlalchemy\orm\context.py", line 306, in orm_execute_statement
    result = conn.execute(
             ^^^^^^^^^^^^^
  File "C:\Users\User\Desktop\customer_api\env\Lib\site-packages\sqlalchemy\engine\base.py", line 1419, in execute
    return meth(
           ^^^^^
  File "C:\Users\User\Desktop\customer_api\env\Lib\site-packages\sqlalchemy\sql\elements.py", line 527, in _execute_on_connection
    return connection._execute_clauseelement(
           ^^^^^^^^^^^^^^^^^^^^^^^^^^^^^^^^^^
  File "C:\Users\User\Desktop\customer_api\env\Lib\site-packages\sqlalchemy\engine\base.py", line 1641, in _execute_clauseelement
    ret = self._execute_context(
          ^^^^^^^^^^^^^^^^^^^^^^
  File "C:\Users\User\Desktop\customer_api\env\Lib\site-packages\sqlalchemy\engine\base.py", line 1846, in _execute_context
    return self._exec_single_context(
           ^^^^^^^^^^^^^^^^^^^^^^^^^^
  File "C:\Users\User\Desktop\customer_api\env\Lib\site-packages\sqlalchemy\engine\base.py", line 1986, in _exec_single_context
    self._handle_dbapi_exception(
  File "C:\Users\User\Desktop\customer_api\env\Lib\site-packages\sqlalchemy\engine\base.py", line 2363, in _handle_dbapi_exception
    raise sqlalchemy_exception.with_traceback(exc_info[2]) from e
  File "C:\Users\User\Desktop\customer_api\env\Lib\site-packages\sqlalchemy\engine\base.py", line 1967, in _exec_single_context
    self.dialect.do_execute(
  File "C:\Users\User\Desktop\customer_api\env\Lib\site-packages\sqlalchemy\engine\default.py", line 952, in do_execute
    cursor.execute(statement, parameters)
sqlalchemy.exc.ProgrammingError: (psycopg2.errors.UndefinedTable) relation "users" does not exist
LINE 2: FROM users 
             ^

[SQL: SELECT users.id AS users_id, users.username AS users_username, users.password AS users_password, users.role AS users_role 
FROM users 
WHERE users.username = %(username_1)s 
 LIMIT %(param_1)s]
[parameters: {'username_1': 'raghu', 'param_1': 1}]
(Background on this error at: https://sqlalche.me/e/20/f405)
2026-04-21 15:25:48,115 | ERROR | app_logger | Registration failed | Status Code: 500
2026-04-21 15:25:48,118 | INFO | app_logger | Response status: 500
2026-04-21 15:27:31,870 | INFO | app_logger | Application started successfully 
2026-04-21 15:28:01,657 | INFO | app_logger | GET http://localhost/docs
2026-04-21 15:28:01,661 | INFO | app_logger | Response status: 200
2026-04-21 15:28:01,767 | INFO | app_logger | GET http://localhost/openapi.json
2026-04-21 15:28:01,859 | INFO | app_logger | Response status: 200
2026-04-21 15:28:21,409 | INFO | app_logger | POST http://localhost/register
2026-04-21 15:28:21,420 | INFO | app_logger | Response status: 422
2026-04-21 15:28:39,356 | INFO | app_logger | POST http://localhost/register
2026-04-21 15:28:39,362 | INFO | app_logger | Register API called for user: raghu
2026-04-21 15:28:39,362 | INFO | app_logger | Register attempt: raghu
2026-04-21 15:28:39,503 | INFO | app_logger | User registered successfully: raghu with role: user
2026-04-21 15:28:39,504 | INFO | app_logger | Response status: 200
2026-04-21 15:29:10,297 | INFO | app_logger | POST http://localhost/login?username=raghu&password=2003
2026-04-21 15:29:10,301 | INFO | app_logger | Login API called for user: raghu
2026-04-21 15:29:10,301 | INFO | app_logger | Login attempt: raghu
2026-04-21 15:29:10,375 | INFO | app_logger | Login successful: raghu
2026-04-21 15:29:10,377 | INFO | app_logger | Response status: 200
2026-04-21 15:30:13,732 | INFO | app_logger | GET http://localhost/users
2026-04-21 15:30:13,736 | INFO | app_logger | Response status: 401
2026-04-21 15:30:16,270 | INFO | app_logger | GET http://localhost/users
2026-04-21 15:30:16,272 | INFO | app_logger | Response status: 401
2026-04-21 15:30:47,284 | INFO | app_logger | GET http://localhost/users
2026-04-21 15:30:47,289 | DEBUG | app_logger | Token verified for user: raghu | Role: user
2026-04-21 15:30:47,299 | INFO | app_logger | Fetching all users API called
2026-04-21 15:30:47,299 | INFO | app_logger | Fetching all users
2026-04-21 15:30:47,309 | DEBUG | app_logger | Total users fetched: 1
2026-04-21 15:30:47,315 | INFO | app_logger | Response status: 200
2026-04-21 15:30:56,045 | INFO | app_logger | GET http://localhost/customers/?page=1&limit=5
2026-04-21 15:30:56,050 | DEBUG | app_logger | Token verified for user: raghu | Role: user
2026-04-21 15:30:56,050 | INFO | app_logger | Fetch customers | Page: 1, Limit: 5
2026-04-21 15:30:56,053 | DEBUG | app_logger | Requested by: raghu
2026-04-21 15:30:56,073 | DEBUG | app_logger | Customers fetched: 5
2026-04-21 15:30:56,074 | INFO | app_logger | Response status: 200
2026-04-21 15:31:12,268 | INFO | app_logger | DELETE http://localhost/customers/46
2026-04-21 15:31:12,270 | DEBUG | app_logger | Token verified for user: raghu | Role: user
2026-04-21 15:31:12,276 | ERROR | app_logger | Error deleting customer
Traceback (most recent call last):
  File "C:\Users\User\Desktop\customer_api\routers\customer_router.py", line 176, in remove
    require_role(["superadmin"])(user)
  File "C:\Users\User\Desktop\customer_api\utils\role_checker.py", line 6, in checker
    raise HTTPException(status_code=403, detail="Access denied")
fastapi.exceptions.HTTPException: 403: Access denied
2026-04-21 15:31:12,278 | ERROR | app_logger | Customer deletion failed | Status Code: 500
2026-04-21 15:31:12,280 | INFO | app_logger | Response status: 500
2026-04-21 15:32:14,866 | INFO | app_logger | PUT http://localhost/customers/50
2026-04-21 15:32:14,871 | DEBUG | app_logger | Token verified for user: raghu | Role: user
2026-04-21 15:32:14,873 | ERROR | app_logger | Error updating customer
Traceback (most recent call last):
  File "C:\Users\User\Desktop\customer_api\routers\customer_router.py", line 154, in update
    require_role(["admin", "superadmin"])(user)
  File "C:\Users\User\Desktop\customer_api\utils\role_checker.py", line 6, in checker
    raise HTTPException(status_code=403, detail="Access denied")
fastapi.exceptions.HTTPException: 403: Access denied
2026-04-21 15:32:14,874 | ERROR | app_logger | Customer update failed | Status Code: 500
2026-04-21 15:32:14,874 | INFO | app_logger | Response status: 500
2026-04-21 15:33:03,072 | INFO | app_logger | GET http://127.0.0.1:8000/customers?page=2&limit=2
2026-04-21 15:33:03,074 | INFO | app_logger | Response status: 307
2026-04-21 15:33:03,078 | INFO | app_logger | GET http://127.0.0.1:8000/customers/?page=2&limit=2
2026-04-21 15:33:03,080 | DEBUG | app_logger | Token verified for user: raghu | Role: user
2026-04-21 15:33:03,083 | INFO | app_logger | Fetch customers | Page: 2, Limit: 2
2026-04-21 15:33:03,083 | DEBUG | app_logger | Requested by: raghu
2026-04-21 15:33:03,089 | DEBUG | app_logger | Customers fetched: 2
2026-04-21 15:33:03,093 | INFO | app_logger | Response status: 200
2026-04-21 15:33:27,020 | INFO | app_logger | GET http://127.0.0.1:8000/customers?page=1&limit=5
2026-04-21 15:33:27,021 | INFO | app_logger | Response status: 307
2026-04-21 15:33:27,027 | INFO | app_logger | GET http://127.0.0.1:8000/customers/?page=1&limit=5
2026-04-21 15:33:27,029 | DEBUG | app_logger | Token verified for user: raghu | Role: user
2026-04-21 15:33:27,033 | INFO | app_logger | Fetch customers | Page: 1, Limit: 5
2026-04-21 15:33:27,034 | DEBUG | app_logger | Requested by: raghu
2026-04-21 15:33:27,040 | DEBUG | app_logger | Customers fetched: 5
2026-04-21 15:33:27,040 | INFO | app_logger | Response status: 200
2026-04-21 15:34:14,567 | INFO | app_logger | GET http://localhost/docs
2026-04-21 15:34:14,568 | INFO | app_logger | Response status: 200
2026-04-21 15:34:26,243 | INFO | app_logger | GET http://localhost/docs
2026-04-21 15:34:26,245 | INFO | app_logger | Response status: 200
2026-04-21 15:34:36,790 | INFO | app_logger | GET http://127.0.0.1:8000/addresses
2026-04-21 15:34:36,793 | INFO | app_logger | Response status: 307
2026-04-21 15:34:36,795 | INFO | app_logger | GET http://127.0.0.1:8000/addresses/
2026-04-21 15:34:36,795 | INFO | app_logger | Response status: 405
2026-04-21 15:34:47,366 | INFO | app_logger | GET http://127.0.0.1:8000/customers
2026-04-21 15:34:47,369 | INFO | app_logger | Response status: 307
2026-04-21 15:34:47,371 | INFO | app_logger | GET http://127.0.0.1:8000/customers/
2026-04-21 15:34:47,378 | DEBUG | app_logger | Token verified for user: raghu | Role: user
2026-04-21 15:34:47,380 | INFO | app_logger | Fetch customers | Page: 1, Limit: 5
2026-04-21 15:34:47,382 | DEBUG | app_logger | Requested by: raghu
2026-04-21 15:34:47,390 | DEBUG | app_logger | Customers fetched: 5
2026-04-21 15:34:47,394 | INFO | app_logger | Response status: 200
2026-04-21 15:36:03,114 | INFO | app_logger | POST http://127.0.0.1:8000/customers?name=raghu&email=raghu@gmail.com&phone%20=9876543254
2026-04-21 15:36:03,116 | INFO | app_logger | Response status: 307
2026-04-21 15:36:03,125 | INFO | app_logger | POST http://127.0.0.1:8000/customers/?name=raghu&email=raghu@gmail.com&phone%20=9876543254
2026-04-21 15:36:03,135 | WARNING | app_logger | Invalid token attempt: Invalid token
2026-04-21 15:36:03,139 | INFO | app_logger | Response status: 401
2026-04-21 15:36:15,005 | INFO | app_logger | POST http://localhost/refresh
2026-04-21 15:36:15,009 | DEBUG | app_logger | Token verified for user: raghu | Role: user
2026-04-21 15:36:15,010 | INFO | app_logger | Token refresh requested for user: raghu
2026-04-21 15:36:15,011 | INFO | app_logger | Response status: 200
2026-04-21 15:36:42,046 | INFO | app_logger | POST http://127.0.0.1:8000/customers?name=raghu&email=raghu@gmail.com&phone%20=9876543254
2026-04-21 15:36:42,047 | INFO | app_logger | Response status: 307
2026-04-21 15:36:42,047 | INFO | app_logger | POST http://127.0.0.1:8000/customers/?name=raghu&email=raghu@gmail.com&phone%20=9876543254
2026-04-21 15:36:42,055 | DEBUG | app_logger | Token verified for user: raghu | Role: None
2026-04-21 15:36:42,059 | INFO | app_logger | Response status: 422
2026-04-21 15:37:52,967 | INFO | app_logger | POST http://127.0.0.1:8000/login?username=raghu&password=2003&role=user
2026-04-21 15:37:52,970 | INFO | app_logger | Login API called for user: raghu
2026-04-21 15:37:52,970 | INFO | app_logger | Login attempt: raghu
2026-04-21 15:37:53,013 | INFO | app_logger | Login successful: raghu
2026-04-21 15:37:53,015 | INFO | app_logger | Response status: 200
2026-04-21 15:38:18,528 | INFO | app_logger | GET http://127.0.0.1:8000/customers
2026-04-21 15:38:18,556 | INFO | app_logger | Response status: 307
2026-04-21 15:38:18,625 | INFO | app_logger | GET http://127.0.0.1:8000/customers/
2026-04-21 15:38:18,632 | INFO | app_logger | Response status: 401
2026-04-21 15:38:28,062 | INFO | app_logger | GET http://127.0.0.1:8000/customers
2026-04-21 15:38:28,064 | INFO | app_logger | Response status: 307
2026-04-21 15:38:28,074 | INFO | app_logger | GET http://127.0.0.1:8000/customers/
2026-04-21 15:38:28,080 | DEBUG | app_logger | Token verified for user: raghu | Role: user
2026-04-21 15:38:28,086 | INFO | app_logger | Fetch customers | Page: 1, Limit: 5
2026-04-21 15:38:28,089 | DEBUG | app_logger | Requested by: raghu
2026-04-21 15:38:28,095 | DEBUG | app_logger | Customers fetched: 5
2026-04-21 15:38:28,097 | INFO | app_logger | Response status: 200
2026-04-21 15:38:40,882 | INFO | app_logger | PUT http://127.0.0.1:8000/customers/52
2026-04-21 15:38:40,884 | DEBUG | app_logger | Token verified for user: raghu | Role: user
2026-04-21 15:38:40,885 | INFO | app_logger | Response status: 422
2026-04-21 15:39:05,594 | INFO | app_logger | PUT http://127.0.0.1:8000/customers?id=52
2026-04-21 15:39:05,594 | INFO | app_logger | Response status: 307
2026-04-21 15:39:05,599 | INFO | app_logger | PUT http://127.0.0.1:8000/customers/?id=52
2026-04-21 15:39:05,601 | INFO | app_logger | Response status: 405
2026-04-21 15:39:16,373 | INFO | app_logger | GET http://127.0.0.1:8000/customers?id=52
2026-04-21 15:39:16,376 | INFO | app_logger | Response status: 307
2026-04-21 15:39:16,379 | INFO | app_logger | GET http://127.0.0.1:8000/customers/?id=52
2026-04-21 15:39:16,383 | DEBUG | app_logger | Token verified for user: raghu | Role: user
2026-04-21 15:39:16,387 | INFO | app_logger | Fetch customers | Page: 1, Limit: 5
2026-04-21 15:39:16,387 | DEBUG | app_logger | Requested by: raghu
2026-04-21 15:39:16,391 | DEBUG | app_logger | Customers fetched: 5
2026-04-21 15:39:16,397 | INFO | app_logger | Response status: 200
2026-04-21 15:39:38,313 | INFO | app_logger | DELETE http://localhost/users/52
2026-04-21 15:39:38,315 | DEBUG | app_logger | Token verified for user: raghu | Role: user
2026-04-21 15:39:38,315 | INFO | app_logger | Delete user API called for ID: 52
2026-04-21 15:39:38,318 | INFO | app_logger | Delete request for user ID: 52
2026-04-21 15:39:38,320 | WARNING | app_logger | User not found: 52
2026-04-21 15:39:38,322 | ERROR | app_logger | User not found | Status Code: 404
2026-04-21 15:39:38,322 | INFO | app_logger | Response status: 404
2026-04-21 15:39:47,172 | INFO | app_logger | GET http://localhost/users
2026-04-21 15:39:47,174 | DEBUG | app_logger | Token verified for user: raghu | Role: user
2026-04-21 15:39:47,175 | INFO | app_logger | Fetching all users API called
2026-04-21 15:39:47,176 | INFO | app_logger | Fetching all users
2026-04-21 15:39:47,176 | DEBUG | app_logger | Total users fetched: 1
2026-04-21 15:39:47,179 | INFO | app_logger | Response status: 200
2026-04-21 15:40:01,366 | INFO | app_logger | DELETE http://localhost/customers/46
2026-04-21 15:40:01,377 | DEBUG | app_logger | Token verified for user: raghu | Role: user
2026-04-21 15:40:01,379 | ERROR | app_logger | Error deleting customer
Traceback (most recent call last):
  File "C:\Users\User\Desktop\customer_api\routers\customer_router.py", line 176, in remove
    require_role(["superadmin"])(user)
  File "C:\Users\User\Desktop\customer_api\utils\role_checker.py", line 6, in checker
    raise HTTPException(status_code=403, detail="Access denied")
fastapi.exceptions.HTTPException: 403: Access denied
2026-04-21 15:40:01,390 | ERROR | app_logger | Customer deletion failed | Status Code: 500
2026-04-21 15:40:01,404 | INFO | app_logger | Response status: 500
2026-04-21 15:48:23,268 | INFO | app_logger | Application started successfully 
2026-04-21 15:51:22,406 | INFO | app_logger | Application started successfully 
2026-04-21 15:55:51,343 | INFO | app_logger | Application started successfully 
2026-04-21 15:55:59,972 | INFO | app_logger | GET http://localhost/docs
2026-04-21 15:55:59,974 | INFO | app_logger | Response status: 200
2026-04-21 15:56:00,177 | INFO | app_logger | GET http://localhost/openapi.json
2026-04-21 15:56:00,263 | INFO | app_logger | Response status: 200
2026-04-21 16:09:56,246 | INFO | app_logger | POST http://localhost/login?username=raghu&password=2003
2026-04-21 16:09:56,255 | INFO | app_logger | Login API called for user: raghu
2026-04-21 16:09:56,255 | INFO | app_logger | Login attempt: raghu
2026-04-21 16:09:56,302 | INFO | app_logger | Login successful: raghu
2026-04-21 16:09:56,303 | INFO | app_logger | Response status: 200
2026-04-21 16:10:27,990 | INFO | app_logger | DELETE http://localhost/customers/23
2026-04-21 16:10:27,993 | DEBUG | app_logger | Token verified for user: raghu | Role: user
2026-04-21 16:10:27,994 | ERROR | app_logger | Error deleting customer
Traceback (most recent call last):
  File "C:\Users\User\Desktop\customer_api\routers\customer_router.py", line 176, in remove
    require_role(["superadmin"])(user)
  File "C:\Users\User\Desktop\customer_api\utils\role_checker.py", line 6, in checker
    raise HTTPException(status_code=403, detail="Access denied")
fastapi.exceptions.HTTPException: 403: Access denied
2026-04-21 16:10:27,997 | ERROR | app_logger | Customer deletion failed | Status Code: 500
2026-04-21 16:10:27,998 | INFO | app_logger | Response status: 500
2026-04-21 16:11:02,146 | INFO | app_logger | POST http://localhost/customers/
2026-04-21 16:11:02,151 | DEBUG | app_logger | Token verified for user: raghu | Role: user
2026-04-21 16:11:02,152 | ERROR | app_logger | Error creating customer
Traceback (most recent call last):
  File "C:\Users\User\Desktop\customer_api\routers\customer_router.py", line 79, in create_customer_api
    require_role(["admin", "superadmin"])(user)
  File "C:\Users\User\Desktop\customer_api\utils\role_checker.py", line 6, in checker
    raise HTTPException(status_code=403, detail="Access denied")
fastapi.exceptions.HTTPException: 403: Access denied
2026-04-21 16:11:02,154 | ERROR | app_logger | Customer creation failed | Status Code: 500
2026-04-21 16:11:02,154 | INFO | app_logger | Response status: 500
2026-04-21 16:11:38,523 | INFO | app_logger | POST http://127.0.0.1:8000/login?username=raghu&password=2003
2026-04-21 16:11:38,525 | INFO | app_logger | Login API called for user: raghu
2026-04-21 16:11:38,526 | INFO | app_logger | Login attempt: raghu
2026-04-21 16:11:38,557 | INFO | app_logger | Login successful: raghu
2026-04-21 16:11:38,559 | INFO | app_logger | Response status: 200
2026-04-21 16:12:06,870 | INFO | app_logger | POST http://127.0.0.1:8000/customers
2026-04-21 16:12:06,871 | INFO | app_logger | Response status: 307
2026-04-21 16:12:06,874 | INFO | app_logger | POST http://127.0.0.1:8000/customers/
2026-04-21 16:12:06,877 | WARNING | app_logger | Invalid token attempt: Token expired
2026-04-21 16:12:06,879 | INFO | app_logger | Response status: 401
2026-04-21 16:12:17,383 | INFO | app_logger | POST http://127.0.0.1:8000/customers
2026-04-21 16:12:17,384 | INFO | app_logger | Response status: 307
2026-04-21 16:12:17,386 | INFO | app_logger | POST http://127.0.0.1:8000/customers/
2026-04-21 16:12:17,387 | DEBUG | app_logger | Token verified for user: raghu | Role: user
2026-04-21 16:12:17,389 | INFO | app_logger | Response status: 422
2026-04-21 16:12:47,566 | INFO | app_logger | POST http://127.0.0.1:8000/login?username=raghu&password=2003
2026-04-21 16:12:47,568 | INFO | app_logger | Login API called for user: raghu
2026-04-21 16:12:47,568 | INFO | app_logger | Login attempt: raghu
2026-04-21 16:12:47,599 | INFO | app_logger | Login successful: raghu
2026-04-21 16:12:47,601 | INFO | app_logger | Response status: 200
2026-04-21 16:13:18,871 | INFO | app_logger | DELETE http://127.0.0.1:8000/customers/36
2026-04-21 16:13:18,873 | DEBUG | app_logger | Token verified for user: raghu | Role: user
2026-04-21 16:13:18,874 | ERROR | app_logger | Error deleting customer
Traceback (most recent call last):
  File "C:\Users\User\Desktop\customer_api\routers\customer_router.py", line 176, in remove
    require_role(["superadmin"])(user)
  File "C:\Users\User\Desktop\customer_api\utils\role_checker.py", line 6, in checker
    raise HTTPException(status_code=403, detail="Access denied")
fastapi.exceptions.HTTPException: 403: Access denied
2026-04-21 16:13:18,875 | ERROR | app_logger | Customer deletion failed | Status Code: 500
2026-04-21 16:13:18,875 | INFO | app_logger | Response status: 500
2026-04-21 16:21:01,400 | INFO | app_logger | Application started successfully 
2026-04-21 16:21:06,465 | INFO | app_logger | Application started successfully 
2026-04-21 16:21:16,770 | INFO | app_logger | Application started successfully 
2026-04-21 16:21:25,899 | INFO | app_logger | GET http://localhost/docs
2026-04-21 16:21:25,899 | INFO | app_logger | Response status: 200
2026-04-21 16:21:25,991 | INFO | app_logger | GET http://localhost/openapi.json
2026-04-21 16:21:26,023 | INFO | app_logger | Response status: 200
2026-04-21 16:21:42,256 | INFO | app_logger | POST http://localhost/auth/login?username=raghu&password=2003
2026-04-21 16:21:42,265 | INFO | app_logger | Login API called for user: raghu
2026-04-21 16:21:42,265 | INFO | app_logger | Login attempt: raghu
2026-04-21 16:21:42,308 | INFO | app_logger | Login successful: raghu
2026-04-21 16:21:42,309 | INFO | app_logger | Response status: 200
2026-04-21 16:22:36,677 | INFO | app_logger | DELETE http://localhost/customers/43?user=raghu
2026-04-21 16:22:36,684 | CRITICAL | app_logger | Unhandled Exception: 'str' object has no attribute 'get'
2026-04-21 16:24:56,179 | INFO | app_logger | DELETE http://localhost/customers/43?user=user
2026-04-21 16:24:56,183 | CRITICAL | app_logger | Unhandled Exception: 'str' object has no attribute 'get'
2026-04-21 16:27:01,194 | INFO | app_logger | Application started successfully 
2026-04-21 16:27:19,537 | INFO | app_logger | Application started successfully 
2026-04-21 16:27:37,134 | INFO | app_logger | Application started successfully 
2026-04-21 17:01:55,153 | INFO | app_logger | Application started successfully 
2026-04-21 17:02:12,964 | INFO | app_logger | GET http://localhost/docs
2026-04-21 17:02:12,965 | INFO | app_logger | Response status: 200
2026-04-21 17:02:13,112 | INFO | app_logger | GET http://localhost/openapi.json
2026-04-21 17:02:13,153 | INFO | app_logger | Response status: 200
2026-04-21 17:02:24,099 | INFO | app_logger | POST http://localhost/auth/login?username=raghu&password=2003
2026-04-21 17:02:24,107 | INFO | app_logger | Login API called for user: raghu
2026-04-21 17:02:24,107 | INFO | app_logger | Login attempt: raghu
2026-04-21 17:02:24,143 | INFO | app_logger | Login successful: raghu
2026-04-21 17:02:24,144 | INFO | app_logger | Response status: 200
2026-04-21 17:02:47,677 | INFO | app_logger | DELETE http://localhost/customers/57
2026-04-21 17:02:47,681 | INFO | app_logger | Response status: 403
2026-04-21 17:30:53,711 | INFO | app_logger | Application started successfully 
2026-04-21 19:27:16,288 | INFO | app_logger | Application started successfully
2026-04-21 19:42:13,577 | INFO | app_logger | OPTIONS http://localhost:8000/customers
2026-04-21 19:42:13,578 | INFO | app_logger | OPTIONS http://localhost:8000/addresses
2026-04-21 19:42:13,581 | INFO | app_logger | Response status: 400
2026-04-21 19:42:13,582 | INFO | app_logger | Response status: 400
2026-04-21 19:44:12,746 | INFO | app_logger | Application started successfully
2026-04-21 19:46:18,160 | INFO | app_logger | Application started successfully
2026-04-21 19:47:57,055 | INFO | app_logger | GET http://localhost:8000/
2026-04-21 19:47:57,079 | INFO | app_logger | Response status: 200
2026-04-21 19:48:52,453 | INFO | app_logger | OPTIONS http://localhost:8000/auth/register
2026-04-21 19:48:52,455 | INFO | app_logger | Response status: 400
2026-04-21 19:48:56,736 | INFO | app_logger | OPTIONS http://localhost:8000/auth/register
2026-04-21 19:48:56,739 | INFO | app_logger | Response status: 400
2026-04-21 19:49:59,425 | INFO | app_logger | Application started successfully
2026-04-21 19:50:21,071 | INFO | app_logger | Application started successfully
2026-04-21 19:50:32,359 | INFO | app_logger | GET http://localhost:8000/
2026-04-21 19:50:32,378 | INFO | app_logger | Response status: 200
2026-04-21 19:50:45,099 | INFO | app_logger | POST http://localhost:8000/auth/register
2026-04-21 19:50:45,120 | INFO | app_logger | Register API called for user: sumit
2026-04-21 19:50:45,121 | INFO | app_logger | Register attempt: sumit
2026-04-21 19:50:45,839 | INFO | app_logger | User registered successfully: sumit with role: user
2026-04-21 19:50:45,839 | INFO | app_logger | Response status: 200
2026-04-21 19:51:05,570 | INFO | app_logger | POST http://localhost:8000/auth/login?username=sumit&password=sumit123
2026-04-21 19:51:05,578 | INFO | app_logger | Login API called for user: sumit
2026-04-21 19:51:05,578 | INFO | app_logger | Login attempt: sumit
2026-04-21 19:51:06,187 | INFO | app_logger | Login successful: sumit
2026-04-21 19:51:06,189 | INFO | app_logger | Response status: 200
2026-04-21 19:51:06,199 | INFO | app_logger | GET http://localhost:8000/
2026-04-21 19:51:06,199 | INFO | app_logger | Response status: 200
2026-04-21 19:51:06,204 | INFO | app_logger | GET http://localhost:8000/customers/?page=1&limit=50
2026-04-21 19:51:06,208 | INFO | app_logger | Fetch customers by sumit | page=1, limit=50
2026-04-21 19:51:06,229 | DEBUG | app_logger | Fetched 0 customers
2026-04-21 19:51:06,232 | INFO | app_logger | Response status: 200
2026-04-21 19:51:48,104 | INFO | app_logger | POST http://localhost:8000/auth/register
2026-04-21 19:51:48,113 | INFO | app_logger | Register API called for user: raghu
2026-04-21 19:51:48,113 | INFO | app_logger | Register attempt: raghu
2026-04-21 19:51:48,118 | WARNING | app_logger | User already exists: raghu
2026-04-21 19:51:48,122 | ERROR | app_logger | User already exists | Status Code: 400
2026-04-21 19:51:48,123 | INFO | app_logger | Response status: 400
2026-04-21 19:51:58,002 | INFO | app_logger | POST http://localhost:8000/auth/register
2026-04-21 19:51:58,008 | INFO | app_logger | Register API called for user: sanju
2026-04-21 19:51:58,008 | INFO | app_logger | Register attempt: sanju
2026-04-21 19:51:58,013 | WARNING | app_logger | Unauthorized role assignment attempt: admin
2026-04-21 19:51:58,017 | ERROR | app_logger | Not allowed to assign this role | Status Code: 403
2026-04-21 19:51:58,018 | INFO | app_logger | Response status: 403
2026-04-21 19:52:09,873 | INFO | app_logger | POST http://localhost:8000/auth/register
2026-04-21 19:52:09,884 | INFO | app_logger | Register API called for user: sanju
2026-04-21 19:52:09,885 | INFO | app_logger | Register attempt: sanju
2026-04-21 19:52:09,889 | WARNING | app_logger | Unauthorized role assignment attempt: superadmin
2026-04-21 19:52:09,896 | ERROR | app_logger | Not allowed to assign this role | Status Code: 403
2026-04-21 19:52:09,900 | INFO | app_logger | Response status: 403
2026-04-21 19:52:20,198 | INFO | app_logger | POST http://localhost:8000/auth/register
2026-04-21 19:52:20,210 | INFO | app_logger | Response status: 429
2026-04-21 19:52:24,539 | INFO | app_logger | GET http://localhost:8000/
2026-04-21 19:52:24,543 | INFO | app_logger | Response status: 200
2026-04-21 19:52:53,018 | INFO | app_logger | POST http://localhost:8000/auth/register
2026-04-21 19:52:53,055 | INFO | app_logger | Register API called for user: ravi
2026-04-21 19:52:53,056 | INFO | app_logger | Register attempt: ravi
2026-04-21 19:52:53,067 | WARNING | app_logger | Unauthorized role assignment attempt: superadmin
2026-04-21 19:52:53,072 | ERROR | app_logger | Not allowed to assign this role | Status Code: 403
2026-04-21 19:52:53,075 | INFO | app_logger | Response status: 403
2026-04-21 19:53:16,994 | INFO | app_logger | POST http://localhost:8000/auth/register
2026-04-21 19:53:16,999 | INFO | app_logger | Register API called for user: Raghunandan
2026-04-21 19:53:16,999 | INFO | app_logger | Register attempt: raghunandan
2026-04-21 19:53:17,004 | WARNING | app_logger | Unauthorized role assignment attempt: superadmin
2026-04-21 19:53:17,004 | ERROR | app_logger | Not allowed to assign this role | Status Code: 403
2026-04-21 19:53:17,008 | INFO | app_logger | Response status: 403
2026-04-21 19:54:26,917 | INFO | app_logger | Application started successfully
2026-04-21 19:55:46,240 | INFO | app_logger | GET http://localhost:8000/
2026-04-21 19:55:46,263 | INFO | app_logger | Response status: 200
2026-04-21 19:55:46,597 | INFO | app_logger | GET http://localhost:8000/
2026-04-21 19:55:46,599 | INFO | app_logger | Response status: 200
2026-04-21 19:55:47,105 | INFO | app_logger | GET http://localhost:8000/
2026-04-21 19:55:47,110 | INFO | app_logger | Response status: 200
2026-04-21 19:55:47,360 | INFO | app_logger | GET http://localhost:8000/
2026-04-21 19:55:47,363 | INFO | app_logger | Response status: 200
2026-04-21 19:55:47,576 | INFO | app_logger | GET http://localhost:8000/
2026-04-21 19:55:47,580 | INFO | app_logger | Response status: 200
2026-04-21 19:55:49,089 | INFO | app_logger | POST http://localhost:8000/auth/login?username=sumit&password=sumit123
2026-04-21 19:55:49,099 | INFO | app_logger | Login API called for user: sumit
2026-04-21 19:55:49,102 | INFO | app_logger | Login attempt: sumit
2026-04-21 19:55:49,788 | INFO | app_logger | Login successful: sumit
2026-04-21 19:55:49,791 | INFO | app_logger | Response status: 200
2026-04-21 19:55:49,799 | INFO | app_logger | GET http://localhost:8000/customers/?page=1&limit=50
2026-04-21 19:55:49,802 | INFO | app_logger | GET http://localhost:8000/
2026-04-21 19:55:49,808 | INFO | app_logger | Response status: 200
2026-04-21 19:55:49,813 | INFO | app_logger | Fetch customers by sumit | page=1, limit=50
2026-04-21 19:55:49,824 | DEBUG | app_logger | Fetched 0 customers
2026-04-21 19:55:49,828 | INFO | app_logger | Response status: 200
2026-04-21 19:56:12,330 | INFO | app_logger | POST http://localhost:8000/auth/register
2026-04-21 19:56:12,339 | INFO | app_logger | Register API called for user: nandan
2026-04-21 19:56:12,344 | INFO | app_logger | Register attempt: nandan
2026-04-21 19:56:12,963 | INFO | app_logger | User registered successfully: nandan with role: superadmin
2026-04-21 19:56:12,963 | INFO | app_logger | Response status: 200
2026-04-21 19:56:21,710 | INFO | app_logger | POST http://localhost:8000/auth/login?username=nandan&password=2003
2026-04-21 19:56:21,718 | INFO | app_logger | Login API called for user: nandan
2026-04-21 19:56:21,719 | INFO | app_logger | Login attempt: nandan
2026-04-21 19:56:22,323 | INFO | app_logger | Login successful: nandan
2026-04-21 19:56:22,324 | INFO | app_logger | Response status: 200
2026-04-21 19:56:22,331 | INFO | app_logger | GET http://localhost:8000/customers/?page=1&limit=50
2026-04-21 19:56:22,334 | INFO | app_logger | Fetch customers by nandan | page=1, limit=50
2026-04-21 19:56:22,338 | DEBUG | app_logger | Fetched 0 customers
2026-04-21 19:56:22,339 | INFO | app_logger | Response status: 200
2026-04-21 19:56:22,344 | INFO | app_logger | GET http://localhost:8000/
2026-04-21 19:56:22,346 | INFO | app_logger | Response status: 200
2026-04-21 19:58:01,589 | INFO | app_logger | GET http://127.0.0.1:8000/docs
2026-04-21 19:58:01,590 | INFO | app_logger | Response status: 200
2026-04-21 19:58:01,794 | INFO | app_logger | GET http://127.0.0.1:8000/openapi.json
2026-04-21 19:58:01,849 | INFO | app_logger | Response status: 200
2026-04-21 19:58:37,413 | INFO | app_logger | POST http://127.0.0.1:8000/auth/login?username=sanju&password=1234
2026-04-21 19:58:37,415 | INFO | app_logger | Login API called for user: sanju
2026-04-21 19:58:37,415 | INFO | app_logger | Login attempt: sanju
2026-04-21 19:58:37,417 | WARNING | app_logger | Invalid login attempt
2026-04-21 19:58:37,418 | ERROR | app_logger | Invalid credentials | Status Code: 401
2026-04-21 19:58:37,419 | INFO | app_logger | Response status: 401
2026-04-21 19:58:47,921 | INFO | app_logger | POST http://127.0.0.1:8000/auth/login?username=nandan&password=2003
2026-04-21 19:58:47,924 | INFO | app_logger | Login API called for user: nandan
2026-04-21 19:58:47,924 | INFO | app_logger | Login attempt: nandan
2026-04-21 19:58:48,496 | INFO | app_logger | Login successful: nandan
2026-04-21 19:58:48,496 | INFO | app_logger | Response status: 200
2026-04-21 19:59:08,626 | INFO | app_logger | GET http://127.0.0.1:8000/auth/users
2026-04-21 19:59:08,628 | INFO | app_logger | Fetching all users API called
2026-04-21 19:59:08,628 | INFO | app_logger | Fetching all users
2026-04-21 19:59:08,632 | DEBUG | app_logger | Total users fetched: 3
2026-04-21 19:59:08,632 | INFO | app_logger | Response status: 200
2026-04-21 19:59:21,130 | INFO | app_logger | GET http://127.0.0.1:8000/docs
2026-04-21 19:59:21,131 | INFO | app_logger | Response status: 200
2026-04-21 19:59:21,316 | INFO | app_logger | GET http://127.0.0.1:8000/openapi.json
2026-04-21 19:59:21,317 | INFO | app_logger | Response status: 200
2026-04-21 19:59:55,461 | INFO | app_logger | GET http://localhost:8000/customers/?page=1&limit=50
2026-04-21 19:59:55,461 | INFO | app_logger | GET http://localhost:8000/
2026-04-21 19:59:55,468 | INFO | app_logger | GET http://localhost:8000/auth/users/count
2026-04-21 19:59:55,476 | INFO | app_logger | Response status: 200
2026-04-21 19:59:55,486 | INFO | app_logger | Fetch customers by nandan | page=1, limit=50
2026-04-21 19:59:55,488 | INFO | app_logger | User count API called
2026-04-21 19:59:55,492 | DEBUG | app_logger | Fetched 0 customers
2026-04-21 19:59:55,496 | INFO | app_logger | Response status: 200
2026-04-21 19:59:55,622 | INFO | app_logger | User count: 3
2026-04-21 19:59:55,623 | INFO | app_logger | Response status: 200
2026-04-21 20:01:21,005 | INFO | app_logger | GET http://localhost:8000/
2026-04-21 20:01:21,008 | INFO | app_logger | Response status: 200
2026-04-21 20:01:21,103 | INFO | app_logger | GET http://localhost:8000/
2026-04-21 20:01:21,103 | INFO | app_logger | Response status: 200
2026-04-21 20:01:21,295 | INFO | app_logger | GET http://localhost:8000/
2026-04-21 20:01:21,299 | INFO | app_logger | Response status: 200
2026-04-21 20:01:21,440 | INFO | app_logger | GET http://localhost:8000/
2026-04-21 20:01:21,444 | INFO | app_logger | Response status: 200
2026-04-21 20:01:23,352 | INFO | app_logger | POST http://localhost:8000/auth/login?username=nandan&password=2003
2026-04-21 20:01:23,358 | INFO | app_logger | Login API called for user: nandan
2026-04-21 20:01:23,360 | INFO | app_logger | Login attempt: nandan
2026-04-21 20:01:23,967 | INFO | app_logger | Login successful: nandan
2026-04-21 20:01:23,968 | INFO | app_logger | Response status: 200
2026-04-21 20:01:23,975 | INFO | app_logger | GET http://localhost:8000/auth/users/count
2026-04-21 20:01:23,978 | INFO | app_logger | GET http://localhost:8000/
2026-04-21 20:01:23,981 | INFO | app_logger | Response status: 200
2026-04-21 20:01:23,982 | INFO | app_logger | User count API called
2026-04-21 20:01:23,984 | INFO | app_logger | User count: 3
2026-04-21 20:01:23,984 | INFO | app_logger | GET http://localhost:8000/customers/?page=1&limit=50
2026-04-21 20:01:23,987 | INFO | app_logger | Response status: 200
2026-04-21 20:01:23,991 | INFO | app_logger | Fetch customers by nandan | page=1, limit=50
2026-04-21 20:01:23,996 | DEBUG | app_logger | Fetched 0 customers
2026-04-21 20:01:23,997 | INFO | app_logger | Response status: 200
2026-04-21 20:02:19,849 | INFO | app_logger | GET http://localhost:8000/customers/?page=1&limit=50
2026-04-21 20:02:19,852 | INFO | app_logger | Fetch customers by nandan | page=1, limit=50
2026-04-21 20:02:19,855 | DEBUG | app_logger | Fetched 0 customers
2026-04-21 20:02:19,858 | INFO | app_logger | Response status: 200
2026-04-21 20:02:19,861 | INFO | app_logger | GET http://localhost:8000/auth/users/count
2026-04-21 20:02:19,868 | INFO | app_logger | User count API called
2026-04-21 20:02:19,869 | INFO | app_logger | User count: 3
2026-04-21 20:02:19,871 | INFO | app_logger | Response status: 200
2026-04-21 20:02:19,876 | INFO | app_logger | GET http://localhost:8000/
2026-04-21 20:02:19,878 | INFO | app_logger | Response status: 200
2026-04-21 20:02:27,368 | INFO | app_logger | GET http://localhost:8000/customers/?page=1&limit=50
2026-04-21 20:02:27,369 | INFO | app_logger | GET http://localhost:8000/auth/users/count
2026-04-21 20:02:27,375 | INFO | app_logger | Fetch customers by nandan | page=1, limit=50
2026-04-21 20:02:27,378 | INFO | app_logger | User count API called
2026-04-21 20:02:27,378 | DEBUG | app_logger | Fetched 0 customers
2026-04-21 20:02:27,382 | INFO | app_logger | User count: 3
2026-04-21 20:02:27,384 | INFO | app_logger | Response status: 200
2026-04-21 20:02:27,388 | INFO | app_logger | Response status: 200
2026-04-21 20:02:27,391 | INFO | app_logger | GET http://localhost:8000/
2026-04-21 20:02:27,397 | INFO | app_logger | Response status: 200
2026-04-21 20:02:44,680 | INFO | app_logger | GET http://localhost:8000/customers/?page=1&limit=50
2026-04-21 20:02:44,682 | INFO | app_logger | Fetch customers by nandan | page=1, limit=50
2026-04-21 20:02:44,685 | DEBUG | app_logger | Fetched 0 customers
2026-04-21 20:02:44,685 | INFO | app_logger | Response status: 200
2026-04-21 20:02:44,690 | INFO | app_logger | GET http://localhost:8000/auth/users/count
2026-04-21 20:02:44,691 | INFO | app_logger | User count API called
2026-04-21 20:02:44,694 | INFO | app_logger | User count: 3
2026-04-21 20:02:44,696 | INFO | app_logger | Response status: 200
2026-04-21 20:02:44,701 | INFO | app_logger | GET http://localhost:8000/
2026-04-21 20:02:44,703 | INFO | app_logger | Response status: 200
2026-04-21 20:03:20,728 | INFO | app_logger | POST http://localhost:8000/customers/
2026-04-21 20:03:20,739 | INFO | app_logger | Create customer by nandan
2026-04-21 20:03:20,739 | INFO | app_logger | Creating customer: sumit
2026-04-21 20:03:20,767 | INFO | app_logger | Response status: 200
2026-04-21 20:03:20,773 | INFO | app_logger | GET http://localhost:8000/customers/?page=1&limit=50
2026-04-21 20:03:20,778 | INFO | app_logger | Fetch customers by nandan | page=1, limit=50
2026-04-21 20:03:20,783 | DEBUG | app_logger | Fetched 1 customers
2026-04-21 20:03:20,785 | INFO | app_logger | Response status: 200
2026-04-21 20:03:39,499 | INFO | app_logger | POST http://localhost:8000/addresses/
2026-04-21 20:03:39,516 | INFO | app_logger | Add address for customer 54 by nandan
2026-04-21 20:03:39,517 | INFO | app_logger | Adding address for customer ID: 54
2026-04-21 20:03:39,544 | INFO | app_logger | Response status: 200
2026-04-21 20:03:39,556 | INFO | app_logger | GET http://localhost:8000/customers/?page=1&limit=50
2026-04-21 20:03:39,563 | INFO | app_logger | Fetch customers by nandan | page=1, limit=50
2026-04-21 20:03:39,570 | DEBUG | app_logger | Fetched 1 customers
2026-04-21 20:03:39,573 | INFO | app_logger | Response status: 200
2026-04-21 20:05:13,682 | INFO | app_logger | POST http://localhost:8000/customers/upload
2026-04-21 20:05:13,691 | INFO | app_logger | Customer CSV upload by nandan
2026-04-21 20:05:13,703 | INFO | app_logger | 5 customers inserted from CSV
2026-04-21 20:05:13,706 | INFO | app_logger | Response status: 200
2026-04-21 20:05:15,660 | INFO | app_logger | GET http://localhost:8000/customers/?page=1&limit=50
2026-04-21 20:05:15,660 | INFO | app_logger | GET http://localhost:8000/auth/users/count
2026-04-21 20:05:15,667 | INFO | app_logger | Fetch customers by nandan | page=1, limit=50
2026-04-21 20:05:15,671 | INFO | app_logger | User count API called
2026-04-21 20:05:15,673 | DEBUG | app_logger | Fetched 6 customers
2026-04-21 20:05:15,680 | INFO | app_logger | User count: 3
2026-04-21 20:05:15,682 | INFO | app_logger | Response status: 200
2026-04-21 20:05:15,683 | INFO | app_logger | Response status: 200
2026-04-21 20:06:32,407 | INFO | app_logger | GET http://localhost:8000/auth/users/count
2026-04-21 20:06:32,408 | INFO | app_logger | GET http://localhost:8000/customers/?page=1&limit=50
2026-04-21 20:06:32,410 | INFO | app_logger | GET http://localhost:8000/
2026-04-21 20:06:32,419 | INFO | app_logger | GET http://localhost:8000/auth/users
2026-04-21 20:06:32,428 | INFO | app_logger | Response status: 200
2026-04-21 20:06:32,437 | INFO | app_logger | Fetch customers by nandan | page=1, limit=50
2026-04-21 20:06:32,439 | INFO | app_logger | User count API called
2026-04-21 20:06:32,446 | INFO | app_logger | Fetching all users API called
2026-04-21 20:06:32,446 | DEBUG | app_logger | Fetched 6 customers
2026-04-21 20:06:32,446 | INFO | app_logger | User count: 3
2026-04-21 20:06:32,446 | INFO | app_logger | Fetching all users
2026-04-21 20:06:32,457 | INFO | app_logger | Response status: 200
2026-04-21 20:06:32,463 | INFO | app_logger | Response status: 200
2026-04-21 20:06:32,696 | DEBUG | app_logger | Total users fetched: 3
2026-04-21 20:06:32,699 | INFO | app_logger | Response status: 200
2026-04-21 20:06:43,536 | INFO | app_logger | DELETE http://localhost:8000/auth/users/1
2026-04-21 20:06:43,547 | INFO | app_logger | Delete user API called for ID: 1
2026-04-21 20:06:43,547 | INFO | app_logger | Delete request for user ID: 1
2026-04-21 20:06:43,556 | INFO | app_logger | User deleted successfully: 1
2026-04-21 20:06:43,559 | INFO | app_logger | Response status: 200
2026-04-21 20:06:43,567 | INFO | app_logger | GET http://localhost:8000/auth/users
2026-04-21 20:06:43,571 | INFO | app_logger | Fetching all users API called
2026-04-21 20:06:43,573 | INFO | app_logger | Fetching all users
2026-04-21 20:06:43,575 | DEBUG | app_logger | Total users fetched: 2
2026-04-21 20:06:43,578 | INFO | app_logger | Response status: 200
2026-04-21 20:06:43,589 | INFO | app_logger | GET http://localhost:8000/auth/users/count
2026-04-21 20:06:43,596 | INFO | app_logger | User count API called
2026-04-21 20:06:43,600 | INFO | app_logger | User count: 2
2026-04-21 20:06:43,604 | INFO | app_logger | Response status: 200
2026-04-21 20:06:48,658 | INFO | app_logger | DELETE http://localhost:8000/auth/users/2
2026-04-21 20:06:48,671 | INFO | app_logger | Delete user API called for ID: 2
2026-04-21 20:06:48,671 | INFO | app_logger | Delete request for user ID: 2
2026-04-21 20:06:48,678 | INFO | app_logger | User deleted successfully: 2
2026-04-21 20:06:48,679 | INFO | app_logger | Response status: 200
2026-04-21 20:06:48,685 | INFO | app_logger | GET http://localhost:8000/auth/users
2026-04-21 20:06:48,695 | INFO | app_logger | Fetching all users API called
2026-04-21 20:06:48,695 | INFO | app_logger | Fetching all users
2026-04-21 20:06:48,697 | DEBUG | app_logger | Total users fetched: 1
2026-04-21 20:06:48,699 | INFO | app_logger | Response status: 200
2026-04-21 20:06:48,703 | INFO | app_logger | GET http://localhost:8000/auth/users/count
2026-04-21 20:06:48,716 | INFO | app_logger | User count API called
2026-04-21 20:06:48,718 | INFO | app_logger | User count: 1
2026-04-21 20:06:48,719 | INFO | app_logger | Response status: 200
2026-04-21 20:06:55,251 | INFO | app_logger | DELETE http://localhost:8000/customers/57
2026-04-21 20:06:55,269 | WARNING | app_logger | Delete customer 57 by nandan
2026-04-21 20:06:55,270 | INFO | app_logger | Delete request for customer ID: 57
2026-04-21 20:06:55,358 | INFO | app_logger | Customer deleted successfully: 57
2026-04-21 20:06:55,360 | INFO | app_logger | Response status: 200
2026-04-21 20:06:55,366 | INFO | app_logger | GET http://localhost:8000/customers/?page=1&limit=50
2026-04-21 20:06:55,373 | INFO | app_logger | Fetch customers by nandan | page=1, limit=50
2026-04-21 20:06:55,375 | DEBUG | app_logger | Fetched 5 customers
2026-04-21 20:06:55,378 | INFO | app_logger | Response status: 200
2026-04-21 20:10:38,846 | INFO | app_logger | Application started successfully
2026-04-21 20:10:40,880 | INFO | app_logger | Application started successfully
2026-04-21 20:10:44,854 | INFO | app_logger | Application started successfully
2026-04-21 20:10:59,761 | INFO | app_logger | Application started successfully
2026-04-21 23:03:33,524 | INFO | app_logger | Application started successfully
2026-04-21 23:04:25,308 | INFO | app_logger | Application started successfully
2026-04-21 23:05:19,439 | INFO | app_logger | Application started successfully
2026-04-21 23:05:44,326 | INFO | app_logger | Application started successfully
2026-04-21 23:05:56,175 | INFO | app_logger | Application started successfully
2026-04-21 23:10:02,572 | INFO | app_logger | GET http://127.0.0.1:8000/docs
2026-04-21 23:10:02,576 | INFO | app_logger | Response status: 200
2026-04-21 23:10:02,728 | INFO | app_logger | GET http://127.0.0.1:8000/openapi.json
2026-04-21 23:10:02,908 | INFO | app_logger | Response status: 200
2026-04-21 23:17:08,973 | INFO | app_logger | GET http://localhost:8000/customers?page=1&limit=5
2026-04-21 23:17:08,976 | INFO | app_logger | Response status: 307
2026-04-21 23:17:08,984 | INFO | app_logger | GET http://localhost:8000/customers/?page=1&limit=5
2026-04-21 23:17:09,010 | INFO | app_logger | Response status: 401
2026-04-21 23:17:13,054 | INFO | app_logger | GET http://localhost:8000/customers?page=2&limit=5
2026-04-21 23:17:13,060 | INFO | app_logger | Response status: 307
2026-04-21 23:17:13,073 | INFO | app_logger | GET http://localhost:8000/customers/?page=2&limit=5
2026-04-21 23:17:13,078 | INFO | app_logger | Response status: 401
2026-04-21 23:17:13,805 | INFO | app_logger | GET http://localhost:8000/customers?page=3&limit=5
2026-04-21 23:17:13,807 | INFO | app_logger | Response status: 307
2026-04-21 23:17:13,814 | INFO | app_logger | GET http://localhost:8000/customers/?page=3&limit=5
2026-04-21 23:17:13,819 | INFO | app_logger | Response status: 401
2026-04-21 23:17:14,033 | INFO | app_logger | GET http://localhost:8000/customers?page=4&limit=5
2026-04-21 23:17:14,035 | INFO | app_logger | Response status: 307
2026-04-21 23:17:14,054 | INFO | app_logger | GET http://localhost:8000/customers/?page=4&limit=5
2026-04-21 23:17:14,059 | INFO | app_logger | Response status: 401
2026-04-21 23:17:15,585 | INFO | app_logger | GET http://localhost:8000/customers?page=1&limit=5
2026-04-21 23:17:15,668 | INFO | app_logger | Response status: 307
2026-04-21 23:17:15,699 | INFO | app_logger | GET http://localhost:8000/customers/?page=1&limit=5
2026-04-21 23:17:15,717 | INFO | app_logger | Response status: 401
2026-04-21 23:17:23,147 | INFO | app_logger | POST http://localhost:8000/auth/login?username=nandan&password=2003
2026-04-21 23:17:23,160 | INFO | app_logger | Login API called for user: nandan
2026-04-21 23:17:23,163 | INFO | app_logger | Login attempt: nandan
2026-04-21 23:17:23,889 | INFO | app_logger | Login successful: nandan
2026-04-21 23:17:23,889 | INFO | app_logger | Response status: 200
2026-04-21 23:17:23,896 | INFO | app_logger | GET http://localhost:8000/customers?page=1&limit=5
2026-04-21 23:17:23,899 | INFO | app_logger | Response status: 307
2026-04-21 23:17:23,903 | INFO | app_logger | GET http://localhost:8000/customers/?page=1&limit=5
2026-04-21 23:17:23,908 | INFO | app_logger | Fetch customers by nandan | page=1, limit=5
2026-04-21 23:17:23,926 | ERROR | app_logger | Error fetching customers
Traceback (most recent call last):
  File "C:\Users\User\Desktop\customer_api\env\Lib\site-packages\sqlalchemy\engine\base.py", line 1967, in _exec_single_context
    self.dialect.do_execute(
  File "C:\Users\User\Desktop\customer_api\env\Lib\site-packages\sqlalchemy\engine\default.py", line 952, in do_execute
    cursor.execute(statement, parameters)
psycopg2.errors.UndefinedColumn: column customers.age does not exist
LINE 2: ...S customers_id, customers.name AS customers_name, customers....
                                                             ^


The above exception was the direct cause of the following exception:

Traceback (most recent call last):
  File "C:\Users\User\Desktop\customer_api\backend\services\customer_service.py", line 146, in get_all_customers
    .all()
     ^^^^^
  File "C:\Users\User\Desktop\customer_api\env\Lib\site-packages\sqlalchemy\orm\query.py", line 2711, in all
    return self._iter().all()  # type: ignore
           ^^^^^^^^^^^^
  File "C:\Users\User\Desktop\customer_api\env\Lib\site-packages\sqlalchemy\orm\query.py", line 2864, in _iter
    result: Union[ScalarResult[_T], Result[_T]] = self.session.execute(
                                                  ^^^^^^^^^^^^^^^^^^^^^
  File "C:\Users\User\Desktop\customer_api\env\Lib\site-packages\sqlalchemy\orm\session.py", line 2351, in execute
    return self._execute_internal(
           ^^^^^^^^^^^^^^^^^^^^^^^
  File "C:\Users\User\Desktop\customer_api\env\Lib\site-packages\sqlalchemy\orm\session.py", line 2249, in _execute_internal
    result: Result[Any] = compile_state_cls.orm_execute_statement(
                          ^^^^^^^^^^^^^^^^^^^^^^^^^^^^^^^^^^^^^^^^
  File "C:\Users\User\Desktop\customer_api\env\Lib\site-packages\sqlalchemy\orm\context.py", line 306, in orm_execute_statement
    result = conn.execute(
             ^^^^^^^^^^^^^
  File "C:\Users\User\Desktop\customer_api\env\Lib\site-packages\sqlalchemy\engine\base.py", line 1419, in execute
    return meth(
           ^^^^^
  File "C:\Users\User\Desktop\customer_api\env\Lib\site-packages\sqlalchemy\sql\elements.py", line 527, in _execute_on_connection
    return connection._execute_clauseelement(
           ^^^^^^^^^^^^^^^^^^^^^^^^^^^^^^^^^^
  File "C:\Users\User\Desktop\customer_api\env\Lib\site-packages\sqlalchemy\engine\base.py", line 1641, in _execute_clauseelement
    ret = self._execute_context(
          ^^^^^^^^^^^^^^^^^^^^^^
  File "C:\Users\User\Desktop\customer_api\env\Lib\site-packages\sqlalchemy\engine\base.py", line 1846, in _execute_context
    return self._exec_single_context(
           ^^^^^^^^^^^^^^^^^^^^^^^^^^
  File "C:\Users\User\Desktop\customer_api\env\Lib\site-packages\sqlalchemy\engine\base.py", line 1986, in _exec_single_context
    self._handle_dbapi_exception(
  File "C:\Users\User\Desktop\customer_api\env\Lib\site-packages\sqlalchemy\engine\base.py", line 2363, in _handle_dbapi_exception
    raise sqlalchemy_exception.with_traceback(exc_info[2]) from e
  File "C:\Users\User\Desktop\customer_api\env\Lib\site-packages\sqlalchemy\engine\base.py", line 1967, in _exec_single_context
    self.dialect.do_execute(
  File "C:\Users\User\Desktop\customer_api\env\Lib\site-packages\sqlalchemy\engine\default.py", line 952, in do_execute
    cursor.execute(statement, parameters)
sqlalchemy.exc.ProgrammingError: (psycopg2.errors.UndefinedColumn) column customers.age does not exist
LINE 2: ...S customers_id, customers.name AS customers_name, customers....
                                                             ^

[SQL: SELECT anon_1.customers_id AS anon_1_customers_id, anon_1.customers_name AS anon_1_customers_name, anon_1.customers_age AS anon_1_customers_age, anon_1.customers_gender AS anon_1_customers_gender, anon_1.customers_date_of_birth AS anon_1_customers_date_of_birth, anon_1.customers_email AS anon_1_customers_email, anon_1.customers_phone AS anon_1_customers_phone, anon_1.customers_alternate_phone AS anon_1_customers_alternate_phone, anon_1.customers_company AS anon_1_customers_company, anon_1.customers_job_title AS anon_1_customers_job_title, anon_1.customers_experience_years AS anon_1_customers_experience_years, anon_1.customers_customer_type AS anon_1_customers_customer_type, anon_1.customers_status AS anon_1_customers_status, anon_1.customers_created_at AS anon_1_customers_created_at, anon_1.customers_updated_at AS anon_1_customers_updated_at, anon_1.customers_notes AS anon_1_customers_notes, anon_1.customers_source AS anon_1_customers_source, addresses_1.id AS addresses_1_id, addresses_1.customer_id AS addresses_1_customer_id, addresses_1.city AS addresses_1_city, addresses_1.state AS addresses_1_state, addresses_1.pincode AS addresses_1_pincode 
FROM (SELECT customers.id AS customers_id, customers.name AS customers_name, customers.age AS customers_age, customers.gender AS customers_gender, customers.date_of_birth AS customers_date_of_birth, customers.email AS customers_email, customers.phone AS customers_phone, customers.alternate_phone AS customers_alternate_phone, customers.company AS customers_company, customers.job_title AS customers_job_title, customers.experience_years AS customers_experience_years, customers.customer_type AS customers_customer_type, customers.status AS customers_status, customers.created_at AS customers_created_at, customers.updated_at AS customers_updated_at, customers.notes AS customers_notes, customers.source AS customers_source 
FROM customers 
 LIMIT %(param_1)s OFFSET %(param_2)s) AS anon_1 LEFT OUTER JOIN addresses AS addresses_1 ON anon_1.customers_id = addresses_1.customer_id]
[parameters: {'param_1': 5, 'param_2': 0}]
(Background on this error at: https://sqlalche.me/e/20/f405)
2026-04-21 23:17:23,955 | ERROR | app_logger | Failed to fetch customers | Status Code: 500
2026-04-21 23:17:23,955 | INFO | app_logger | Response status: 500
2026-04-21 23:17:35,983 | INFO | app_logger | GET http://localhost:8000/customers?page=1&limit=5
2026-04-21 23:17:35,984 | INFO | app_logger | Response status: 307
2026-04-21 23:17:35,994 | INFO | app_logger | GET http://localhost:8000/customers/?page=1&limit=5
2026-04-21 23:17:35,996 | INFO | app_logger | Fetch customers by nandan | page=1, limit=5
2026-04-21 23:17:35,999 | ERROR | app_logger | Error fetching customers
Traceback (most recent call last):
  File "C:\Users\User\Desktop\customer_api\env\Lib\site-packages\sqlalchemy\engine\base.py", line 1967, in _exec_single_context
    self.dialect.do_execute(
  File "C:\Users\User\Desktop\customer_api\env\Lib\site-packages\sqlalchemy\engine\default.py", line 952, in do_execute
    cursor.execute(statement, parameters)
psycopg2.errors.UndefinedColumn: column customers.age does not exist
LINE 2: ...S customers_id, customers.name AS customers_name, customers....
                                                             ^


The above exception was the direct cause of the following exception:

Traceback (most recent call last):
  File "C:\Users\User\Desktop\customer_api\backend\services\customer_service.py", line 146, in get_all_customers
    .all()
     ^^^^^
  File "C:\Users\User\Desktop\customer_api\env\Lib\site-packages\sqlalchemy\orm\query.py", line 2711, in all
    return self._iter().all()  # type: ignore
           ^^^^^^^^^^^^
  File "C:\Users\User\Desktop\customer_api\env\Lib\site-packages\sqlalchemy\orm\query.py", line 2864, in _iter
    result: Union[ScalarResult[_T], Result[_T]] = self.session.execute(
                                                  ^^^^^^^^^^^^^^^^^^^^^
  File "C:\Users\User\Desktop\customer_api\env\Lib\site-packages\sqlalchemy\orm\session.py", line 2351, in execute
    return self._execute_internal(
           ^^^^^^^^^^^^^^^^^^^^^^^
  File "C:\Users\User\Desktop\customer_api\env\Lib\site-packages\sqlalchemy\orm\session.py", line 2249, in _execute_internal
    result: Result[Any] = compile_state_cls.orm_execute_statement(
                          ^^^^^^^^^^^^^^^^^^^^^^^^^^^^^^^^^^^^^^^^
  File "C:\Users\User\Desktop\customer_api\env\Lib\site-packages\sqlalchemy\orm\context.py", line 306, in orm_execute_statement
    result = conn.execute(
             ^^^^^^^^^^^^^
  File "C:\Users\User\Desktop\customer_api\env\Lib\site-packages\sqlalchemy\engine\base.py", line 1419, in execute
    return meth(
           ^^^^^
  File "C:\Users\User\Desktop\customer_api\env\Lib\site-packages\sqlalchemy\sql\elements.py", line 527, in _execute_on_connection
    return connection._execute_clauseelement(
           ^^^^^^^^^^^^^^^^^^^^^^^^^^^^^^^^^^
  File "C:\Users\User\Desktop\customer_api\env\Lib\site-packages\sqlalchemy\engine\base.py", line 1641, in _execute_clauseelement
    ret = self._execute_context(
          ^^^^^^^^^^^^^^^^^^^^^^
  File "C:\Users\User\Desktop\customer_api\env\Lib\site-packages\sqlalchemy\engine\base.py", line 1846, in _execute_context
    return self._exec_single_context(
           ^^^^^^^^^^^^^^^^^^^^^^^^^^
  File "C:\Users\User\Desktop\customer_api\env\Lib\site-packages\sqlalchemy\engine\base.py", line 1986, in _exec_single_context
    self._handle_dbapi_exception(
  File "C:\Users\User\Desktop\customer_api\env\Lib\site-packages\sqlalchemy\engine\base.py", line 2363, in _handle_dbapi_exception
    raise sqlalchemy_exception.with_traceback(exc_info[2]) from e
  File "C:\Users\User\Desktop\customer_api\env\Lib\site-packages\sqlalchemy\engine\base.py", line 1967, in _exec_single_context
    self.dialect.do_execute(
  File "C:\Users\User\Desktop\customer_api\env\Lib\site-packages\sqlalchemy\engine\default.py", line 952, in do_execute
    cursor.execute(statement, parameters)
sqlalchemy.exc.ProgrammingError: (psycopg2.errors.UndefinedColumn) column customers.age does not exist
LINE 2: ...S customers_id, customers.name AS customers_name, customers....
                                                             ^

[SQL: SELECT anon_1.customers_id AS anon_1_customers_id, anon_1.customers_name AS anon_1_customers_name, anon_1.customers_age AS anon_1_customers_age, anon_1.customers_gender AS anon_1_customers_gender, anon_1.customers_date_of_birth AS anon_1_customers_date_of_birth, anon_1.customers_email AS anon_1_customers_email, anon_1.customers_phone AS anon_1_customers_phone, anon_1.customers_alternate_phone AS anon_1_customers_alternate_phone, anon_1.customers_company AS anon_1_customers_company, anon_1.customers_job_title AS anon_1_customers_job_title, anon_1.customers_experience_years AS anon_1_customers_experience_years, anon_1.customers_customer_type AS anon_1_customers_customer_type, anon_1.customers_status AS anon_1_customers_status, anon_1.customers_created_at AS anon_1_customers_created_at, anon_1.customers_updated_at AS anon_1_customers_updated_at, anon_1.customers_notes AS anon_1_customers_notes, anon_1.customers_source AS anon_1_customers_source, addresses_1.id AS addresses_1_id, addresses_1.customer_id AS addresses_1_customer_id, addresses_1.city AS addresses_1_city, addresses_1.state AS addresses_1_state, addresses_1.pincode AS addresses_1_pincode 
FROM (SELECT customers.id AS customers_id, customers.name AS customers_name, customers.age AS customers_age, customers.gender AS customers_gender, customers.date_of_birth AS customers_date_of_birth, customers.email AS customers_email, customers.phone AS customers_phone, customers.alternate_phone AS customers_alternate_phone, customers.company AS customers_company, customers.job_title AS customers_job_title, customers.experience_years AS customers_experience_years, customers.customer_type AS customers_customer_type, customers.status AS customers_status, customers.created_at AS customers_created_at, customers.updated_at AS customers_updated_at, customers.notes AS customers_notes, customers.source AS customers_source 
FROM customers 
 LIMIT %(param_1)s OFFSET %(param_2)s) AS anon_1 LEFT OUTER JOIN addresses AS addresses_1 ON anon_1.customers_id = addresses_1.customer_id]
[parameters: {'param_1': 5, 'param_2': 0}]
(Background on this error at: https://sqlalche.me/e/20/f405)
2026-04-21 23:17:36,003 | ERROR | app_logger | Failed to fetch customers | Status Code: 500
2026-04-21 23:17:36,007 | INFO | app_logger | Response status: 500
2026-04-21 23:17:38,935 | INFO | app_logger | GET http://localhost:8000/customers?page=1&limit=5
2026-04-21 23:17:38,935 | INFO | app_logger | Response status: 307
2026-04-21 23:17:38,944 | INFO | app_logger | GET http://localhost:8000/customers/?page=1&limit=5
2026-04-21 23:17:38,952 | INFO | app_logger | Fetch customers by nandan | page=1, limit=5
2026-04-21 23:17:38,958 | ERROR | app_logger | Error fetching customers
Traceback (most recent call last):
  File "C:\Users\User\Desktop\customer_api\env\Lib\site-packages\sqlalchemy\engine\base.py", line 1967, in _exec_single_context
    self.dialect.do_execute(
  File "C:\Users\User\Desktop\customer_api\env\Lib\site-packages\sqlalchemy\engine\default.py", line 952, in do_execute
    cursor.execute(statement, parameters)
psycopg2.errors.UndefinedColumn: column customers.age does not exist
LINE 2: ...S customers_id, customers.name AS customers_name, customers....
                                                             ^


The above exception was the direct cause of the following exception:

Traceback (most recent call last):
  File "C:\Users\User\Desktop\customer_api\backend\services\customer_service.py", line 146, in get_all_customers
    .all()
     ^^^^^
  File "C:\Users\User\Desktop\customer_api\env\Lib\site-packages\sqlalchemy\orm\query.py", line 2711, in all
    return self._iter().all()  # type: ignore
           ^^^^^^^^^^^^
  File "C:\Users\User\Desktop\customer_api\env\Lib\site-packages\sqlalchemy\orm\query.py", line 2864, in _iter
    result: Union[ScalarResult[_T], Result[_T]] = self.session.execute(
                                                  ^^^^^^^^^^^^^^^^^^^^^
  File "C:\Users\User\Desktop\customer_api\env\Lib\site-packages\sqlalchemy\orm\session.py", line 2351, in execute
    return self._execute_internal(
           ^^^^^^^^^^^^^^^^^^^^^^^
  File "C:\Users\User\Desktop\customer_api\env\Lib\site-packages\sqlalchemy\orm\session.py", line 2249, in _execute_internal
    result: Result[Any] = compile_state_cls.orm_execute_statement(
                          ^^^^^^^^^^^^^^^^^^^^^^^^^^^^^^^^^^^^^^^^
  File "C:\Users\User\Desktop\customer_api\env\Lib\site-packages\sqlalchemy\orm\context.py", line 306, in orm_execute_statement
    result = conn.execute(
             ^^^^^^^^^^^^^
  File "C:\Users\User\Desktop\customer_api\env\Lib\site-packages\sqlalchemy\engine\base.py", line 1419, in execute
    return meth(
           ^^^^^
  File "C:\Users\User\Desktop\customer_api\env\Lib\site-packages\sqlalchemy\sql\elements.py", line 527, in _execute_on_connection
    return connection._execute_clauseelement(
           ^^^^^^^^^^^^^^^^^^^^^^^^^^^^^^^^^^
  File "C:\Users\User\Desktop\customer_api\env\Lib\site-packages\sqlalchemy\engine\base.py", line 1641, in _execute_clauseelement
    ret = self._execute_context(
          ^^^^^^^^^^^^^^^^^^^^^^
  File "C:\Users\User\Desktop\customer_api\env\Lib\site-packages\sqlalchemy\engine\base.py", line 1846, in _execute_context
    return self._exec_single_context(
           ^^^^^^^^^^^^^^^^^^^^^^^^^^
  File "C:\Users\User\Desktop\customer_api\env\Lib\site-packages\sqlalchemy\engine\base.py", line 1986, in _exec_single_context
    self._handle_dbapi_exception(
  File "C:\Users\User\Desktop\customer_api\env\Lib\site-packages\sqlalchemy\engine\base.py", line 2363, in _handle_dbapi_exception
    raise sqlalchemy_exception.with_traceback(exc_info[2]) from e
  File "C:\Users\User\Desktop\customer_api\env\Lib\site-packages\sqlalchemy\engine\base.py", line 1967, in _exec_single_context
    self.dialect.do_execute(
  File "C:\Users\User\Desktop\customer_api\env\Lib\site-packages\sqlalchemy\engine\default.py", line 952, in do_execute
    cursor.execute(statement, parameters)
sqlalchemy.exc.ProgrammingError: (psycopg2.errors.UndefinedColumn) column customers.age does not exist
LINE 2: ...S customers_id, customers.name AS customers_name, customers....
                                                             ^

[SQL: SELECT anon_1.customers_id AS anon_1_customers_id, anon_1.customers_name AS anon_1_customers_name, anon_1.customers_age AS anon_1_customers_age, anon_1.customers_gender AS anon_1_customers_gender, anon_1.customers_date_of_birth AS anon_1_customers_date_of_birth, anon_1.customers_email AS anon_1_customers_email, anon_1.customers_phone AS anon_1_customers_phone, anon_1.customers_alternate_phone AS anon_1_customers_alternate_phone, anon_1.customers_company AS anon_1_customers_company, anon_1.customers_job_title AS anon_1_customers_job_title, anon_1.customers_experience_years AS anon_1_customers_experience_years, anon_1.customers_customer_type AS anon_1_customers_customer_type, anon_1.customers_status AS anon_1_customers_status, anon_1.customers_created_at AS anon_1_customers_created_at, anon_1.customers_updated_at AS anon_1_customers_updated_at, anon_1.customers_notes AS anon_1_customers_notes, anon_1.customers_source AS anon_1_customers_source, addresses_1.id AS addresses_1_id, addresses_1.customer_id AS addresses_1_customer_id, addresses_1.city AS addresses_1_city, addresses_1.state AS addresses_1_state, addresses_1.pincode AS addresses_1_pincode 
FROM (SELECT customers.id AS customers_id, customers.name AS customers_name, customers.age AS customers_age, customers.gender AS customers_gender, customers.date_of_birth AS customers_date_of_birth, customers.email AS customers_email, customers.phone AS customers_phone, customers.alternate_phone AS customers_alternate_phone, customers.company AS customers_company, customers.job_title AS customers_job_title, customers.experience_years AS customers_experience_years, customers.customer_type AS customers_customer_type, customers.status AS customers_status, customers.created_at AS customers_created_at, customers.updated_at AS customers_updated_at, customers.notes AS customers_notes, customers.source AS customers_source 
FROM customers 
 LIMIT %(param_1)s OFFSET %(param_2)s) AS anon_1 LEFT OUTER JOIN addresses AS addresses_1 ON anon_1.customers_id = addresses_1.customer_id]
[parameters: {'param_1': 5, 'param_2': 0}]
(Background on this error at: https://sqlalche.me/e/20/f405)
2026-04-21 23:17:38,971 | ERROR | app_logger | Failed to fetch customers | Status Code: 500
2026-04-21 23:17:38,972 | INFO | app_logger | Response status: 500
2026-04-21 23:17:47,346 | INFO | app_logger | GET http://localhost:8000/customers?page=1&limit=5
2026-04-21 23:17:47,350 | INFO | app_logger | Response status: 307
2026-04-21 23:17:47,370 | INFO | app_logger | GET http://localhost:8000/customers/?page=1&limit=5
2026-04-21 23:17:47,381 | INFO | app_logger | Fetch customers by nandan | page=1, limit=5
2026-04-21 23:17:47,387 | ERROR | app_logger | Error fetching customers
Traceback (most recent call last):
  File "C:\Users\User\Desktop\customer_api\env\Lib\site-packages\sqlalchemy\engine\base.py", line 1967, in _exec_single_context
    self.dialect.do_execute(
  File "C:\Users\User\Desktop\customer_api\env\Lib\site-packages\sqlalchemy\engine\default.py", line 952, in do_execute
    cursor.execute(statement, parameters)
psycopg2.errors.UndefinedColumn: column customers.age does not exist
LINE 2: ...S customers_id, customers.name AS customers_name, customers....
                                                             ^


The above exception was the direct cause of the following exception:

Traceback (most recent call last):
  File "C:\Users\User\Desktop\customer_api\backend\services\customer_service.py", line 146, in get_all_customers
    .all()
     ^^^^^
  File "C:\Users\User\Desktop\customer_api\env\Lib\site-packages\sqlalchemy\orm\query.py", line 2711, in all
    return self._iter().all()  # type: ignore
           ^^^^^^^^^^^^
  File "C:\Users\User\Desktop\customer_api\env\Lib\site-packages\sqlalchemy\orm\query.py", line 2864, in _iter
    result: Union[ScalarResult[_T], Result[_T]] = self.session.execute(
                                                  ^^^^^^^^^^^^^^^^^^^^^
  File "C:\Users\User\Desktop\customer_api\env\Lib\site-packages\sqlalchemy\orm\session.py", line 2351, in execute
    return self._execute_internal(
           ^^^^^^^^^^^^^^^^^^^^^^^
  File "C:\Users\User\Desktop\customer_api\env\Lib\site-packages\sqlalchemy\orm\session.py", line 2249, in _execute_internal
    result: Result[Any] = compile_state_cls.orm_execute_statement(
                          ^^^^^^^^^^^^^^^^^^^^^^^^^^^^^^^^^^^^^^^^
  File "C:\Users\User\Desktop\customer_api\env\Lib\site-packages\sqlalchemy\orm\context.py", line 306, in orm_execute_statement
    result = conn.execute(
             ^^^^^^^^^^^^^
  File "C:\Users\User\Desktop\customer_api\env\Lib\site-packages\sqlalchemy\engine\base.py", line 1419, in execute
    return meth(
           ^^^^^
  File "C:\Users\User\Desktop\customer_api\env\Lib\site-packages\sqlalchemy\sql\elements.py", line 527, in _execute_on_connection
    return connection._execute_clauseelement(
           ^^^^^^^^^^^^^^^^^^^^^^^^^^^^^^^^^^
  File "C:\Users\User\Desktop\customer_api\env\Lib\site-packages\sqlalchemy\engine\base.py", line 1641, in _execute_clauseelement
    ret = self._execute_context(
          ^^^^^^^^^^^^^^^^^^^^^^
  File "C:\Users\User\Desktop\customer_api\env\Lib\site-packages\sqlalchemy\engine\base.py", line 1846, in _execute_context
    return self._exec_single_context(
           ^^^^^^^^^^^^^^^^^^^^^^^^^^
  File "C:\Users\User\Desktop\customer_api\env\Lib\site-packages\sqlalchemy\engine\base.py", line 1986, in _exec_single_context
    self._handle_dbapi_exception(
  File "C:\Users\User\Desktop\customer_api\env\Lib\site-packages\sqlalchemy\engine\base.py", line 2363, in _handle_dbapi_exception
    raise sqlalchemy_exception.with_traceback(exc_info[2]) from e
  File "C:\Users\User\Desktop\customer_api\env\Lib\site-packages\sqlalchemy\engine\base.py", line 1967, in _exec_single_context
    self.dialect.do_execute(
  File "C:\Users\User\Desktop\customer_api\env\Lib\site-packages\sqlalchemy\engine\default.py", line 952, in do_execute
    cursor.execute(statement, parameters)
sqlalchemy.exc.ProgrammingError: (psycopg2.errors.UndefinedColumn) column customers.age does not exist
LINE 2: ...S customers_id, customers.name AS customers_name, customers....
                                                             ^

[SQL: SELECT anon_1.customers_id AS anon_1_customers_id, anon_1.customers_name AS anon_1_customers_name, anon_1.customers_age AS anon_1_customers_age, anon_1.customers_gender AS anon_1_customers_gender, anon_1.customers_date_of_birth AS anon_1_customers_date_of_birth, anon_1.customers_email AS anon_1_customers_email, anon_1.customers_phone AS anon_1_customers_phone, anon_1.customers_alternate_phone AS anon_1_customers_alternate_phone, anon_1.customers_company AS anon_1_customers_company, anon_1.customers_job_title AS anon_1_customers_job_title, anon_1.customers_experience_years AS anon_1_customers_experience_years, anon_1.customers_customer_type AS anon_1_customers_customer_type, anon_1.customers_status AS anon_1_customers_status, anon_1.customers_created_at AS anon_1_customers_created_at, anon_1.customers_updated_at AS anon_1_customers_updated_at, anon_1.customers_notes AS anon_1_customers_notes, anon_1.customers_source AS anon_1_customers_source, addresses_1.id AS addresses_1_id, addresses_1.customer_id AS addresses_1_customer_id, addresses_1.city AS addresses_1_city, addresses_1.state AS addresses_1_state, addresses_1.pincode AS addresses_1_pincode 
FROM (SELECT customers.id AS customers_id, customers.name AS customers_name, customers.age AS customers_age, customers.gender AS customers_gender, customers.date_of_birth AS customers_date_of_birth, customers.email AS customers_email, customers.phone AS customers_phone, customers.alternate_phone AS customers_alternate_phone, customers.company AS customers_company, customers.job_title AS customers_job_title, customers.experience_years AS customers_experience_years, customers.customer_type AS customers_customer_type, customers.status AS customers_status, customers.created_at AS customers_created_at, customers.updated_at AS customers_updated_at, customers.notes AS customers_notes, customers.source AS customers_source 
FROM customers 
 LIMIT %(param_1)s OFFSET %(param_2)s) AS anon_1 LEFT OUTER JOIN addresses AS addresses_1 ON anon_1.customers_id = addresses_1.customer_id]
[parameters: {'param_1': 5, 'param_2': 0}]
(Background on this error at: https://sqlalche.me/e/20/f405)
2026-04-21 23:17:47,403 | ERROR | app_logger | Failed to fetch customers | Status Code: 500
2026-04-21 23:17:47,410 | INFO | app_logger | Response status: 500
2026-04-21 23:24:13,913 | INFO | app_logger | POST http://localhost:8000/auth/register
2026-04-21 23:24:13,934 | INFO | app_logger | Register API called for user: raghu
2026-04-21 23:24:13,936 | INFO | app_logger | Register attempt: raghu
2026-04-21 23:24:14,575 | INFO | app_logger | User registered successfully: raghu with role: superadmin
2026-04-21 23:24:14,578 | INFO | app_logger | Response status: 200
2026-04-21 23:24:26,804 | INFO | app_logger | POST http://localhost:8000/auth/login?username=raghu&password=2003
2026-04-21 23:24:26,816 | INFO | app_logger | Login API called for user: raghu
2026-04-21 23:24:26,817 | INFO | app_logger | Login attempt: raghu
2026-04-21 23:24:27,453 | INFO | app_logger | Login successful: raghu
2026-04-21 23:24:27,453 | INFO | app_logger | Response status: 200
2026-04-21 23:24:27,468 | INFO | app_logger | GET http://localhost:8000/customers?page=1&limit=5
2026-04-21 23:24:27,470 | INFO | app_logger | Response status: 307
2026-04-21 23:24:27,521 | INFO | app_logger | GET http://localhost:8000/customers/?page=1&limit=5
2026-04-21 23:24:27,525 | INFO | app_logger | Fetch customers by raghu | page=1, limit=5
2026-04-21 23:24:27,525 | ERROR | app_logger | Error fetching customers
Traceback (most recent call last):
  File "C:\Users\User\Desktop\customer_api\env\Lib\site-packages\sqlalchemy\engine\base.py", line 1967, in _exec_single_context
    self.dialect.do_execute(
  File "C:\Users\User\Desktop\customer_api\env\Lib\site-packages\sqlalchemy\engine\default.py", line 952, in do_execute
    cursor.execute(statement, parameters)
psycopg2.errors.UndefinedColumn: column customers.age does not exist
LINE 2: ...S customers_id, customers.name AS customers_name, customers....
                                                             ^


The above exception was the direct cause of the following exception:

Traceback (most recent call last):
  File "C:\Users\User\Desktop\customer_api\backend\services\customer_service.py", line 146, in get_all_customers
    .all()
     ^^^^^
  File "C:\Users\User\Desktop\customer_api\env\Lib\site-packages\sqlalchemy\orm\query.py", line 2711, in all
    return self._iter().all()  # type: ignore
           ^^^^^^^^^^^^
  File "C:\Users\User\Desktop\customer_api\env\Lib\site-packages\sqlalchemy\orm\query.py", line 2864, in _iter
    result: Union[ScalarResult[_T], Result[_T]] = self.session.execute(
                                                  ^^^^^^^^^^^^^^^^^^^^^
  File "C:\Users\User\Desktop\customer_api\env\Lib\site-packages\sqlalchemy\orm\session.py", line 2351, in execute
    return self._execute_internal(
           ^^^^^^^^^^^^^^^^^^^^^^^
  File "C:\Users\User\Desktop\customer_api\env\Lib\site-packages\sqlalchemy\orm\session.py", line 2249, in _execute_internal
    result: Result[Any] = compile_state_cls.orm_execute_statement(
                          ^^^^^^^^^^^^^^^^^^^^^^^^^^^^^^^^^^^^^^^^
  File "C:\Users\User\Desktop\customer_api\env\Lib\site-packages\sqlalchemy\orm\context.py", line 306, in orm_execute_statement
    result = conn.execute(
             ^^^^^^^^^^^^^
  File "C:\Users\User\Desktop\customer_api\env\Lib\site-packages\sqlalchemy\engine\base.py", line 1419, in execute
    return meth(
           ^^^^^
  File "C:\Users\User\Desktop\customer_api\env\Lib\site-packages\sqlalchemy\sql\elements.py", line 527, in _execute_on_connection
    return connection._execute_clauseelement(
           ^^^^^^^^^^^^^^^^^^^^^^^^^^^^^^^^^^
  File "C:\Users\User\Desktop\customer_api\env\Lib\site-packages\sqlalchemy\engine\base.py", line 1641, in _execute_clauseelement
    ret = self._execute_context(
          ^^^^^^^^^^^^^^^^^^^^^^
  File "C:\Users\User\Desktop\customer_api\env\Lib\site-packages\sqlalchemy\engine\base.py", line 1846, in _execute_context
    return self._exec_single_context(
           ^^^^^^^^^^^^^^^^^^^^^^^^^^
  File "C:\Users\User\Desktop\customer_api\env\Lib\site-packages\sqlalchemy\engine\base.py", line 1986, in _exec_single_context
    self._handle_dbapi_exception(
  File "C:\Users\User\Desktop\customer_api\env\Lib\site-packages\sqlalchemy\engine\base.py", line 2363, in _handle_dbapi_exception
    raise sqlalchemy_exception.with_traceback(exc_info[2]) from e
  File "C:\Users\User\Desktop\customer_api\env\Lib\site-packages\sqlalchemy\engine\base.py", line 1967, in _exec_single_context
    self.dialect.do_execute(
  File "C:\Users\User\Desktop\customer_api\env\Lib\site-packages\sqlalchemy\engine\default.py", line 952, in do_execute
    cursor.execute(statement, parameters)
sqlalchemy.exc.ProgrammingError: (psycopg2.errors.UndefinedColumn) column customers.age does not exist
LINE 2: ...S customers_id, customers.name AS customers_name, customers....
                                                             ^

[SQL: SELECT anon_1.customers_id AS anon_1_customers_id, anon_1.customers_name AS anon_1_customers_name, anon_1.customers_age AS anon_1_customers_age, anon_1.customers_gender AS anon_1_customers_gender, anon_1.customers_date_of_birth AS anon_1_customers_date_of_birth, anon_1.customers_email AS anon_1_customers_email, anon_1.customers_phone AS anon_1_customers_phone, anon_1.customers_alternate_phone AS anon_1_customers_alternate_phone, anon_1.customers_company AS anon_1_customers_company, anon_1.customers_job_title AS anon_1_customers_job_title, anon_1.customers_experience_years AS anon_1_customers_experience_years, anon_1.customers_customer_type AS anon_1_customers_customer_type, anon_1.customers_status AS anon_1_customers_status, anon_1.customers_created_at AS anon_1_customers_created_at, anon_1.customers_updated_at AS anon_1_customers_updated_at, anon_1.customers_notes AS anon_1_customers_notes, anon_1.customers_source AS anon_1_customers_source, addresses_1.id AS addresses_1_id, addresses_1.customer_id AS addresses_1_customer_id, addresses_1.city AS addresses_1_city, addresses_1.state AS addresses_1_state, addresses_1.pincode AS addresses_1_pincode 
FROM (SELECT customers.id AS customers_id, customers.name AS customers_name, customers.age AS customers_age, customers.gender AS customers_gender, customers.date_of_birth AS customers_date_of_birth, customers.email AS customers_email, customers.phone AS customers_phone, customers.alternate_phone AS customers_alternate_phone, customers.company AS customers_company, customers.job_title AS customers_job_title, customers.experience_years AS customers_experience_years, customers.customer_type AS customers_customer_type, customers.status AS customers_status, customers.created_at AS customers_created_at, customers.updated_at AS customers_updated_at, customers.notes AS customers_notes, customers.source AS customers_source 
FROM customers 
 LIMIT %(param_1)s OFFSET %(param_2)s) AS anon_1 LEFT OUTER JOIN addresses AS addresses_1 ON anon_1.customers_id = addresses_1.customer_id]
[parameters: {'param_1': 5, 'param_2': 0}]
(Background on this error at: https://sqlalche.me/e/20/f405)
2026-04-21 23:24:27,532 | ERROR | app_logger | Failed to fetch customers | Status Code: 500
2026-04-21 23:24:27,532 | INFO | app_logger | Response status: 500
2026-04-21 23:30:10,565 | INFO | app_logger | Application started successfully
2026-04-21 23:33:12,004 | INFO | app_logger | GET http://localhost:8000/customers?page=1&limit=5
2026-04-21 23:33:12,007 | INFO | app_logger | GET http://localhost:8000/auth/users/count
2026-04-21 23:33:12,007 | INFO | app_logger | GET http://localhost:8000/auth/users
2026-04-21 23:33:12,017 | INFO | app_logger | Response status: 307
2026-04-21 23:33:12,032 | INFO | app_logger | GET http://localhost:8000/customers/?page=1&limit=5
2026-04-21 23:33:12,039 | INFO | app_logger | Fetching all users API called
2026-04-21 23:33:12,039 | INFO | app_logger | User count API called
2026-04-21 23:33:12,041 | INFO | app_logger | Fetching all users
2026-04-21 23:33:12,041 | INFO | app_logger | Fetch customers by raghu | page=1, limit=5
2026-04-21 23:33:12,075 | INFO | app_logger | User count: 1
2026-04-21 23:33:12,079 | INFO | app_logger | Response status: 200
2026-04-21 23:33:12,179 | DEBUG | app_logger | Total users fetched: 1
2026-04-21 23:33:12,181 | INFO | app_logger | Response status: 200
2026-04-21 23:33:12,189 | ERROR | app_logger | Error fetching customers
Traceback (most recent call last):
  File "C:\Users\User\Desktop\customer_api\env\Lib\site-packages\sqlalchemy\engine\base.py", line 1967, in _exec_single_context
    self.dialect.do_execute(
  File "C:\Users\User\Desktop\customer_api\env\Lib\site-packages\sqlalchemy\engine\default.py", line 952, in do_execute
    cursor.execute(statement, parameters)
psycopg2.errors.UndefinedColumn: column customers.age does not exist
LINE 2: ...S customers_id, customers.name AS customers_name, customers....
                                                             ^


The above exception was the direct cause of the following exception:

Traceback (most recent call last):
  File "C:\Users\User\Desktop\customer_api\backend\services\customer_service.py", line 146, in get_all_customers
    .all()
     ^^^^^
  File "C:\Users\User\Desktop\customer_api\env\Lib\site-packages\sqlalchemy\orm\query.py", line 2711, in all
    return self._iter().all()  # type: ignore
           ^^^^^^^^^^^^
  File "C:\Users\User\Desktop\customer_api\env\Lib\site-packages\sqlalchemy\orm\query.py", line 2864, in _iter
    result: Union[ScalarResult[_T], Result[_T]] = self.session.execute(
                                                  ^^^^^^^^^^^^^^^^^^^^^
  File "C:\Users\User\Desktop\customer_api\env\Lib\site-packages\sqlalchemy\orm\session.py", line 2351, in execute
    return self._execute_internal(
           ^^^^^^^^^^^^^^^^^^^^^^^
  File "C:\Users\User\Desktop\customer_api\env\Lib\site-packages\sqlalchemy\orm\session.py", line 2249, in _execute_internal
    result: Result[Any] = compile_state_cls.orm_execute_statement(
                          ^^^^^^^^^^^^^^^^^^^^^^^^^^^^^^^^^^^^^^^^
  File "C:\Users\User\Desktop\customer_api\env\Lib\site-packages\sqlalchemy\orm\context.py", line 306, in orm_execute_statement
    result = conn.execute(
             ^^^^^^^^^^^^^
  File "C:\Users\User\Desktop\customer_api\env\Lib\site-packages\sqlalchemy\engine\base.py", line 1419, in execute
    return meth(
           ^^^^^
  File "C:\Users\User\Desktop\customer_api\env\Lib\site-packages\sqlalchemy\sql\elements.py", line 527, in _execute_on_connection
    return connection._execute_clauseelement(
           ^^^^^^^^^^^^^^^^^^^^^^^^^^^^^^^^^^
  File "C:\Users\User\Desktop\customer_api\env\Lib\site-packages\sqlalchemy\engine\base.py", line 1641, in _execute_clauseelement
    ret = self._execute_context(
          ^^^^^^^^^^^^^^^^^^^^^^
  File "C:\Users\User\Desktop\customer_api\env\Lib\site-packages\sqlalchemy\engine\base.py", line 1846, in _execute_context
    return self._exec_single_context(
           ^^^^^^^^^^^^^^^^^^^^^^^^^^
  File "C:\Users\User\Desktop\customer_api\env\Lib\site-packages\sqlalchemy\engine\base.py", line 1986, in _exec_single_context
    self._handle_dbapi_exception(
  File "C:\Users\User\Desktop\customer_api\env\Lib\site-packages\sqlalchemy\engine\base.py", line 2363, in _handle_dbapi_exception
    raise sqlalchemy_exception.with_traceback(exc_info[2]) from e
  File "C:\Users\User\Desktop\customer_api\env\Lib\site-packages\sqlalchemy\engine\base.py", line 1967, in _exec_single_context
    self.dialect.do_execute(
  File "C:\Users\User\Desktop\customer_api\env\Lib\site-packages\sqlalchemy\engine\default.py", line 952, in do_execute
    cursor.execute(statement, parameters)
sqlalchemy.exc.ProgrammingError: (psycopg2.errors.UndefinedColumn) column customers.age does not exist
LINE 2: ...S customers_id, customers.name AS customers_name, customers....
                                                             ^

[SQL: SELECT anon_1.customers_id AS anon_1_customers_id, anon_1.customers_name AS anon_1_customers_name, anon_1.customers_age AS anon_1_customers_age, anon_1.customers_gender AS anon_1_customers_gender, anon_1.customers_date_of_birth AS anon_1_customers_date_of_birth, anon_1.customers_email AS anon_1_customers_email, anon_1.customers_phone AS anon_1_customers_phone, anon_1.customers_alternate_phone AS anon_1_customers_alternate_phone, anon_1.customers_company AS anon_1_customers_company, anon_1.customers_job_title AS anon_1_customers_job_title, anon_1.customers_experience_years AS anon_1_customers_experience_years, anon_1.customers_customer_type AS anon_1_customers_customer_type, anon_1.customers_status AS anon_1_customers_status, anon_1.customers_created_at AS anon_1_customers_created_at, anon_1.customers_updated_at AS anon_1_customers_updated_at, anon_1.customers_notes AS anon_1_customers_notes, anon_1.customers_source AS anon_1_customers_source, addresses_1.id AS addresses_1_id, addresses_1.customer_id AS addresses_1_customer_id, addresses_1.city AS addresses_1_city, addresses_1.state AS addresses_1_state, addresses_1.pincode AS addresses_1_pincode 
FROM (SELECT customers.id AS customers_id, customers.name AS customers_name, customers.age AS customers_age, customers.gender AS customers_gender, customers.date_of_birth AS customers_date_of_birth, customers.email AS customers_email, customers.phone AS customers_phone, customers.alternate_phone AS customers_alternate_phone, customers.company AS customers_company, customers.job_title AS customers_job_title, customers.experience_years AS customers_experience_years, customers.customer_type AS customers_customer_type, customers.status AS customers_status, customers.created_at AS customers_created_at, customers.updated_at AS customers_updated_at, customers.notes AS customers_notes, customers.source AS customers_source 
FROM customers 
 LIMIT %(param_1)s OFFSET %(param_2)s) AS anon_1 LEFT OUTER JOIN addresses AS addresses_1 ON anon_1.customers_id = addresses_1.customer_id]
[parameters: {'param_1': 5, 'param_2': 0}]
(Background on this error at: https://sqlalche.me/e/20/f405)
2026-04-21 23:33:12,210 | ERROR | app_logger | Failed to fetch customers | Status Code: 500
2026-04-21 23:33:12,210 | INFO | app_logger | Response status: 500
2026-04-21 23:33:47,036 | INFO | app_logger | POST http://localhost:8000/auth/login?username=raghu&password=2003
2026-04-21 23:33:47,043 | INFO | app_logger | Login API called for user: raghu
2026-04-21 23:33:47,044 | INFO | app_logger | Login attempt: raghu
2026-04-21 23:33:47,739 | INFO | app_logger | Login successful: raghu
2026-04-21 23:33:47,741 | INFO | app_logger | Response status: 200
2026-04-21 23:33:47,754 | INFO | app_logger | GET http://localhost:8000/auth/users
2026-04-21 23:33:47,763 | INFO | app_logger | Fetching all users API called
2026-04-21 23:33:47,765 | INFO | app_logger | Fetching all users
2026-04-21 23:33:47,769 | DEBUG | app_logger | Total users fetched: 1
2026-04-21 23:33:47,770 | INFO | app_logger | Response status: 200
2026-04-21 23:33:47,778 | INFO | app_logger | GET http://localhost:8000/customers?page=1&limit=5
2026-04-21 23:33:47,783 | INFO | app_logger | Response status: 307
2026-04-21 23:33:47,789 | INFO | app_logger | GET http://localhost:8000/auth/users/count
2026-04-21 23:33:47,796 | INFO | app_logger | User count API called
2026-04-21 23:33:47,799 | INFO | app_logger | User count: 1
2026-04-21 23:33:47,802 | INFO | app_logger | Response status: 200
2026-04-21 23:33:47,808 | INFO | app_logger | GET http://localhost:8000/customers/?page=1&limit=5
2026-04-21 23:33:47,813 | INFO | app_logger | Fetch customers by raghu | page=1, limit=5
2026-04-21 23:33:47,816 | ERROR | app_logger | Error fetching customers
Traceback (most recent call last):
  File "C:\Users\User\Desktop\customer_api\env\Lib\site-packages\sqlalchemy\engine\base.py", line 1967, in _exec_single_context
    self.dialect.do_execute(
  File "C:\Users\User\Desktop\customer_api\env\Lib\site-packages\sqlalchemy\engine\default.py", line 952, in do_execute
    cursor.execute(statement, parameters)
psycopg2.errors.UndefinedColumn: column customers.age does not exist
LINE 2: ...S customers_id, customers.name AS customers_name, customers....
                                                             ^


The above exception was the direct cause of the following exception:

Traceback (most recent call last):
  File "C:\Users\User\Desktop\customer_api\backend\services\customer_service.py", line 146, in get_all_customers
    .all()
     ^^^^^
  File "C:\Users\User\Desktop\customer_api\env\Lib\site-packages\sqlalchemy\orm\query.py", line 2711, in all
    return self._iter().all()  # type: ignore
           ^^^^^^^^^^^^
  File "C:\Users\User\Desktop\customer_api\env\Lib\site-packages\sqlalchemy\orm\query.py", line 2864, in _iter
    result: Union[ScalarResult[_T], Result[_T]] = self.session.execute(
                                                  ^^^^^^^^^^^^^^^^^^^^^
  File "C:\Users\User\Desktop\customer_api\env\Lib\site-packages\sqlalchemy\orm\session.py", line 2351, in execute
    return self._execute_internal(
           ^^^^^^^^^^^^^^^^^^^^^^^
  File "C:\Users\User\Desktop\customer_api\env\Lib\site-packages\sqlalchemy\orm\session.py", line 2249, in _execute_internal
    result: Result[Any] = compile_state_cls.orm_execute_statement(
                          ^^^^^^^^^^^^^^^^^^^^^^^^^^^^^^^^^^^^^^^^
  File "C:\Users\User\Desktop\customer_api\env\Lib\site-packages\sqlalchemy\orm\context.py", line 306, in orm_execute_statement
    result = conn.execute(
             ^^^^^^^^^^^^^
  File "C:\Users\User\Desktop\customer_api\env\Lib\site-packages\sqlalchemy\engine\base.py", line 1419, in execute
    return meth(
           ^^^^^
  File "C:\Users\User\Desktop\customer_api\env\Lib\site-packages\sqlalchemy\sql\elements.py", line 527, in _execute_on_connection
    return connection._execute_clauseelement(
           ^^^^^^^^^^^^^^^^^^^^^^^^^^^^^^^^^^
  File "C:\Users\User\Desktop\customer_api\env\Lib\site-packages\sqlalchemy\engine\base.py", line 1641, in _execute_clauseelement
    ret = self._execute_context(
          ^^^^^^^^^^^^^^^^^^^^^^
  File "C:\Users\User\Desktop\customer_api\env\Lib\site-packages\sqlalchemy\engine\base.py", line 1846, in _execute_context
    return self._exec_single_context(
           ^^^^^^^^^^^^^^^^^^^^^^^^^^
  File "C:\Users\User\Desktop\customer_api\env\Lib\site-packages\sqlalchemy\engine\base.py", line 1986, in _exec_single_context
    self._handle_dbapi_exception(
  File "C:\Users\User\Desktop\customer_api\env\Lib\site-packages\sqlalchemy\engine\base.py", line 2363, in _handle_dbapi_exception
    raise sqlalchemy_exception.with_traceback(exc_info[2]) from e
  File "C:\Users\User\Desktop\customer_api\env\Lib\site-packages\sqlalchemy\engine\base.py", line 1967, in _exec_single_context
    self.dialect.do_execute(
  File "C:\Users\User\Desktop\customer_api\env\Lib\site-packages\sqlalchemy\engine\default.py", line 952, in do_execute
    cursor.execute(statement, parameters)
sqlalchemy.exc.ProgrammingError: (psycopg2.errors.UndefinedColumn) column customers.age does not exist
LINE 2: ...S customers_id, customers.name AS customers_name, customers....
                                                             ^

[SQL: SELECT anon_1.customers_id AS anon_1_customers_id, anon_1.customers_name AS anon_1_customers_name, anon_1.customers_age AS anon_1_customers_age, anon_1.customers_gender AS anon_1_customers_gender, anon_1.customers_date_of_birth AS anon_1_customers_date_of_birth, anon_1.customers_email AS anon_1_customers_email, anon_1.customers_phone AS anon_1_customers_phone, anon_1.customers_alternate_phone AS anon_1_customers_alternate_phone, anon_1.customers_company AS anon_1_customers_company, anon_1.customers_job_title AS anon_1_customers_job_title, anon_1.customers_experience_years AS anon_1_customers_experience_years, anon_1.customers_customer_type AS anon_1_customers_customer_type, anon_1.customers_status AS anon_1_customers_status, anon_1.customers_created_at AS anon_1_customers_created_at, anon_1.customers_updated_at AS anon_1_customers_updated_at, anon_1.customers_notes AS anon_1_customers_notes, anon_1.customers_source AS anon_1_customers_source, addresses_1.id AS addresses_1_id, addresses_1.customer_id AS addresses_1_customer_id, addresses_1.city AS addresses_1_city, addresses_1.state AS addresses_1_state, addresses_1.pincode AS addresses_1_pincode 
FROM (SELECT customers.id AS customers_id, customers.name AS customers_name, customers.age AS customers_age, customers.gender AS customers_gender, customers.date_of_birth AS customers_date_of_birth, customers.email AS customers_email, customers.phone AS customers_phone, customers.alternate_phone AS customers_alternate_phone, customers.company AS customers_company, customers.job_title AS customers_job_title, customers.experience_years AS customers_experience_years, customers.customer_type AS customers_customer_type, customers.status AS customers_status, customers.created_at AS customers_created_at, customers.updated_at AS customers_updated_at, customers.notes AS customers_notes, customers.source AS customers_source 
FROM customers 
 LIMIT %(param_1)s OFFSET %(param_2)s) AS anon_1 LEFT OUTER JOIN addresses AS addresses_1 ON anon_1.customers_id = addresses_1.customer_id]
[parameters: {'param_1': 5, 'param_2': 0}]
(Background on this error at: https://sqlalche.me/e/20/f405)
2026-04-21 23:33:47,823 | ERROR | app_logger | Failed to fetch customers | Status Code: 500
2026-04-21 23:33:47,823 | INFO | app_logger | Response status: 500
2026-04-21 23:33:58,572 | INFO | app_logger | GET http://localhost:8000/customers?page=2&limit=5
2026-04-21 23:33:58,576 | INFO | app_logger | Response status: 307
2026-04-21 23:33:58,586 | INFO | app_logger | GET http://localhost:8000/customers/?page=2&limit=5
2026-04-21 23:33:58,589 | INFO | app_logger | Fetch customers by raghu | page=2, limit=5
2026-04-21 23:33:58,594 | ERROR | app_logger | Error fetching customers
Traceback (most recent call last):
  File "C:\Users\User\Desktop\customer_api\env\Lib\site-packages\sqlalchemy\engine\base.py", line 1967, in _exec_single_context
    self.dialect.do_execute(
  File "C:\Users\User\Desktop\customer_api\env\Lib\site-packages\sqlalchemy\engine\default.py", line 952, in do_execute
    cursor.execute(statement, parameters)
psycopg2.errors.UndefinedColumn: column customers.age does not exist
LINE 2: ...S customers_id, customers.name AS customers_name, customers....
                                                             ^


The above exception was the direct cause of the following exception:

Traceback (most recent call last):
  File "C:\Users\User\Desktop\customer_api\backend\services\customer_service.py", line 146, in get_all_customers
    .all()
     ^^^^^
  File "C:\Users\User\Desktop\customer_api\env\Lib\site-packages\sqlalchemy\orm\query.py", line 2711, in all
    return self._iter().all()  # type: ignore
           ^^^^^^^^^^^^
  File "C:\Users\User\Desktop\customer_api\env\Lib\site-packages\sqlalchemy\orm\query.py", line 2864, in _iter
    result: Union[ScalarResult[_T], Result[_T]] = self.session.execute(
                                                  ^^^^^^^^^^^^^^^^^^^^^
  File "C:\Users\User\Desktop\customer_api\env\Lib\site-packages\sqlalchemy\orm\session.py", line 2351, in execute
    return self._execute_internal(
           ^^^^^^^^^^^^^^^^^^^^^^^
  File "C:\Users\User\Desktop\customer_api\env\Lib\site-packages\sqlalchemy\orm\session.py", line 2249, in _execute_internal
    result: Result[Any] = compile_state_cls.orm_execute_statement(
                          ^^^^^^^^^^^^^^^^^^^^^^^^^^^^^^^^^^^^^^^^
  File "C:\Users\User\Desktop\customer_api\env\Lib\site-packages\sqlalchemy\orm\context.py", line 306, in orm_execute_statement
    result = conn.execute(
             ^^^^^^^^^^^^^
  File "C:\Users\User\Desktop\customer_api\env\Lib\site-packages\sqlalchemy\engine\base.py", line 1419, in execute
    return meth(
           ^^^^^
  File "C:\Users\User\Desktop\customer_api\env\Lib\site-packages\sqlalchemy\sql\elements.py", line 527, in _execute_on_connection
    return connection._execute_clauseelement(
           ^^^^^^^^^^^^^^^^^^^^^^^^^^^^^^^^^^
  File "C:\Users\User\Desktop\customer_api\env\Lib\site-packages\sqlalchemy\engine\base.py", line 1641, in _execute_clauseelement
    ret = self._execute_context(
          ^^^^^^^^^^^^^^^^^^^^^^
  File "C:\Users\User\Desktop\customer_api\env\Lib\site-packages\sqlalchemy\engine\base.py", line 1846, in _execute_context
    return self._exec_single_context(
           ^^^^^^^^^^^^^^^^^^^^^^^^^^
  File "C:\Users\User\Desktop\customer_api\env\Lib\site-packages\sqlalchemy\engine\base.py", line 1986, in _exec_single_context
    self._handle_dbapi_exception(
  File "C:\Users\User\Desktop\customer_api\env\Lib\site-packages\sqlalchemy\engine\base.py", line 2363, in _handle_dbapi_exception
    raise sqlalchemy_exception.with_traceback(exc_info[2]) from e
  File "C:\Users\User\Desktop\customer_api\env\Lib\site-packages\sqlalchemy\engine\base.py", line 1967, in _exec_single_context
    self.dialect.do_execute(
  File "C:\Users\User\Desktop\customer_api\env\Lib\site-packages\sqlalchemy\engine\default.py", line 952, in do_execute
    cursor.execute(statement, parameters)
sqlalchemy.exc.ProgrammingError: (psycopg2.errors.UndefinedColumn) column customers.age does not exist
LINE 2: ...S customers_id, customers.name AS customers_name, customers....
                                                             ^

[SQL: SELECT anon_1.customers_id AS anon_1_customers_id, anon_1.customers_name AS anon_1_customers_name, anon_1.customers_age AS anon_1_customers_age, anon_1.customers_gender AS anon_1_customers_gender, anon_1.customers_date_of_birth AS anon_1_customers_date_of_birth, anon_1.customers_email AS anon_1_customers_email, anon_1.customers_phone AS anon_1_customers_phone, anon_1.customers_alternate_phone AS anon_1_customers_alternate_phone, anon_1.customers_company AS anon_1_customers_company, anon_1.customers_job_title AS anon_1_customers_job_title, anon_1.customers_experience_years AS anon_1_customers_experience_years, anon_1.customers_customer_type AS anon_1_customers_customer_type, anon_1.customers_status AS anon_1_customers_status, anon_1.customers_created_at AS anon_1_customers_created_at, anon_1.customers_updated_at AS anon_1_customers_updated_at, anon_1.customers_notes AS anon_1_customers_notes, anon_1.customers_source AS anon_1_customers_source, addresses_1.id AS addresses_1_id, addresses_1.customer_id AS addresses_1_customer_id, addresses_1.city AS addresses_1_city, addresses_1.state AS addresses_1_state, addresses_1.pincode AS addresses_1_pincode 
FROM (SELECT customers.id AS customers_id, customers.name AS customers_name, customers.age AS customers_age, customers.gender AS customers_gender, customers.date_of_birth AS customers_date_of_birth, customers.email AS customers_email, customers.phone AS customers_phone, customers.alternate_phone AS customers_alternate_phone, customers.company AS customers_company, customers.job_title AS customers_job_title, customers.experience_years AS customers_experience_years, customers.customer_type AS customers_customer_type, customers.status AS customers_status, customers.created_at AS customers_created_at, customers.updated_at AS customers_updated_at, customers.notes AS customers_notes, customers.source AS customers_source 
FROM customers 
 LIMIT %(param_1)s OFFSET %(param_2)s) AS anon_1 LEFT OUTER JOIN addresses AS addresses_1 ON anon_1.customers_id = addresses_1.customer_id]
[parameters: {'param_1': 5, 'param_2': 5}]
(Background on this error at: https://sqlalche.me/e/20/f405)
2026-04-21 23:33:58,603 | ERROR | app_logger | Failed to fetch customers | Status Code: 500
2026-04-21 23:33:58,603 | INFO | app_logger | Response status: 500
2026-04-21 23:34:00,247 | INFO | app_logger | GET http://localhost:8000/customers?page=1&limit=5
2026-04-21 23:34:00,251 | INFO | app_logger | Response status: 307
2026-04-21 23:34:00,253 | INFO | app_logger | GET http://localhost:8000/customers/?page=1&limit=5
2026-04-21 23:34:00,261 | INFO | app_logger | Fetch customers by raghu | page=1, limit=5
2026-04-21 23:34:00,263 | ERROR | app_logger | Error fetching customers
Traceback (most recent call last):
  File "C:\Users\User\Desktop\customer_api\env\Lib\site-packages\sqlalchemy\engine\base.py", line 1967, in _exec_single_context
    self.dialect.do_execute(
  File "C:\Users\User\Desktop\customer_api\env\Lib\site-packages\sqlalchemy\engine\default.py", line 952, in do_execute
    cursor.execute(statement, parameters)
psycopg2.errors.UndefinedColumn: column customers.age does not exist
LINE 2: ...S customers_id, customers.name AS customers_name, customers....
                                                             ^


The above exception was the direct cause of the following exception:

Traceback (most recent call last):
  File "C:\Users\User\Desktop\customer_api\backend\services\customer_service.py", line 146, in get_all_customers
    .all()
     ^^^^^
  File "C:\Users\User\Desktop\customer_api\env\Lib\site-packages\sqlalchemy\orm\query.py", line 2711, in all
    return self._iter().all()  # type: ignore
           ^^^^^^^^^^^^
  File "C:\Users\User\Desktop\customer_api\env\Lib\site-packages\sqlalchemy\orm\query.py", line 2864, in _iter
    result: Union[ScalarResult[_T], Result[_T]] = self.session.execute(
                                                  ^^^^^^^^^^^^^^^^^^^^^
  File "C:\Users\User\Desktop\customer_api\env\Lib\site-packages\sqlalchemy\orm\session.py", line 2351, in execute
    return self._execute_internal(
           ^^^^^^^^^^^^^^^^^^^^^^^
  File "C:\Users\User\Desktop\customer_api\env\Lib\site-packages\sqlalchemy\orm\session.py", line 2249, in _execute_internal
    result: Result[Any] = compile_state_cls.orm_execute_statement(
                          ^^^^^^^^^^^^^^^^^^^^^^^^^^^^^^^^^^^^^^^^
  File "C:\Users\User\Desktop\customer_api\env\Lib\site-packages\sqlalchemy\orm\context.py", line 306, in orm_execute_statement
    result = conn.execute(
             ^^^^^^^^^^^^^
  File "C:\Users\User\Desktop\customer_api\env\Lib\site-packages\sqlalchemy\engine\base.py", line 1419, in execute
    return meth(
           ^^^^^
  File "C:\Users\User\Desktop\customer_api\env\Lib\site-packages\sqlalchemy\sql\elements.py", line 527, in _execute_on_connection
    return connection._execute_clauseelement(
           ^^^^^^^^^^^^^^^^^^^^^^^^^^^^^^^^^^
  File "C:\Users\User\Desktop\customer_api\env\Lib\site-packages\sqlalchemy\engine\base.py", line 1641, in _execute_clauseelement
    ret = self._execute_context(
          ^^^^^^^^^^^^^^^^^^^^^^
  File "C:\Users\User\Desktop\customer_api\env\Lib\site-packages\sqlalchemy\engine\base.py", line 1846, in _execute_context
    return self._exec_single_context(
           ^^^^^^^^^^^^^^^^^^^^^^^^^^
  File "C:\Users\User\Desktop\customer_api\env\Lib\site-packages\sqlalchemy\engine\base.py", line 1986, in _exec_single_context
    self._handle_dbapi_exception(
  File "C:\Users\User\Desktop\customer_api\env\Lib\site-packages\sqlalchemy\engine\base.py", line 2363, in _handle_dbapi_exception
    raise sqlalchemy_exception.with_traceback(exc_info[2]) from e
  File "C:\Users\User\Desktop\customer_api\env\Lib\site-packages\sqlalchemy\engine\base.py", line 1967, in _exec_single_context
    self.dialect.do_execute(
  File "C:\Users\User\Desktop\customer_api\env\Lib\site-packages\sqlalchemy\engine\default.py", line 952, in do_execute
    cursor.execute(statement, parameters)
sqlalchemy.exc.ProgrammingError: (psycopg2.errors.UndefinedColumn) column customers.age does not exist
LINE 2: ...S customers_id, customers.name AS customers_name, customers....
                                                             ^

[SQL: SELECT anon_1.customers_id AS anon_1_customers_id, anon_1.customers_name AS anon_1_customers_name, anon_1.customers_age AS anon_1_customers_age, anon_1.customers_gender AS anon_1_customers_gender, anon_1.customers_date_of_birth AS anon_1_customers_date_of_birth, anon_1.customers_email AS anon_1_customers_email, anon_1.customers_phone AS anon_1_customers_phone, anon_1.customers_alternate_phone AS anon_1_customers_alternate_phone, anon_1.customers_company AS anon_1_customers_company, anon_1.customers_job_title AS anon_1_customers_job_title, anon_1.customers_experience_years AS anon_1_customers_experience_years, anon_1.customers_customer_type AS anon_1_customers_customer_type, anon_1.customers_status AS anon_1_customers_status, anon_1.customers_created_at AS anon_1_customers_created_at, anon_1.customers_updated_at AS anon_1_customers_updated_at, anon_1.customers_notes AS anon_1_customers_notes, anon_1.customers_source AS anon_1_customers_source, addresses_1.id AS addresses_1_id, addresses_1.customer_id AS addresses_1_customer_id, addresses_1.city AS addresses_1_city, addresses_1.state AS addresses_1_state, addresses_1.pincode AS addresses_1_pincode 
FROM (SELECT customers.id AS customers_id, customers.name AS customers_name, customers.age AS customers_age, customers.gender AS customers_gender, customers.date_of_birth AS customers_date_of_birth, customers.email AS customers_email, customers.phone AS customers_phone, customers.alternate_phone AS customers_alternate_phone, customers.company AS customers_company, customers.job_title AS customers_job_title, customers.experience_years AS customers_experience_years, customers.customer_type AS customers_customer_type, customers.status AS customers_status, customers.created_at AS customers_created_at, customers.updated_at AS customers_updated_at, customers.notes AS customers_notes, customers.source AS customers_source 
FROM customers 
 LIMIT %(param_1)s OFFSET %(param_2)s) AS anon_1 LEFT OUTER JOIN addresses AS addresses_1 ON anon_1.customers_id = addresses_1.customer_id]
[parameters: {'param_1': 5, 'param_2': 0}]
(Background on this error at: https://sqlalche.me/e/20/f405)
2026-04-21 23:34:00,272 | ERROR | app_logger | Failed to fetch customers | Status Code: 500
2026-04-21 23:34:00,273 | INFO | app_logger | Response status: 500
2026-04-21 23:35:15,705 | INFO | app_logger | POST http://localhost:8000/customers/
2026-04-21 23:35:15,716 | INFO | app_logger | Create customer by raghu
2026-04-21 23:35:15,717 | INFO | app_logger | Creating customer: raghunandan
2026-04-21 23:35:15,723 | ERROR | app_logger | Error creating customer
Traceback (most recent call last):
  File "C:\Users\User\Desktop\customer_api\env\Lib\site-packages\sqlalchemy\engine\base.py", line 1967, in _exec_single_context
    self.dialect.do_execute(
  File "C:\Users\User\Desktop\customer_api\env\Lib\site-packages\sqlalchemy\engine\default.py", line 952, in do_execute
    cursor.execute(statement, parameters)
psycopg2.errors.UndefinedColumn: column customers.age does not exist
LINE 1: ...S customers_id, customers.name AS customers_name, customers....
                                                             ^


The above exception was the direct cause of the following exception:

Traceback (most recent call last):
  File "C:\Users\User\Desktop\customer_api\backend\services\customer_service.py", line 87, in create_customer
    existing = db.query(Customer).filter(Customer.email == data.email).first()
               ^^^^^^^^^^^^^^^^^^^^^^^^^^^^^^^^^^^^^^^^^^^^^^^^^^^^^^^^^^^^^^^
  File "C:\Users\User\Desktop\customer_api\env\Lib\site-packages\sqlalchemy\orm\query.py", line 2766, in first
    return self.limit(1)._iter().first()  # type: ignore
           ^^^^^^^^^^^^^^^^^^^^^
  File "C:\Users\User\Desktop\customer_api\env\Lib\site-packages\sqlalchemy\orm\query.py", line 2864, in _iter
    result: Union[ScalarResult[_T], Result[_T]] = self.session.execute(
                                                  ^^^^^^^^^^^^^^^^^^^^^
  File "C:\Users\User\Desktop\customer_api\env\Lib\site-packages\sqlalchemy\orm\session.py", line 2351, in execute
    return self._execute_internal(
           ^^^^^^^^^^^^^^^^^^^^^^^
  File "C:\Users\User\Desktop\customer_api\env\Lib\site-packages\sqlalchemy\orm\session.py", line 2249, in _execute_internal
    result: Result[Any] = compile_state_cls.orm_execute_statement(
                          ^^^^^^^^^^^^^^^^^^^^^^^^^^^^^^^^^^^^^^^^
  File "C:\Users\User\Desktop\customer_api\env\Lib\site-packages\sqlalchemy\orm\context.py", line 306, in orm_execute_statement
    result = conn.execute(
             ^^^^^^^^^^^^^
  File "C:\Users\User\Desktop\customer_api\env\Lib\site-packages\sqlalchemy\engine\base.py", line 1419, in execute
    return meth(
           ^^^^^
  File "C:\Users\User\Desktop\customer_api\env\Lib\site-packages\sqlalchemy\sql\elements.py", line 527, in _execute_on_connection
    return connection._execute_clauseelement(
           ^^^^^^^^^^^^^^^^^^^^^^^^^^^^^^^^^^
  File "C:\Users\User\Desktop\customer_api\env\Lib\site-packages\sqlalchemy\engine\base.py", line 1641, in _execute_clauseelement
    ret = self._execute_context(
          ^^^^^^^^^^^^^^^^^^^^^^
  File "C:\Users\User\Desktop\customer_api\env\Lib\site-packages\sqlalchemy\engine\base.py", line 1846, in _execute_context
    return self._exec_single_context(
           ^^^^^^^^^^^^^^^^^^^^^^^^^^
  File "C:\Users\User\Desktop\customer_api\env\Lib\site-packages\sqlalchemy\engine\base.py", line 1986, in _exec_single_context
    self._handle_dbapi_exception(
  File "C:\Users\User\Desktop\customer_api\env\Lib\site-packages\sqlalchemy\engine\base.py", line 2363, in _handle_dbapi_exception
    raise sqlalchemy_exception.with_traceback(exc_info[2]) from e
  File "C:\Users\User\Desktop\customer_api\env\Lib\site-packages\sqlalchemy\engine\base.py", line 1967, in _exec_single_context
    self.dialect.do_execute(
  File "C:\Users\User\Desktop\customer_api\env\Lib\site-packages\sqlalchemy\engine\default.py", line 952, in do_execute
    cursor.execute(statement, parameters)
sqlalchemy.exc.ProgrammingError: (psycopg2.errors.UndefinedColumn) column customers.age does not exist
LINE 1: ...S customers_id, customers.name AS customers_name, customers....
                                                             ^

[SQL: SELECT customers.id AS customers_id, customers.name AS customers_name, customers.age AS customers_age, customers.gender AS customers_gender, customers.date_of_birth AS customers_date_of_birth, customers.email AS customers_email, customers.phone AS customers_phone, customers.alternate_phone AS customers_alternate_phone, customers.company AS customers_company, customers.job_title AS customers_job_title, customers.experience_years AS customers_experience_years, customers.customer_type AS customers_customer_type, customers.status AS customers_status, customers.created_at AS customers_created_at, customers.updated_at AS customers_updated_at, customers.notes AS customers_notes, customers.source AS customers_source 
FROM customers 
WHERE customers.email = %(email_1)s 
 LIMIT %(param_1)s]
[parameters: {'email_1': 'abc@gmail.com', 'param_1': 1}]
(Background on this error at: https://sqlalche.me/e/20/f405)
2026-04-21 23:35:15,732 | ERROR | app_logger | Failed to create customer | Status Code: 500
2026-04-21 23:35:15,732 | INFO | app_logger | Response status: 500
2026-04-21 23:37:59,467 | INFO | app_logger | Application started successfully
2026-04-21 23:38:03,848 | INFO | app_logger | POST http://localhost:8000/customers/
2026-04-21 23:38:03,870 | INFO | app_logger | Create customer by raghu
2026-04-21 23:38:03,871 | INFO | app_logger | Creating customer: raghunandan
2026-04-21 23:38:03,899 | ERROR | app_logger | Error creating customer
Traceback (most recent call last):
  File "C:\Users\User\Desktop\customer_api\env\Lib\site-packages\sqlalchemy\engine\base.py", line 1967, in _exec_single_context
    self.dialect.do_execute(
  File "C:\Users\User\Desktop\customer_api\env\Lib\site-packages\sqlalchemy\engine\default.py", line 952, in do_execute
    cursor.execute(statement, parameters)
psycopg2.errors.UndefinedColumn: column customers.age does not exist
LINE 1: ...S customers_id, customers.name AS customers_name, customers....
                                                             ^


The above exception was the direct cause of the following exception:

Traceback (most recent call last):
  File "C:\Users\User\Desktop\customer_api\backend\services\customer_service.py", line 87, in create_customer
    existing = db.query(Customer).filter(Customer.email == data.email).first()
               ^^^^^^^^^^^^^^^^^^^^^^^^^^^^^^^^^^^^^^^^^^^^^^^^^^^^^^^^^^^^^^^
  File "C:\Users\User\Desktop\customer_api\env\Lib\site-packages\sqlalchemy\orm\query.py", line 2766, in first
    return self.limit(1)._iter().first()  # type: ignore
           ^^^^^^^^^^^^^^^^^^^^^
  File "C:\Users\User\Desktop\customer_api\env\Lib\site-packages\sqlalchemy\orm\query.py", line 2864, in _iter
    result: Union[ScalarResult[_T], Result[_T]] = self.session.execute(
                                                  ^^^^^^^^^^^^^^^^^^^^^
  File "C:\Users\User\Desktop\customer_api\env\Lib\site-packages\sqlalchemy\orm\session.py", line 2351, in execute
    return self._execute_internal(
           ^^^^^^^^^^^^^^^^^^^^^^^
  File "C:\Users\User\Desktop\customer_api\env\Lib\site-packages\sqlalchemy\orm\session.py", line 2249, in _execute_internal
    result: Result[Any] = compile_state_cls.orm_execute_statement(
                          ^^^^^^^^^^^^^^^^^^^^^^^^^^^^^^^^^^^^^^^^
  File "C:\Users\User\Desktop\customer_api\env\Lib\site-packages\sqlalchemy\orm\context.py", line 306, in orm_execute_statement
    result = conn.execute(
             ^^^^^^^^^^^^^
  File "C:\Users\User\Desktop\customer_api\env\Lib\site-packages\sqlalchemy\engine\base.py", line 1419, in execute
    return meth(
           ^^^^^
  File "C:\Users\User\Desktop\customer_api\env\Lib\site-packages\sqlalchemy\sql\elements.py", line 527, in _execute_on_connection
    return connection._execute_clauseelement(
           ^^^^^^^^^^^^^^^^^^^^^^^^^^^^^^^^^^
  File "C:\Users\User\Desktop\customer_api\env\Lib\site-packages\sqlalchemy\engine\base.py", line 1641, in _execute_clauseelement
    ret = self._execute_context(
          ^^^^^^^^^^^^^^^^^^^^^^
  File "C:\Users\User\Desktop\customer_api\env\Lib\site-packages\sqlalchemy\engine\base.py", line 1846, in _execute_context
    return self._exec_single_context(
           ^^^^^^^^^^^^^^^^^^^^^^^^^^
  File "C:\Users\User\Desktop\customer_api\env\Lib\site-packages\sqlalchemy\engine\base.py", line 1986, in _exec_single_context
    self._handle_dbapi_exception(
  File "C:\Users\User\Desktop\customer_api\env\Lib\site-packages\sqlalchemy\engine\base.py", line 2363, in _handle_dbapi_exception
    raise sqlalchemy_exception.with_traceback(exc_info[2]) from e
  File "C:\Users\User\Desktop\customer_api\env\Lib\site-packages\sqlalchemy\engine\base.py", line 1967, in _exec_single_context
    self.dialect.do_execute(
  File "C:\Users\User\Desktop\customer_api\env\Lib\site-packages\sqlalchemy\engine\default.py", line 952, in do_execute
    cursor.execute(statement, parameters)
sqlalchemy.exc.ProgrammingError: (psycopg2.errors.UndefinedColumn) column customers.age does not exist
LINE 1: ...S customers_id, customers.name AS customers_name, customers....
                                                             ^

[SQL: SELECT customers.id AS customers_id, customers.name AS customers_name, customers.age AS customers_age, customers.gender AS customers_gender, customers.date_of_birth AS customers_date_of_birth, customers.email AS customers_email, customers.phone AS customers_phone, customers.alternate_phone AS customers_alternate_phone, customers.company AS customers_company, customers.job_title AS customers_job_title, customers.experience_years AS customers_experience_years, customers.customer_type AS customers_customer_type, customers.status AS customers_status, customers.created_at AS customers_created_at, customers.updated_at AS customers_updated_at, customers.notes AS customers_notes, customers.source AS customers_source 
FROM customers 
WHERE customers.email = %(email_1)s 
 LIMIT %(param_1)s]
[parameters: {'email_1': 'abc@gmail.com', 'param_1': 1}]
(Background on this error at: https://sqlalche.me/e/20/f405)
2026-04-21 23:38:03,928 | ERROR | app_logger | Failed to create customer | Status Code: 500
2026-04-21 23:38:03,930 | INFO | app_logger | Response status: 500
2026-04-21 23:38:47,299 | INFO | app_logger | Application started successfully
2026-04-21 23:39:14,280 | INFO | app_logger | Application started successfully
2026-04-21 23:39:49,518 | INFO | app_logger | GET http://localhost:8000/auth/users
2026-04-21 23:39:49,519 | INFO | app_logger | GET http://localhost:8000/auth/users/count
2026-04-21 23:39:49,530 | INFO | app_logger | GET http://localhost:8000/customers?page=1&limit=5
2026-04-21 23:39:49,536 | INFO | app_logger | Response status: 307
2026-04-21 23:39:49,546 | INFO | app_logger | Fetching all users API called
2026-04-21 23:39:49,548 | INFO | app_logger | Fetching all users
2026-04-21 23:39:49,549 | INFO | app_logger | User count API called
2026-04-21 23:39:49,571 | INFO | app_logger | GET http://localhost:8000/customers/?page=1&limit=5
2026-04-21 23:39:49,574 | DEBUG | app_logger | Total users fetched: 1
2026-04-21 23:39:49,580 | INFO | app_logger | Response status: 200
2026-04-21 23:39:49,606 | INFO | app_logger | Fetch customers by raghu | page=1, limit=5
2026-04-21 23:39:49,653 | INFO | app_logger | Response status: 200
2026-04-21 23:39:49,684 | INFO | app_logger | User count: 1
2026-04-21 23:39:49,689 | INFO | app_logger | Response status: 200
2026-04-21 23:40:38,260 | INFO | app_logger | POST http://localhost:8000/customers/
2026-04-21 23:40:38,293 | INFO | app_logger | Create customer by raghu
2026-04-21 23:40:38,293 | INFO | app_logger | Creating customer: abc
2026-04-21 23:40:38,303 | ERROR | app_logger | Error creating customer
Traceback (most recent call last):
  File "C:\Users\User\Desktop\customer_api\backend\services\customer_service.py", line 91, in create_customer
    new_customer = Customer(
                   ^^^^^^^^^
TypeError: models.customer.Customer() got multiple values for keyword argument 'created_at'
2026-04-21 23:40:38,303 | ERROR | app_logger | Failed to create customer | Status Code: 500
2026-04-21 23:40:38,308 | INFO | app_logger | Response status: 500
2026-04-21 23:42:03,145 | INFO | app_logger | Application started successfully
2026-04-21 23:42:40,616 | INFO | app_logger | POST http://localhost:8000/customers/
2026-04-21 23:42:40,641 | INFO | app_logger | Create customer by raghu
2026-04-21 23:42:40,642 | INFO | app_logger | Creating customer: abc
2026-04-21 23:42:40,704 | INFO | app_logger | Response status: 200
2026-04-21 23:42:40,716 | INFO | app_logger | GET http://localhost:8000/customers?page=1&limit=5
2026-04-21 23:42:40,718 | INFO | app_logger | Response status: 307
2026-04-21 23:42:40,740 | INFO | app_logger | GET http://localhost:8000/customers/?page=1&limit=5
2026-04-21 23:42:40,749 | INFO | app_logger | Fetch customers by raghu | page=1, limit=5
2026-04-21 23:42:40,775 | INFO | app_logger | Response status: 200
2026-04-21 23:42:55,879 | INFO | app_logger | POST http://localhost:8000/addresses/
2026-04-21 23:42:55,891 | INFO | app_logger | Add address for customer 1 by raghu
2026-04-21 23:42:55,912 | INFO | app_logger | Response status: 200
2026-04-21 23:42:55,921 | INFO | app_logger | GET http://localhost:8000/customers?page=1&limit=5
2026-04-21 23:42:55,923 | INFO | app_logger | Response status: 307
2026-04-21 23:42:55,933 | INFO | app_logger | GET http://localhost:8000/customers/?page=1&limit=5
2026-04-21 23:42:55,939 | INFO | app_logger | Fetch customers by raghu | page=1, limit=5
2026-04-21 23:42:55,949 | INFO | app_logger | Response status: 200
2026-04-21 23:43:00,552 | INFO | app_logger | GET http://localhost:8000/customers?page=2&limit=5
2026-04-21 23:43:00,556 | INFO | app_logger | Response status: 307
2026-04-21 23:43:00,574 | INFO | app_logger | GET http://localhost:8000/customers/?page=2&limit=5
2026-04-21 23:43:00,589 | INFO | app_logger | Fetch customers by raghu | page=2, limit=5
2026-04-21 23:43:00,605 | INFO | app_logger | Response status: 200
2026-04-21 23:43:03,789 | INFO | app_logger | GET http://localhost:8000/customers?page=1&limit=5
2026-04-21 23:43:03,793 | INFO | app_logger | Response status: 307
2026-04-21 23:43:03,810 | INFO | app_logger | GET http://localhost:8000/customers/?page=1&limit=5
2026-04-21 23:43:03,820 | INFO | app_logger | Fetch customers by raghu | page=1, limit=5
2026-04-21 23:43:03,835 | INFO | app_logger | Response status: 200
2026-04-21 23:43:12,146 | INFO | app_logger | GET http://localhost:8000/auth/users
2026-04-21 23:43:12,146 | INFO | app_logger | GET http://localhost:8000/auth/users/count
2026-04-21 23:43:12,146 | INFO | app_logger | GET http://localhost:8000/customers?page=1&limit=5
2026-04-21 23:43:12,151 | INFO | app_logger | Response status: 307
2026-04-21 23:43:12,157 | INFO | app_logger | GET http://localhost:8000/customers/?page=1&limit=5
2026-04-21 23:43:12,158 | INFO | app_logger | Fetching all users API called
2026-04-21 23:43:12,158 | INFO | app_logger | User count API called
2026-04-21 23:43:12,160 | INFO | app_logger | Fetching all users
2026-04-21 23:43:12,167 | INFO | app_logger | User count: 1
2026-04-21 23:43:12,168 | INFO | app_logger | Fetch customers by raghu | page=1, limit=5
2026-04-21 23:43:12,169 | INFO | app_logger | Response status: 200
2026-04-21 23:43:12,246 | DEBUG | app_logger | Total users fetched: 1
2026-04-21 23:43:12,249 | INFO | app_logger | Response status: 200
2026-04-21 23:43:12,260 | INFO | app_logger | Response status: 200
2026-04-22 09:16:01,050 | INFO | app_logger | Application started successfully
2026-04-22 09:17:29,943 | INFO | app_logger | GET http://localhost:8000/customers?page=1&limit=5
2026-04-22 09:17:29,943 | INFO | app_logger | GET http://localhost:8000/auth/users
2026-04-22 09:17:29,967 | INFO | app_logger | GET http://localhost:8000/auth/users/count
2026-04-22 09:17:29,972 | INFO | app_logger | Response status: 307
2026-04-22 09:17:29,991 | INFO | app_logger | GET http://localhost:8000/customers/?page=1&limit=5
2026-04-22 09:17:29,995 | INFO | app_logger | Response status: 401
2026-04-22 09:17:29,999 | INFO | app_logger | Response status: 401
2026-04-22 09:17:30,006 | INFO | app_logger | Response status: 401
2026-04-22 09:17:48,219 | INFO | app_logger | POST http://localhost:8000/auth/login?username=raghu&password=2003
2026-04-22 09:17:48,228 | INFO | app_logger | Login API called for user: raghu
2026-04-22 09:17:48,231 | INFO | app_logger | Login attempt: raghu
2026-04-22 09:17:49,076 | INFO | app_logger | Login successful: raghu
2026-04-22 09:17:49,077 | INFO | app_logger | Response status: 200
2026-04-22 09:17:49,088 | INFO | app_logger | GET http://localhost:8000/auth/users
2026-04-22 09:17:49,092 | INFO | app_logger | GET http://localhost:8000/auth/users/count
2026-04-22 09:17:49,109 | INFO | app_logger | User count API called
2026-04-22 09:17:49,110 | INFO | app_logger | Fetching all users API called
2026-04-22 09:17:49,125 | INFO | app_logger | Fetching all users
2026-04-22 09:17:49,127 | INFO | app_logger | User count: 1
2026-04-22 09:17:49,130 | INFO | app_logger | Response status: 200
2026-04-22 09:17:49,139 | INFO | app_logger | GET http://localhost:8000/customers?page=1&limit=5
2026-04-22 09:17:49,143 | INFO | app_logger | Response status: 307
2026-04-22 09:17:49,156 | INFO | app_logger | GET http://localhost:8000/customers/?page=1&limit=5
2026-04-22 09:17:49,163 | INFO | app_logger | Fetch customers by raghu | page=1, limit=5
2026-04-22 09:17:49,200 | INFO | app_logger | Response status: 200
2026-04-22 09:17:49,260 | DEBUG | app_logger | Total users fetched: 1
2026-04-22 09:17:49,260 | INFO | app_logger | Response status: 200
2026-04-22 09:17:56,171 | INFO | app_logger | GET http://localhost:8000/customers?page=2&limit=5
2026-04-22 09:17:56,174 | INFO | app_logger | Response status: 307
2026-04-22 09:17:56,195 | INFO | app_logger | GET http://localhost:8000/customers/?page=2&limit=5
2026-04-22 09:17:56,209 | INFO | app_logger | Fetch customers by raghu | page=2, limit=5
2026-04-22 09:17:56,222 | INFO | app_logger | Response status: 200
2026-04-22 09:17:58,786 | INFO | app_logger | GET http://localhost:8000/customers?page=1&limit=5
2026-04-22 09:17:58,788 | INFO | app_logger | Response status: 307
2026-04-22 09:17:58,804 | INFO | app_logger | GET http://localhost:8000/customers/?page=1&limit=5
2026-04-22 09:17:58,814 | INFO | app_logger | Fetch customers by raghu | page=1, limit=5
2026-04-22 09:17:58,834 | INFO | app_logger | Response status: 200
2026-04-22 09:53:50,311 | INFO | app_logger | Application started successfully
2026-04-22 09:55:05,160 | INFO | app_logger | Application started successfully
2026-04-22 10:03:16,309 | INFO | app_logger | GET http://localhost:8000/
2026-04-22 10:03:16,322 | INFO | app_logger | Response status: 200
2026-04-22 10:03:16,362 | INFO | app_logger | GET http://localhost:8000/favicon.ico
2026-04-22 10:03:16,364 | INFO | app_logger | Response status: 404
2026-04-22 10:03:34,140 | INFO | app_logger | GET http://localhost:8000/docs
2026-04-22 10:03:34,142 | INFO | app_logger | Response status: 200
2026-04-22 10:03:34,243 | INFO | app_logger | GET http://localhost:8000/openapi.json
2026-04-22 10:03:34,327 | INFO | app_logger | Response status: 200
2026-04-22 10:12:35,367 | INFO | app_logger | POST http://localhost:8000/auth/login?username=raghu&password=2003
2026-04-22 10:12:35,381 | INFO | app_logger | Login API called for user: raghu
2026-04-22 10:12:35,382 | INFO | app_logger | Login attempt: raghu
2026-04-22 10:12:35,767 | INFO | app_logger | Login successful: raghu
2026-04-22 10:12:35,768 | INFO | app_logger | Response status: 200
2026-04-22 10:12:35,777 | INFO | app_logger | GET http://localhost:8000/auth/users
2026-04-22 10:12:35,777 | INFO | app_logger | GET http://localhost:8000/customers?page=1&limit=5
2026-04-22 10:12:35,780 | INFO | app_logger | Response status: 307
2026-04-22 10:12:35,783 | INFO | app_logger | GET http://localhost:8000/auth/users/count
2026-04-22 10:12:35,785 | INFO | app_logger | Fetching all users API called
2026-04-22 10:12:35,786 | INFO | app_logger | Fetching all users
2026-04-22 10:12:35,789 | DEBUG | app_logger | Total users fetched: 1
2026-04-22 10:12:35,789 | INFO | app_logger | User count API called
2026-04-22 10:12:35,792 | INFO | app_logger | Response status: 200
2026-04-22 10:12:35,802 | INFO | app_logger | GET http://localhost:8000/customers/?page=1&limit=5
2026-04-22 10:12:35,807 | INFO | app_logger | Fetch customers by raghu | page=1, limit=5
2026-04-22 10:12:35,826 | INFO | app_logger | Response status: 200
2026-04-22 10:12:35,862 | INFO | app_logger | User count: 1
2026-04-22 10:12:35,863 | INFO | app_logger | Response status: 200
2026-04-22 10:13:04,645 | INFO | app_logger | GET http://localhost:8000/customers?page=2&limit=5
2026-04-22 10:13:04,649 | INFO | app_logger | Response status: 307
2026-04-22 10:13:04,660 | INFO | app_logger | GET http://localhost:8000/customers/?page=2&limit=5
2026-04-22 10:13:04,665 | INFO | app_logger | Fetch customers by raghu | page=2, limit=5
2026-04-22 10:13:04,671 | INFO | app_logger | Response status: 200
2026-04-22 10:13:07,109 | INFO | app_logger | GET http://localhost:8000/customers?page=1&limit=5
2026-04-22 10:13:07,113 | INFO | app_logger | Response status: 307
2026-04-22 10:13:07,126 | INFO | app_logger | GET http://localhost:8000/customers/?page=1&limit=5
2026-04-22 10:13:07,131 | INFO | app_logger | Fetch customers by raghu | page=1, limit=5
2026-04-22 10:13:07,139 | INFO | app_logger | Response status: 200
2026-04-22 10:52:34,506 | INFO | app_logger | Application started successfully
2026-04-22 12:06:56,880 | INFO | app_logger | Application started successfully
2026-04-22 12:06:57,028 | INFO | app_logger | GET http://127.0.0.1:8000/
2026-04-22 12:06:57,048 | INFO | app_logger | Response status: 200
2026-04-22 12:06:57,088 | INFO | app_logger | GET http://127.0.0.1:8000/favicon.ico
2026-04-22 12:06:57,092 | INFO | app_logger | Response status: 404
2026-04-22 12:07:12,531 | INFO | app_logger | GET http://127.0.0.1:8000/readdoc
2026-04-22 12:07:12,531 | INFO | app_logger | Response status: 404
2026-04-22 12:07:29,501 | INFO | app_logger | GET http://127.0.0.1:8000/redocs
2026-04-22 12:07:29,501 | INFO | app_logger | Response status: 404
2026-04-22 12:07:36,222 | INFO | app_logger | GET http://127.0.0.1:8000/redoc
2026-04-22 12:07:36,222 | INFO | app_logger | Response status: 200
2026-04-22 12:07:36,579 | INFO | app_logger | GET http://127.0.0.1:8000/openapi.json
2026-04-22 12:07:36,778 | INFO | app_logger | Response status: 200
2026-04-22 12:29:56,610 | INFO | app_logger | Application started successfully
2026-04-22 12:30:03,175 | INFO | app_logger | GET http://127.0.0.1:8000/redoc
2026-04-22 12:30:03,177 | INFO | app_logger | Response status: 200
2026-04-22 12:30:03,598 | INFO | app_logger | GET http://127.0.0.1:8000/openapi.json
2026-04-22 12:30:03,867 | INFO | app_logger | Response status: 200
2026-04-22 14:05:02,736 | INFO | app_logger | Application started successfully
2026-04-22 14:05:20,869 | INFO | app_logger | GET http://127.0.0.1:8000/redoc
2026-04-22 14:05:20,873 | INFO | app_logger | Response status: 200
2026-04-22 14:05:21,050 | INFO | app_logger | GET http://127.0.0.1:8000/openapi.json
2026-04-22 14:05:21,239 | INFO | app_logger | Response status: 200
2026-04-22 14:18:15,557 | INFO | app_logger | GET http://127.0.0.1:8000/redoc
2026-04-22 14:18:15,562 | INFO | app_logger | Response status: 200
2026-04-22 14:18:15,710 | INFO | app_logger | GET http://127.0.0.1:8000/openapi.json
2026-04-22 14:18:15,713 | INFO | app_logger | Response status: 200
2026-04-22 14:20:39,910 | INFO | app_logger | Application started successfully
2026-04-22 14:21:42,335 | INFO | app_logger | Application started successfully
2026-04-22 14:25:01,572 | INFO | app_logger | Application started successfully
2026-04-22 14:26:25,146 | INFO | app_logger | Application started successfully
2026-04-22 14:27:22,118 | INFO | app_logger | Application started successfully
2026-04-22 14:27:26,858 | INFO | app_logger | GET http://127.0.0.1:8000/
2026-04-22 14:27:26,864 | INFO | app_logger | Response status: 200
2026-04-22 14:27:26,980 | INFO | app_logger | GET http://127.0.0.1:8000/favicon.ico
2026-04-22 14:27:27,011 | INFO | app_logger | Response status: 404
2026-04-22 14:27:32,102 | INFO | app_logger | GET http://127.0.0.1:8000/docs
2026-04-22 14:27:32,105 | INFO | app_logger | Response status: 200
2026-04-22 14:27:32,535 | INFO | app_logger | GET http://127.0.0.1:8000/openapi.json
2026-04-22 14:27:32,694 | INFO | app_logger | Response status: 200
2026-04-22 14:28:26,697 | INFO | app_logger | POST http://127.0.0.1:8000/auth/register
2026-04-22 14:28:26,768 | INFO | app_logger | Response status: 422
2026-04-22 14:28:41,632 | INFO | app_logger | POST http://127.0.0.1:8000/auth/register
2026-04-22 14:28:41,636 | INFO | app_logger | Register API called for email: Raghu@gmail.com
2026-04-22 14:28:41,637 | INFO | app_logger | Register attempt: raghu@gmail.com
2026-04-22 14:28:41,662 | ERROR | app_logger | Registration failed
Traceback (most recent call last):
  File "C:\Users\User\Desktop\customer_api\env\Lib\site-packages\sqlalchemy\engine\base.py", line 1967, in _exec_single_context
    self.dialect.do_execute(
  File "C:\Users\User\Desktop\customer_api\env\Lib\site-packages\sqlalchemy\engine\default.py", line 952, in do_execute
    cursor.execute(statement, parameters)
psycopg2.errors.UndefinedColumn: column users.email does not exist
LINE 1: SELECT users.id AS users_id, users.email AS users_email, use...
                                     ^


The above exception was the direct cause of the following exception:

Traceback (most recent call last):
  File "C:\Users\User\Desktop\customer_api\backend\services\auth_service.py", line 23, in register_user
    existing_user = db.query(User).filter(User.email == email).first()
                    ^^^^^^^^^^^^^^^^^^^^^^^^^^^^^^^^^^^^^^^^^^^^^^^^^^
  File "C:\Users\User\Desktop\customer_api\env\Lib\site-packages\sqlalchemy\orm\query.py", line 2766, in first
    return self.limit(1)._iter().first()  # type: ignore
           ^^^^^^^^^^^^^^^^^^^^^
  File "C:\Users\User\Desktop\customer_api\env\Lib\site-packages\sqlalchemy\orm\query.py", line 2864, in _iter
    result: Union[ScalarResult[_T], Result[_T]] = self.session.execute(
                                                  ^^^^^^^^^^^^^^^^^^^^^
  File "C:\Users\User\Desktop\customer_api\env\Lib\site-packages\sqlalchemy\orm\session.py", line 2351, in execute
    return self._execute_internal(
           ^^^^^^^^^^^^^^^^^^^^^^^
  File "C:\Users\User\Desktop\customer_api\env\Lib\site-packages\sqlalchemy\orm\session.py", line 2249, in _execute_internal
    result: Result[Any] = compile_state_cls.orm_execute_statement(
                          ^^^^^^^^^^^^^^^^^^^^^^^^^^^^^^^^^^^^^^^^
  File "C:\Users\User\Desktop\customer_api\env\Lib\site-packages\sqlalchemy\orm\context.py", line 306, in orm_execute_statement
    result = conn.execute(
             ^^^^^^^^^^^^^
  File "C:\Users\User\Desktop\customer_api\env\Lib\site-packages\sqlalchemy\engine\base.py", line 1419, in execute
    return meth(
           ^^^^^
  File "C:\Users\User\Desktop\customer_api\env\Lib\site-packages\sqlalchemy\sql\elements.py", line 527, in _execute_on_connection
    return connection._execute_clauseelement(
           ^^^^^^^^^^^^^^^^^^^^^^^^^^^^^^^^^^
  File "C:\Users\User\Desktop\customer_api\env\Lib\site-packages\sqlalchemy\engine\base.py", line 1641, in _execute_clauseelement
    ret = self._execute_context(
          ^^^^^^^^^^^^^^^^^^^^^^
  File "C:\Users\User\Desktop\customer_api\env\Lib\site-packages\sqlalchemy\engine\base.py", line 1846, in _execute_context
    return self._exec_single_context(
           ^^^^^^^^^^^^^^^^^^^^^^^^^^
  File "C:\Users\User\Desktop\customer_api\env\Lib\site-packages\sqlalchemy\engine\base.py", line 1986, in _exec_single_context
    self._handle_dbapi_exception(
  File "C:\Users\User\Desktop\customer_api\env\Lib\site-packages\sqlalchemy\engine\base.py", line 2363, in _handle_dbapi_exception
    raise sqlalchemy_exception.with_traceback(exc_info[2]) from e
  File "C:\Users\User\Desktop\customer_api\env\Lib\site-packages\sqlalchemy\engine\base.py", line 1967, in _exec_single_context
    self.dialect.do_execute(
  File "C:\Users\User\Desktop\customer_api\env\Lib\site-packages\sqlalchemy\engine\default.py", line 952, in do_execute
    cursor.execute(statement, parameters)
sqlalchemy.exc.ProgrammingError: (psycopg2.errors.UndefinedColumn) column users.email does not exist
LINE 1: SELECT users.id AS users_id, users.email AS users_email, use...
                                     ^

[SQL: SELECT users.id AS users_id, users.email AS users_email, users.password AS users_password, users.role AS users_role 
FROM users 
WHERE users.email = %(email_1)s 
 LIMIT %(param_1)s]
[parameters: {'email_1': 'raghu@gmail.com', 'param_1': 1}]
(Background on this error at: https://sqlalche.me/e/20/f405)
2026-04-22 14:28:41,689 | ERROR | app_logger | Internal server error | Status Code: 500
2026-04-22 14:28:41,689 | INFO | app_logger | Response status: 500
2026-04-22 14:31:46,259 | INFO | app_logger | POST http://127.0.0.1:8000/auth/register
2026-04-22 14:31:46,263 | INFO | app_logger | Register API called for email: Raghu@gmail.com
2026-04-22 14:31:46,263 | INFO | app_logger | Register attempt: raghu@gmail.com
2026-04-22 14:31:46,265 | ERROR | app_logger | Registration failed
Traceback (most recent call last):
  File "C:\Users\User\Desktop\customer_api\env\Lib\site-packages\sqlalchemy\engine\base.py", line 1967, in _exec_single_context
    self.dialect.do_execute(
  File "C:\Users\User\Desktop\customer_api\env\Lib\site-packages\sqlalchemy\engine\default.py", line 952, in do_execute
    cursor.execute(statement, parameters)
psycopg2.errors.UndefinedTable: relation "users" does not exist
LINE 2: FROM users 
             ^


The above exception was the direct cause of the following exception:

Traceback (most recent call last):
  File "C:\Users\User\Desktop\customer_api\backend\services\auth_service.py", line 23, in register_user
    existing_user = db.query(User).filter(User.email == email).first()
                    ^^^^^^^^^^^^^^^^^^^^^^^^^^^^^^^^^^^^^^^^^^^^^^^^^^
  File "C:\Users\User\Desktop\customer_api\env\Lib\site-packages\sqlalchemy\orm\query.py", line 2766, in first
    return self.limit(1)._iter().first()  # type: ignore
           ^^^^^^^^^^^^^^^^^^^^^
  File "C:\Users\User\Desktop\customer_api\env\Lib\site-packages\sqlalchemy\orm\query.py", line 2864, in _iter
    result: Union[ScalarResult[_T], Result[_T]] = self.session.execute(
                                                  ^^^^^^^^^^^^^^^^^^^^^
  File "C:\Users\User\Desktop\customer_api\env\Lib\site-packages\sqlalchemy\orm\session.py", line 2351, in execute
    return self._execute_internal(
           ^^^^^^^^^^^^^^^^^^^^^^^
  File "C:\Users\User\Desktop\customer_api\env\Lib\site-packages\sqlalchemy\orm\session.py", line 2249, in _execute_internal
    result: Result[Any] = compile_state_cls.orm_execute_statement(
                          ^^^^^^^^^^^^^^^^^^^^^^^^^^^^^^^^^^^^^^^^
  File "C:\Users\User\Desktop\customer_api\env\Lib\site-packages\sqlalchemy\orm\context.py", line 306, in orm_execute_statement
    result = conn.execute(
             ^^^^^^^^^^^^^
  File "C:\Users\User\Desktop\customer_api\env\Lib\site-packages\sqlalchemy\engine\base.py", line 1419, in execute
    return meth(
           ^^^^^
  File "C:\Users\User\Desktop\customer_api\env\Lib\site-packages\sqlalchemy\sql\elements.py", line 527, in _execute_on_connection
    return connection._execute_clauseelement(
           ^^^^^^^^^^^^^^^^^^^^^^^^^^^^^^^^^^
  File "C:\Users\User\Desktop\customer_api\env\Lib\site-packages\sqlalchemy\engine\base.py", line 1641, in _execute_clauseelement
    ret = self._execute_context(
          ^^^^^^^^^^^^^^^^^^^^^^
  File "C:\Users\User\Desktop\customer_api\env\Lib\site-packages\sqlalchemy\engine\base.py", line 1846, in _execute_context
    return self._exec_single_context(
           ^^^^^^^^^^^^^^^^^^^^^^^^^^
  File "C:\Users\User\Desktop\customer_api\env\Lib\site-packages\sqlalchemy\engine\base.py", line 1986, in _exec_single_context
    self._handle_dbapi_exception(
  File "C:\Users\User\Desktop\customer_api\env\Lib\site-packages\sqlalchemy\engine\base.py", line 2363, in _handle_dbapi_exception
    raise sqlalchemy_exception.with_traceback(exc_info[2]) from e
  File "C:\Users\User\Desktop\customer_api\env\Lib\site-packages\sqlalchemy\engine\base.py", line 1967, in _exec_single_context
    self.dialect.do_execute(
  File "C:\Users\User\Desktop\customer_api\env\Lib\site-packages\sqlalchemy\engine\default.py", line 952, in do_execute
    cursor.execute(statement, parameters)
sqlalchemy.exc.ProgrammingError: (psycopg2.errors.UndefinedTable) relation "users" does not exist
LINE 2: FROM users 
             ^

[SQL: SELECT users.id AS users_id, users.email AS users_email, users.password AS users_password, users.role AS users_role 
FROM users 
WHERE users.email = %(email_1)s 
 LIMIT %(param_1)s]
[parameters: {'email_1': 'raghu@gmail.com', 'param_1': 1}]
(Background on this error at: https://sqlalche.me/e/20/f405)
2026-04-22 14:31:46,269 | ERROR | app_logger | Internal server error | Status Code: 500
2026-04-22 14:31:46,271 | INFO | app_logger | Response status: 500
2026-04-22 14:34:20,881 | INFO | app_logger | POST http://127.0.0.1:8000/auth/register
2026-04-22 14:34:20,885 | INFO | app_logger | Register API called for email: Raghu@gmail.com
2026-04-22 14:34:20,885 | INFO | app_logger | Register attempt: raghu@gmail.com
2026-04-22 14:34:20,888 | ERROR | app_logger | Registration failed
Traceback (most recent call last):
  File "C:\Users\User\Desktop\customer_api\env\Lib\site-packages\sqlalchemy\engine\base.py", line 1967, in _exec_single_context
    self.dialect.do_execute(
  File "C:\Users\User\Desktop\customer_api\env\Lib\site-packages\sqlalchemy\engine\default.py", line 952, in do_execute
    cursor.execute(statement, parameters)
psycopg2.errors.UndefinedTable: relation "users" does not exist
LINE 2: FROM users 
             ^


The above exception was the direct cause of the following exception:

Traceback (most recent call last):
  File "C:\Users\User\Desktop\customer_api\backend\services\auth_service.py", line 23, in register_user
    existing_user = db.query(User).filter(User.email == email).first()
                    ^^^^^^^^^^^^^^^^^^^^^^^^^^^^^^^^^^^^^^^^^^^^^^^^^^
  File "C:\Users\User\Desktop\customer_api\env\Lib\site-packages\sqlalchemy\orm\query.py", line 2766, in first
    return self.limit(1)._iter().first()  # type: ignore
           ^^^^^^^^^^^^^^^^^^^^^
  File "C:\Users\User\Desktop\customer_api\env\Lib\site-packages\sqlalchemy\orm\query.py", line 2864, in _iter
    result: Union[ScalarResult[_T], Result[_T]] = self.session.execute(
                                                  ^^^^^^^^^^^^^^^^^^^^^
  File "C:\Users\User\Desktop\customer_api\env\Lib\site-packages\sqlalchemy\orm\session.py", line 2351, in execute
    return self._execute_internal(
           ^^^^^^^^^^^^^^^^^^^^^^^
  File "C:\Users\User\Desktop\customer_api\env\Lib\site-packages\sqlalchemy\orm\session.py", line 2249, in _execute_internal
    result: Result[Any] = compile_state_cls.orm_execute_statement(
                          ^^^^^^^^^^^^^^^^^^^^^^^^^^^^^^^^^^^^^^^^
  File "C:\Users\User\Desktop\customer_api\env\Lib\site-packages\sqlalchemy\orm\context.py", line 306, in orm_execute_statement
    result = conn.execute(
             ^^^^^^^^^^^^^
  File "C:\Users\User\Desktop\customer_api\env\Lib\site-packages\sqlalchemy\engine\base.py", line 1419, in execute
    return meth(
           ^^^^^
  File "C:\Users\User\Desktop\customer_api\env\Lib\site-packages\sqlalchemy\sql\elements.py", line 527, in _execute_on_connection
    return connection._execute_clauseelement(
           ^^^^^^^^^^^^^^^^^^^^^^^^^^^^^^^^^^
  File "C:\Users\User\Desktop\customer_api\env\Lib\site-packages\sqlalchemy\engine\base.py", line 1641, in _execute_clauseelement
    ret = self._execute_context(
          ^^^^^^^^^^^^^^^^^^^^^^
  File "C:\Users\User\Desktop\customer_api\env\Lib\site-packages\sqlalchemy\engine\base.py", line 1846, in _execute_context
    return self._exec_single_context(
           ^^^^^^^^^^^^^^^^^^^^^^^^^^
  File "C:\Users\User\Desktop\customer_api\env\Lib\site-packages\sqlalchemy\engine\base.py", line 1986, in _exec_single_context
    self._handle_dbapi_exception(
  File "C:\Users\User\Desktop\customer_api\env\Lib\site-packages\sqlalchemy\engine\base.py", line 2363, in _handle_dbapi_exception
    raise sqlalchemy_exception.with_traceback(exc_info[2]) from e
  File "C:\Users\User\Desktop\customer_api\env\Lib\site-packages\sqlalchemy\engine\base.py", line 1967, in _exec_single_context
    self.dialect.do_execute(
  File "C:\Users\User\Desktop\customer_api\env\Lib\site-packages\sqlalchemy\engine\default.py", line 952, in do_execute
    cursor.execute(statement, parameters)
sqlalchemy.exc.ProgrammingError: (psycopg2.errors.UndefinedTable) relation "users" does not exist
LINE 2: FROM users 
             ^

[SQL: SELECT users.id AS users_id, users.email AS users_email, users.password AS users_password, users.role AS users_role 
FROM users 
WHERE users.email = %(email_1)s 
 LIMIT %(param_1)s]
[parameters: {'email_1': 'raghu@gmail.com', 'param_1': 1}]
(Background on this error at: https://sqlalche.me/e/20/f405)
2026-04-22 14:34:20,893 | ERROR | app_logger | Internal server error | Status Code: 500
2026-04-22 14:34:20,894 | INFO | app_logger | Response status: 500
2026-04-22 14:34:23,941 | INFO | app_logger | GET http://127.0.0.1:8000/docs
2026-04-22 14:34:23,946 | INFO | app_logger | Response status: 200
2026-04-22 14:34:24,148 | INFO | app_logger | GET http://127.0.0.1:8000/openapi.json
2026-04-22 14:34:24,149 | INFO | app_logger | Response status: 200
2026-04-22 14:35:21,433 | INFO | app_logger | POST http://127.0.0.1:8000/auth/register
2026-04-22 14:35:21,436 | INFO | app_logger | Register API called for email: Raghu@gmail.com
2026-04-22 14:35:21,436 | INFO | app_logger | Register attempt: raghu@gmail.com
2026-04-22 14:35:21,438 | ERROR | app_logger | Registration failed
Traceback (most recent call last):
  File "C:\Users\User\Desktop\customer_api\env\Lib\site-packages\sqlalchemy\engine\base.py", line 1967, in _exec_single_context
    self.dialect.do_execute(
  File "C:\Users\User\Desktop\customer_api\env\Lib\site-packages\sqlalchemy\engine\default.py", line 952, in do_execute
    cursor.execute(statement, parameters)
psycopg2.errors.UndefinedTable: relation "users" does not exist
LINE 2: FROM users 
             ^


The above exception was the direct cause of the following exception:

Traceback (most recent call last):
  File "C:\Users\User\Desktop\customer_api\backend\services\auth_service.py", line 23, in register_user
    existing_user = db.query(User).filter(User.email == email).first()
                    ^^^^^^^^^^^^^^^^^^^^^^^^^^^^^^^^^^^^^^^^^^^^^^^^^^
  File "C:\Users\User\Desktop\customer_api\env\Lib\site-packages\sqlalchemy\orm\query.py", line 2766, in first
    return self.limit(1)._iter().first()  # type: ignore
           ^^^^^^^^^^^^^^^^^^^^^
  File "C:\Users\User\Desktop\customer_api\env\Lib\site-packages\sqlalchemy\orm\query.py", line 2864, in _iter
    result: Union[ScalarResult[_T], Result[_T]] = self.session.execute(
                                                  ^^^^^^^^^^^^^^^^^^^^^
  File "C:\Users\User\Desktop\customer_api\env\Lib\site-packages\sqlalchemy\orm\session.py", line 2351, in execute
    return self._execute_internal(
           ^^^^^^^^^^^^^^^^^^^^^^^
  File "C:\Users\User\Desktop\customer_api\env\Lib\site-packages\sqlalchemy\orm\session.py", line 2249, in _execute_internal
    result: Result[Any] = compile_state_cls.orm_execute_statement(
                          ^^^^^^^^^^^^^^^^^^^^^^^^^^^^^^^^^^^^^^^^
  File "C:\Users\User\Desktop\customer_api\env\Lib\site-packages\sqlalchemy\orm\context.py", line 306, in orm_execute_statement
    result = conn.execute(
             ^^^^^^^^^^^^^
  File "C:\Users\User\Desktop\customer_api\env\Lib\site-packages\sqlalchemy\engine\base.py", line 1419, in execute
    return meth(
           ^^^^^
  File "C:\Users\User\Desktop\customer_api\env\Lib\site-packages\sqlalchemy\sql\elements.py", line 527, in _execute_on_connection
    return connection._execute_clauseelement(
           ^^^^^^^^^^^^^^^^^^^^^^^^^^^^^^^^^^
  File "C:\Users\User\Desktop\customer_api\env\Lib\site-packages\sqlalchemy\engine\base.py", line 1641, in _execute_clauseelement
    ret = self._execute_context(
          ^^^^^^^^^^^^^^^^^^^^^^
  File "C:\Users\User\Desktop\customer_api\env\Lib\site-packages\sqlalchemy\engine\base.py", line 1846, in _execute_context
    return self._exec_single_context(
           ^^^^^^^^^^^^^^^^^^^^^^^^^^
  File "C:\Users\User\Desktop\customer_api\env\Lib\site-packages\sqlalchemy\engine\base.py", line 1986, in _exec_single_context
    self._handle_dbapi_exception(
  File "C:\Users\User\Desktop\customer_api\env\Lib\site-packages\sqlalchemy\engine\base.py", line 2363, in _handle_dbapi_exception
    raise sqlalchemy_exception.with_traceback(exc_info[2]) from e
  File "C:\Users\User\Desktop\customer_api\env\Lib\site-packages\sqlalchemy\engine\base.py", line 1967, in _exec_single_context
    self.dialect.do_execute(
  File "C:\Users\User\Desktop\customer_api\env\Lib\site-packages\sqlalchemy\engine\default.py", line 952, in do_execute
    cursor.execute(statement, parameters)
sqlalchemy.exc.ProgrammingError: (psycopg2.errors.UndefinedTable) relation "users" does not exist
LINE 2: FROM users 
             ^

[SQL: SELECT users.id AS users_id, users.email AS users_email, users.password AS users_password, users.role AS users_role 
FROM users 
WHERE users.email = %(email_1)s 
 LIMIT %(param_1)s]
[parameters: {'email_1': 'raghu@gmail.com', 'param_1': 1}]
(Background on this error at: https://sqlalche.me/e/20/f405)
2026-04-22 14:35:21,441 | ERROR | app_logger | Internal server error | Status Code: 500
2026-04-22 14:35:21,441 | INFO | app_logger | Response status: 500
2026-04-22 14:35:42,173 | INFO | app_logger | POST http://127.0.0.1:8000/auth/register
2026-04-22 14:35:42,178 | INFO | app_logger | Register API called for email: Raghu@gmail.com
2026-04-22 14:35:42,178 | INFO | app_logger | Register attempt: raghu@gmail.com
2026-04-22 14:35:42,183 | ERROR | app_logger | Registration failed
Traceback (most recent call last):
  File "C:\Users\User\Desktop\customer_api\env\Lib\site-packages\sqlalchemy\engine\base.py", line 1967, in _exec_single_context
    self.dialect.do_execute(
  File "C:\Users\User\Desktop\customer_api\env\Lib\site-packages\sqlalchemy\engine\default.py", line 952, in do_execute
    cursor.execute(statement, parameters)
psycopg2.errors.UndefinedTable: relation "users" does not exist
LINE 2: FROM users 
             ^


The above exception was the direct cause of the following exception:

Traceback (most recent call last):
  File "C:\Users\User\Desktop\customer_api\backend\services\auth_service.py", line 23, in register_user
    existing_user = db.query(User).filter(User.email == email).first()
                    ^^^^^^^^^^^^^^^^^^^^^^^^^^^^^^^^^^^^^^^^^^^^^^^^^^
  File "C:\Users\User\Desktop\customer_api\env\Lib\site-packages\sqlalchemy\orm\query.py", line 2766, in first
    return self.limit(1)._iter().first()  # type: ignore
           ^^^^^^^^^^^^^^^^^^^^^
  File "C:\Users\User\Desktop\customer_api\env\Lib\site-packages\sqlalchemy\orm\query.py", line 2864, in _iter
    result: Union[ScalarResult[_T], Result[_T]] = self.session.execute(
                                                  ^^^^^^^^^^^^^^^^^^^^^
  File "C:\Users\User\Desktop\customer_api\env\Lib\site-packages\sqlalchemy\orm\session.py", line 2351, in execute
    return self._execute_internal(
           ^^^^^^^^^^^^^^^^^^^^^^^
  File "C:\Users\User\Desktop\customer_api\env\Lib\site-packages\sqlalchemy\orm\session.py", line 2249, in _execute_internal
    result: Result[Any] = compile_state_cls.orm_execute_statement(
                          ^^^^^^^^^^^^^^^^^^^^^^^^^^^^^^^^^^^^^^^^
  File "C:\Users\User\Desktop\customer_api\env\Lib\site-packages\sqlalchemy\orm\context.py", line 306, in orm_execute_statement
    result = conn.execute(
             ^^^^^^^^^^^^^
  File "C:\Users\User\Desktop\customer_api\env\Lib\site-packages\sqlalchemy\engine\base.py", line 1419, in execute
    return meth(
           ^^^^^
  File "C:\Users\User\Desktop\customer_api\env\Lib\site-packages\sqlalchemy\sql\elements.py", line 527, in _execute_on_connection
    return connection._execute_clauseelement(
           ^^^^^^^^^^^^^^^^^^^^^^^^^^^^^^^^^^
  File "C:\Users\User\Desktop\customer_api\env\Lib\site-packages\sqlalchemy\engine\base.py", line 1641, in _execute_clauseelement
    ret = self._execute_context(
          ^^^^^^^^^^^^^^^^^^^^^^
  File "C:\Users\User\Desktop\customer_api\env\Lib\site-packages\sqlalchemy\engine\base.py", line 1846, in _execute_context
    return self._exec_single_context(
           ^^^^^^^^^^^^^^^^^^^^^^^^^^
  File "C:\Users\User\Desktop\customer_api\env\Lib\site-packages\sqlalchemy\engine\base.py", line 1986, in _exec_single_context
    self._handle_dbapi_exception(
  File "C:\Users\User\Desktop\customer_api\env\Lib\site-packages\sqlalchemy\engine\base.py", line 2363, in _handle_dbapi_exception
    raise sqlalchemy_exception.with_traceback(exc_info[2]) from e
  File "C:\Users\User\Desktop\customer_api\env\Lib\site-packages\sqlalchemy\engine\base.py", line 1967, in _exec_single_context
    self.dialect.do_execute(
  File "C:\Users\User\Desktop\customer_api\env\Lib\site-packages\sqlalchemy\engine\default.py", line 952, in do_execute
    cursor.execute(statement, parameters)
sqlalchemy.exc.ProgrammingError: (psycopg2.errors.UndefinedTable) relation "users" does not exist
LINE 2: FROM users 
             ^

[SQL: SELECT users.id AS users_id, users.email AS users_email, users.password AS users_password, users.role AS users_role 
FROM users 
WHERE users.email = %(email_1)s 
 LIMIT %(param_1)s]
[parameters: {'email_1': 'raghu@gmail.com', 'param_1': 1}]
(Background on this error at: https://sqlalche.me/e/20/f405)
2026-04-22 14:35:42,188 | ERROR | app_logger | Internal server error | Status Code: 500
2026-04-22 14:35:42,189 | INFO | app_logger | Response status: 500
2026-04-22 14:36:55,136 | INFO | app_logger | Application started successfully
2026-04-22 14:37:01,009 | INFO | app_logger | GET http://127.0.0.1:8000/docs
2026-04-22 14:37:01,011 | INFO | app_logger | Response status: 200
2026-04-22 14:37:01,106 | INFO | app_logger | GET http://127.0.0.1:8000/openapi.json
2026-04-22 14:37:01,285 | INFO | app_logger | Response status: 200
2026-04-22 14:37:07,601 | INFO | app_logger | POST http://127.0.0.1:8000/auth/register
2026-04-22 14:37:07,677 | INFO | app_logger | Register API called for email: Raghu@gmail.com
2026-04-22 14:37:07,677 | INFO | app_logger | Register attempt: raghu@gmail.com
2026-04-22 14:37:08,348 | INFO | app_logger | User registered successfully: raghu@gmail.com
2026-04-22 14:37:08,348 | INFO | app_logger | Response status: 201
2026-04-22 14:37:46,096 | INFO | app_logger | GET http://127.0.0.1:8000/redoc
2026-04-22 14:37:46,098 | INFO | app_logger | Response status: 200
2026-04-22 14:37:46,272 | INFO | app_logger | GET http://127.0.0.1:8000/openapi.json
2026-04-22 14:37:46,273 | INFO | app_logger | Response status: 200
2026-04-22 14:39:00,983 | INFO | app_logger | POST http://127.0.0.1:8000/auth/register
2026-04-22 14:39:00,985 | INFO | app_logger | Register API called for email: Raghu@gmail.com
2026-04-22 14:39:00,985 | INFO | app_logger | Register attempt: raghu@gmail.com
2026-04-22 14:39:00,989 | WARNING | app_logger | Duplicate registration attempt: raghu@gmail.com
2026-04-22 14:39:00,991 | ERROR | app_logger | Email already registered | Status Code: 409
2026-04-22 14:39:00,991 | INFO | app_logger | Response status: 409
2026-04-22 14:39:14,612 | INFO | app_logger | GET http://127.0.0.1:8000/redocs
2026-04-22 14:39:14,612 | INFO | app_logger | Response status: 404
2026-04-22 14:39:19,274 | INFO | app_logger | GET http://127.0.0.1:8000/redoc
2026-04-22 14:39:19,277 | INFO | app_logger | Response status: 200
2026-04-22 14:39:19,396 | INFO | app_logger | GET http://127.0.0.1:8000/openapi.json
2026-04-22 14:39:19,401 | INFO | app_logger | Response status: 200
2026-04-22 14:45:28,014 | INFO | app_logger | Application started successfully
2026-04-22 14:45:28,547 | INFO | app_logger | GET http://127.0.0.1:8000/docs
2026-04-22 14:45:28,550 | INFO | app_logger | Response status: 200
2026-04-22 14:45:28,634 | INFO | app_logger | GET http://127.0.0.1:8000/openapi.json
2026-04-22 14:45:28,735 | INFO | app_logger | Response status: 200
2026-04-22 14:46:23,256 | INFO | app_logger | POST http://127.0.0.1:8000/auth/register
2026-04-22 14:46:23,336 | INFO | app_logger | Register API called for email: Raghu@gmail.com
2026-04-22 14:46:23,339 | INFO | app_logger | Register attempt: raghu@gmail.com
2026-04-22 14:46:23,361 | WARNING | app_logger | Duplicate registration attempt: raghu@gmail.com
2026-04-22 14:46:23,361 | ERROR | app_logger | Email already registered | Status Code: 409
2026-04-22 14:46:23,364 | INFO | app_logger | Response status: 409
2026-04-22 14:49:04,399 | INFO | app_logger | Application started successfully
2026-04-22 14:49:04,960 | INFO | app_logger | GET http://127.0.0.1:8000/docs
2026-04-22 14:49:04,964 | INFO | app_logger | Response status: 200
2026-04-22 14:49:05,051 | INFO | app_logger | GET http://127.0.0.1:8000/openapi.json
2026-04-22 14:49:05,149 | INFO | app_logger | Response status: 200
2026-04-22 14:51:27,394 | INFO | app_logger | Application started successfully
2026-04-22 14:52:38,068 | INFO | app_logger | GET http://127.0.0.1:8000/docs
2026-04-22 14:52:38,071 | INFO | app_logger | Response status: 200
2026-04-22 14:52:38,170 | INFO | app_logger | GET http://127.0.0.1:8000/openapi.json
2026-04-22 14:52:38,360 | INFO | app_logger | Response status: 200
2026-04-22 14:53:03,661 | INFO | app_logger | GET http://127.0.0.1:8000/redocs
2026-04-22 14:53:03,664 | INFO | app_logger | Response status: 404
2026-04-22 14:53:09,315 | INFO | app_logger | GET http://127.0.0.1:8000/redoc
2026-04-22 14:53:09,315 | INFO | app_logger | Response status: 200
2026-04-22 14:53:09,394 | INFO | app_logger | GET http://127.0.0.1:8000/openapi.json
2026-04-22 14:53:09,398 | INFO | app_logger | Response status: 200
2026-04-22 14:54:22,578 | INFO | app_logger | GET http://127.0.0.1:8000/docs
2026-04-22 14:54:22,578 | INFO | app_logger | Response status: 200
2026-04-22 14:54:22,723 | INFO | app_logger | GET http://127.0.0.1:8000/openapi.json
2026-04-22 14:54:22,725 | INFO | app_logger | Response status: 200
2026-04-22 15:11:12,506 | INFO | app_logger | Application started successfully
2026-04-22 15:13:20,072 | INFO | app_logger | Application started successfully
2026-04-22 15:14:14,049 | INFO | app_logger | Application started successfully
2026-04-22 15:17:40,522 | INFO | app_logger | Application started successfully
2026-04-22 15:18:36,827 | INFO | app_logger | Application started successfully
2026-04-22 15:19:16,133 | INFO | app_logger | GET http://127.0.0.1:8000/docs
2026-04-22 15:19:16,136 | INFO | app_logger | Response status: 200
2026-04-22 15:19:16,254 | INFO | app_logger | GET http://127.0.0.1:8000/openapi.json
2026-04-22 15:19:16,423 | INFO | app_logger | Response status: 200
2026-04-22 15:22:01,803 | INFO | app_logger | Application started successfully
2026-04-22 15:22:20,228 | INFO | app_logger | Application started successfully
2026-04-22 15:22:37,523 | INFO | app_logger | Application started successfully
2026-04-22 15:44:59,798 | INFO | app_logger | Application started successfully
2026-04-22 15:58:14,489 | INFO | app_logger | Application started successfully
2026-04-22 16:01:01,015 | INFO | app_logger | Application started successfully
2026-04-22 16:02:11,910 | INFO | app_logger | Application started successfully
2026-04-22 16:04:17,414 | INFO | app_logger | Application started successfully
2026-04-22 16:06:38,039 | INFO | app_logger | Application started successfully
2026-04-22 16:07:56,852 | INFO | app_logger | Application started successfully
2026-04-22 16:09:28,246 | INFO | app_logger | Application started successfully
2026-04-22 16:10:25,903 | INFO | app_logger | Application started successfully
2026-04-22 16:11:34,990 | INFO | app_logger | Application started successfully
2026-04-22 16:14:01,039 | INFO | app_logger | GET http://127.0.0.1:8000/docs
2026-04-22 16:14:01,042 | INFO | app_logger | Response status: 200
2026-04-22 16:14:01,118 | INFO | app_logger | GET http://127.0.0.1:8000/openapi.json
2026-04-22 16:14:01,212 | INFO | app_logger | Response status: 200
2026-04-22 16:14:35,759 | INFO | app_logger | POST http://127.0.0.1:8000/auth/login
2026-04-22 16:14:35,814 | INFO | app_logger | Login API called for email: raghu@gmail.com
2026-04-22 16:14:35,815 | INFO | app_logger | Login attempt: raghu@gmail.com
2026-04-22 16:14:35,830 | ERROR | app_logger | Login failed
Traceback (most recent call last):
  File "C:\Users\User\Desktop\customer_api\env\Lib\site-packages\sqlalchemy\engine\base.py", line 1967, in _exec_single_context
    self.dialect.do_execute(
  File "C:\Users\User\Desktop\customer_api\env\Lib\site-packages\sqlalchemy\engine\default.py", line 952, in do_execute
    cursor.execute(statement, parameters)
psycopg2.errors.UndefinedColumn: column users.username does not exist
LINE 1: ...users.id AS users_id, users.email AS users_email, users.user...
                                                             ^


The above exception was the direct cause of the following exception:

Traceback (most recent call last):
  File "C:\Users\User\Desktop\customer_api\backend\services\auth_service.py", line 82, in login_user
    user = db.query(User).filter(User.email == email).first()
           ^^^^^^^^^^^^^^^^^^^^^^^^^^^^^^^^^^^^^^^^^^^^^^^^^^
  File "C:\Users\User\Desktop\customer_api\env\Lib\site-packages\sqlalchemy\orm\query.py", line 2766, in first
    return self.limit(1)._iter().first()  # type: ignore
           ^^^^^^^^^^^^^^^^^^^^^
  File "C:\Users\User\Desktop\customer_api\env\Lib\site-packages\sqlalchemy\orm\query.py", line 2864, in _iter
    result: Union[ScalarResult[_T], Result[_T]] = self.session.execute(
                                                  ^^^^^^^^^^^^^^^^^^^^^
  File "C:\Users\User\Desktop\customer_api\env\Lib\site-packages\sqlalchemy\orm\session.py", line 2351, in execute
    return self._execute_internal(
           ^^^^^^^^^^^^^^^^^^^^^^^
  File "C:\Users\User\Desktop\customer_api\env\Lib\site-packages\sqlalchemy\orm\session.py", line 2249, in _execute_internal
    result: Result[Any] = compile_state_cls.orm_execute_statement(
                          ^^^^^^^^^^^^^^^^^^^^^^^^^^^^^^^^^^^^^^^^
  File "C:\Users\User\Desktop\customer_api\env\Lib\site-packages\sqlalchemy\orm\context.py", line 306, in orm_execute_statement
    result = conn.execute(
             ^^^^^^^^^^^^^
  File "C:\Users\User\Desktop\customer_api\env\Lib\site-packages\sqlalchemy\engine\base.py", line 1419, in execute
    return meth(
           ^^^^^
  File "C:\Users\User\Desktop\customer_api\env\Lib\site-packages\sqlalchemy\sql\elements.py", line 527, in _execute_on_connection
    return connection._execute_clauseelement(
           ^^^^^^^^^^^^^^^^^^^^^^^^^^^^^^^^^^
  File "C:\Users\User\Desktop\customer_api\env\Lib\site-packages\sqlalchemy\engine\base.py", line 1641, in _execute_clauseelement
    ret = self._execute_context(
          ^^^^^^^^^^^^^^^^^^^^^^
  File "C:\Users\User\Desktop\customer_api\env\Lib\site-packages\sqlalchemy\engine\base.py", line 1846, in _execute_context
    return self._exec_single_context(
           ^^^^^^^^^^^^^^^^^^^^^^^^^^
  File "C:\Users\User\Desktop\customer_api\env\Lib\site-packages\sqlalchemy\engine\base.py", line 1986, in _exec_single_context
    self._handle_dbapi_exception(
  File "C:\Users\User\Desktop\customer_api\env\Lib\site-packages\sqlalchemy\engine\base.py", line 2363, in _handle_dbapi_exception
    raise sqlalchemy_exception.with_traceback(exc_info[2]) from e
  File "C:\Users\User\Desktop\customer_api\env\Lib\site-packages\sqlalchemy\engine\base.py", line 1967, in _exec_single_context
    self.dialect.do_execute(
  File "C:\Users\User\Desktop\customer_api\env\Lib\site-packages\sqlalchemy\engine\default.py", line 952, in do_execute
    cursor.execute(statement, parameters)
sqlalchemy.exc.ProgrammingError: (psycopg2.errors.UndefinedColumn) column users.username does not exist
LINE 1: ...users.id AS users_id, users.email AS users_email, users.user...
                                                             ^

[SQL: SELECT users.id AS users_id, users.email AS users_email, users.username AS users_username, users.password AS users_password, users.role AS users_role 
FROM users 
WHERE users.email = %(email_1)s 
 LIMIT %(param_1)s]
[parameters: {'email_1': 'raghu@gmail.com', 'param_1': 1}]
(Background on this error at: https://sqlalche.me/e/20/f405)
2026-04-22 16:14:35,849 | ERROR | app_logger | Internal server error | Status Code: 500
2026-04-22 16:14:35,850 | INFO | app_logger | Response status: 500
2026-04-22 16:15:30,804 | INFO | app_logger | Application started successfully
2026-04-22 16:15:33,316 | INFO | app_logger | GET http://127.0.0.1:8000/docs
2026-04-22 16:15:33,318 | INFO | app_logger | Response status: 200
2026-04-22 16:15:33,389 | INFO | app_logger | GET http://127.0.0.1:8000/openapi.json
2026-04-22 16:15:33,479 | INFO | app_logger | Response status: 200
2026-04-22 16:15:52,989 | INFO | app_logger | Application started successfully
2026-04-22 16:15:55,018 | INFO | app_logger | GET http://127.0.0.1:8000/docs
2026-04-22 16:15:55,020 | INFO | app_logger | Response status: 200
2026-04-22 16:15:55,079 | INFO | app_logger | GET http://127.0.0.1:8000/openapi.json
2026-04-22 16:15:55,181 | INFO | app_logger | Response status: 200
2026-04-22 16:17:10,768 | INFO | app_logger | Application started successfully
2026-04-22 16:17:20,690 | INFO | app_logger | Application started successfully
2026-04-22 16:17:22,153 | INFO | app_logger | GET http://127.0.0.1:8000/docs
2026-04-22 16:17:22,155 | INFO | app_logger | Response status: 200
2026-04-22 16:17:22,226 | INFO | app_logger | GET http://127.0.0.1:8000/openapi.json
2026-04-22 16:17:22,306 | INFO | app_logger | Response status: 200
2026-04-22 16:17:45,661 | INFO | app_logger | POST http://127.0.0.1:8000/auth/register
2026-04-22 16:17:45,711 | INFO | app_logger | Register API called for email: raghu@gmail.com
2026-04-22 16:17:45,711 | INFO | app_logger | Register attempt: raghu@gmail.com (raghu)
2026-04-22 16:17:45,727 | ERROR | app_logger | Registration failed
Traceback (most recent call last):
  File "C:\Users\User\Desktop\customer_api\env\Lib\site-packages\sqlalchemy\engine\base.py", line 1967, in _exec_single_context
    self.dialect.do_execute(
  File "C:\Users\User\Desktop\customer_api\env\Lib\site-packages\sqlalchemy\engine\default.py", line 952, in do_execute
    cursor.execute(statement, parameters)
psycopg2.errors.UndefinedColumn: column users.username does not exist
LINE 1: ...users.id AS users_id, users.email AS users_email, users.user...
                                                             ^


The above exception was the direct cause of the following exception:

Traceback (most recent call last):
  File "C:\Users\User\Desktop\customer_api\backend\services\auth_service.py", line 24, in register_user
    existing_email = db.query(User).filter(User.email == email).first()
                     ^^^^^^^^^^^^^^^^^^^^^^^^^^^^^^^^^^^^^^^^^^^^^^^^^^
  File "C:\Users\User\Desktop\customer_api\env\Lib\site-packages\sqlalchemy\orm\query.py", line 2766, in first
    return self.limit(1)._iter().first()  # type: ignore
           ^^^^^^^^^^^^^^^^^^^^^
  File "C:\Users\User\Desktop\customer_api\env\Lib\site-packages\sqlalchemy\orm\query.py", line 2864, in _iter
    result: Union[ScalarResult[_T], Result[_T]] = self.session.execute(
                                                  ^^^^^^^^^^^^^^^^^^^^^
  File "C:\Users\User\Desktop\customer_api\env\Lib\site-packages\sqlalchemy\orm\session.py", line 2351, in execute
    return self._execute_internal(
           ^^^^^^^^^^^^^^^^^^^^^^^
  File "C:\Users\User\Desktop\customer_api\env\Lib\site-packages\sqlalchemy\orm\session.py", line 2249, in _execute_internal
    result: Result[Any] = compile_state_cls.orm_execute_statement(
                          ^^^^^^^^^^^^^^^^^^^^^^^^^^^^^^^^^^^^^^^^
  File "C:\Users\User\Desktop\customer_api\env\Lib\site-packages\sqlalchemy\orm\context.py", line 306, in orm_execute_statement
    result = conn.execute(
             ^^^^^^^^^^^^^
  File "C:\Users\User\Desktop\customer_api\env\Lib\site-packages\sqlalchemy\engine\base.py", line 1419, in execute
    return meth(
           ^^^^^
  File "C:\Users\User\Desktop\customer_api\env\Lib\site-packages\sqlalchemy\sql\elements.py", line 527, in _execute_on_connection
    return connection._execute_clauseelement(
           ^^^^^^^^^^^^^^^^^^^^^^^^^^^^^^^^^^
  File "C:\Users\User\Desktop\customer_api\env\Lib\site-packages\sqlalchemy\engine\base.py", line 1641, in _execute_clauseelement
    ret = self._execute_context(
          ^^^^^^^^^^^^^^^^^^^^^^
  File "C:\Users\User\Desktop\customer_api\env\Lib\site-packages\sqlalchemy\engine\base.py", line 1846, in _execute_context
    return self._exec_single_context(
           ^^^^^^^^^^^^^^^^^^^^^^^^^^
  File "C:\Users\User\Desktop\customer_api\env\Lib\site-packages\sqlalchemy\engine\base.py", line 1986, in _exec_single_context
    self._handle_dbapi_exception(
  File "C:\Users\User\Desktop\customer_api\env\Lib\site-packages\sqlalchemy\engine\base.py", line 2363, in _handle_dbapi_exception
    raise sqlalchemy_exception.with_traceback(exc_info[2]) from e
  File "C:\Users\User\Desktop\customer_api\env\Lib\site-packages\sqlalchemy\engine\base.py", line 1967, in _exec_single_context
    self.dialect.do_execute(
  File "C:\Users\User\Desktop\customer_api\env\Lib\site-packages\sqlalchemy\engine\default.py", line 952, in do_execute
    cursor.execute(statement, parameters)
sqlalchemy.exc.ProgrammingError: (psycopg2.errors.UndefinedColumn) column users.username does not exist
LINE 1: ...users.id AS users_id, users.email AS users_email, users.user...
                                                             ^

[SQL: SELECT users.id AS users_id, users.email AS users_email, users.username AS users_username, users.password AS users_password, users.role AS users_role 
FROM users 
WHERE users.email = %(email_1)s 
 LIMIT %(param_1)s]
[parameters: {'email_1': 'raghu@gmail.com', 'param_1': 1}]
(Background on this error at: https://sqlalche.me/e/20/f405)
2026-04-22 16:17:45,745 | ERROR | app_logger | Internal server error | Status Code: 500
2026-04-22 16:17:45,746 | INFO | app_logger | Response status: 500
2026-04-22 16:18:05,787 | INFO | app_logger | Application started successfully
2026-04-22 16:18:10,323 | INFO | app_logger | GET http://127.0.0.1:8000/docs
2026-04-22 16:18:10,325 | INFO | app_logger | Response status: 200
2026-04-22 16:18:10,414 | INFO | app_logger | GET http://127.0.0.1:8000/openapi.json
2026-04-22 16:18:10,541 | INFO | app_logger | Response status: 200
2026-04-22 16:18:20,807 | INFO | app_logger | POST http://127.0.0.1:8000/auth/register
2026-04-22 16:18:20,860 | INFO | app_logger | Register API called for email: raghu@gmail.com
2026-04-22 16:18:20,860 | INFO | app_logger | Register attempt: raghu@gmail.com (raghu)
2026-04-22 16:18:20,877 | ERROR | app_logger | Registration failed
Traceback (most recent call last):
  File "C:\Users\User\Desktop\customer_api\env\Lib\site-packages\sqlalchemy\engine\base.py", line 1967, in _exec_single_context
    self.dialect.do_execute(
  File "C:\Users\User\Desktop\customer_api\env\Lib\site-packages\sqlalchemy\engine\default.py", line 952, in do_execute
    cursor.execute(statement, parameters)
psycopg2.errors.UndefinedColumn: column users.username does not exist
LINE 1: ...users.id AS users_id, users.email AS users_email, users.user...
                                                             ^


The above exception was the direct cause of the following exception:

Traceback (most recent call last):
  File "C:\Users\User\Desktop\customer_api\backend\services\auth_service.py", line 24, in register_user
    existing_email = db.query(User).filter(User.email == email).first()
                     ^^^^^^^^^^^^^^^^^^^^^^^^^^^^^^^^^^^^^^^^^^^^^^^^^^
  File "C:\Users\User\Desktop\customer_api\env\Lib\site-packages\sqlalchemy\orm\query.py", line 2766, in first
    return self.limit(1)._iter().first()  # type: ignore
           ^^^^^^^^^^^^^^^^^^^^^
  File "C:\Users\User\Desktop\customer_api\env\Lib\site-packages\sqlalchemy\orm\query.py", line 2864, in _iter
    result: Union[ScalarResult[_T], Result[_T]] = self.session.execute(
                                                  ^^^^^^^^^^^^^^^^^^^^^
  File "C:\Users\User\Desktop\customer_api\env\Lib\site-packages\sqlalchemy\orm\session.py", line 2351, in execute
    return self._execute_internal(
           ^^^^^^^^^^^^^^^^^^^^^^^
  File "C:\Users\User\Desktop\customer_api\env\Lib\site-packages\sqlalchemy\orm\session.py", line 2249, in _execute_internal
    result: Result[Any] = compile_state_cls.orm_execute_statement(
                          ^^^^^^^^^^^^^^^^^^^^^^^^^^^^^^^^^^^^^^^^
  File "C:\Users\User\Desktop\customer_api\env\Lib\site-packages\sqlalchemy\orm\context.py", line 306, in orm_execute_statement
    result = conn.execute(
             ^^^^^^^^^^^^^
  File "C:\Users\User\Desktop\customer_api\env\Lib\site-packages\sqlalchemy\engine\base.py", line 1419, in execute
    return meth(
           ^^^^^
  File "C:\Users\User\Desktop\customer_api\env\Lib\site-packages\sqlalchemy\sql\elements.py", line 527, in _execute_on_connection
    return connection._execute_clauseelement(
           ^^^^^^^^^^^^^^^^^^^^^^^^^^^^^^^^^^
  File "C:\Users\User\Desktop\customer_api\env\Lib\site-packages\sqlalchemy\engine\base.py", line 1641, in _execute_clauseelement
    ret = self._execute_context(
          ^^^^^^^^^^^^^^^^^^^^^^
  File "C:\Users\User\Desktop\customer_api\env\Lib\site-packages\sqlalchemy\engine\base.py", line 1846, in _execute_context
    return self._exec_single_context(
           ^^^^^^^^^^^^^^^^^^^^^^^^^^
  File "C:\Users\User\Desktop\customer_api\env\Lib\site-packages\sqlalchemy\engine\base.py", line 1986, in _exec_single_context
    self._handle_dbapi_exception(
  File "C:\Users\User\Desktop\customer_api\env\Lib\site-packages\sqlalchemy\engine\base.py", line 2363, in _handle_dbapi_exception
    raise sqlalchemy_exception.with_traceback(exc_info[2]) from e
  File "C:\Users\User\Desktop\customer_api\env\Lib\site-packages\sqlalchemy\engine\base.py", line 1967, in _exec_single_context
    self.dialect.do_execute(
  File "C:\Users\User\Desktop\customer_api\env\Lib\site-packages\sqlalchemy\engine\default.py", line 952, in do_execute
    cursor.execute(statement, parameters)
sqlalchemy.exc.ProgrammingError: (psycopg2.errors.UndefinedColumn) column users.username does not exist
LINE 1: ...users.id AS users_id, users.email AS users_email, users.user...
                                                             ^

[SQL: SELECT users.id AS users_id, users.email AS users_email, users.username AS users_username, users.password AS users_password, users.role AS users_role 
FROM users 
WHERE users.email = %(email_1)s 
 LIMIT %(param_1)s]
[parameters: {'email_1': 'raghu@gmail.com', 'param_1': 1}]
(Background on this error at: https://sqlalche.me/e/20/f405)
2026-04-22 16:18:20,895 | ERROR | app_logger | Internal server error | Status Code: 500
2026-04-22 16:18:20,896 | INFO | app_logger | Response status: 500
2026-04-22 16:19:21,889 | INFO | app_logger | GET http://127.0.0.1:8000/docs
2026-04-22 16:19:21,890 | INFO | app_logger | Response status: 200
2026-04-22 16:19:21,958 | INFO | app_logger | GET http://127.0.0.1:8000/openapi.json
2026-04-22 16:19:21,959 | INFO | app_logger | Response status: 200
2026-04-22 16:19:22,289 | INFO | app_logger | GET http://127.0.0.1:8000/docs
2026-04-22 16:19:22,302 | INFO | app_logger | Response status: 200
2026-04-22 16:19:22,320 | INFO | app_logger | GET http://127.0.0.1:8000/docs
2026-04-22 16:19:22,320 | INFO | app_logger | Response status: 200
2026-04-22 16:19:22,383 | INFO | app_logger | GET http://127.0.0.1:8000/openapi.json
2026-04-22 16:19:22,385 | INFO | app_logger | Response status: 200
2026-04-22 16:19:22,720 | INFO | app_logger | GET http://127.0.0.1:8000/docs
2026-04-22 16:19:22,725 | INFO | app_logger | Response status: 200
2026-04-22 16:19:22,777 | INFO | app_logger | GET http://127.0.0.1:8000/openapi.json
2026-04-22 16:19:22,781 | INFO | app_logger | Response status: 200
2026-04-22 16:19:58,560 | INFO | app_logger | Application started successfully
2026-04-22 16:20:02,601 | INFO | app_logger | GET http://127.0.0.1:8000/docs
2026-04-22 16:20:02,602 | INFO | app_logger | Response status: 200
2026-04-22 16:20:02,688 | INFO | app_logger | GET http://127.0.0.1:8000/openapi.json
2026-04-22 16:20:02,848 | INFO | app_logger | Response status: 200
2026-04-22 16:20:03,166 | INFO | app_logger | GET http://127.0.0.1:8000/docs
2026-04-22 16:20:03,173 | INFO | app_logger | Response status: 200
2026-04-22 16:20:03,225 | INFO | app_logger | GET http://127.0.0.1:8000/openapi.json
2026-04-22 16:20:03,226 | INFO | app_logger | Response status: 200
2026-04-22 16:20:10,580 | INFO | app_logger | POST http://127.0.0.1:8000/auth/register
2026-04-22 16:20:10,647 | INFO | app_logger | Register API called for email: raghu@gmail.com
2026-04-22 16:20:10,648 | INFO | app_logger | Register attempt: raghu@gmail.com (raghu)
2026-04-22 16:20:10,662 | ERROR | app_logger | Registration failed
Traceback (most recent call last):
  File "C:\Users\User\Desktop\customer_api\env\Lib\site-packages\sqlalchemy\engine\base.py", line 1967, in _exec_single_context
    self.dialect.do_execute(
  File "C:\Users\User\Desktop\customer_api\env\Lib\site-packages\sqlalchemy\engine\default.py", line 952, in do_execute
    cursor.execute(statement, parameters)
psycopg2.errors.UndefinedColumn: column users.username does not exist
LINE 1: ...users.id AS users_id, users.email AS users_email, users.user...
                                                             ^


The above exception was the direct cause of the following exception:

Traceback (most recent call last):
  File "C:\Users\User\Desktop\customer_api\backend\services\auth_service.py", line 24, in register_user
    existing_email = db.query(User).filter(User.email == email).first()
                     ^^^^^^^^^^^^^^^^^^^^^^^^^^^^^^^^^^^^^^^^^^^^^^^^^^
  File "C:\Users\User\Desktop\customer_api\env\Lib\site-packages\sqlalchemy\orm\query.py", line 2766, in first
    return self.limit(1)._iter().first()  # type: ignore
           ^^^^^^^^^^^^^^^^^^^^^
  File "C:\Users\User\Desktop\customer_api\env\Lib\site-packages\sqlalchemy\orm\query.py", line 2864, in _iter
    result: Union[ScalarResult[_T], Result[_T]] = self.session.execute(
                                                  ^^^^^^^^^^^^^^^^^^^^^
  File "C:\Users\User\Desktop\customer_api\env\Lib\site-packages\sqlalchemy\orm\session.py", line 2351, in execute
    return self._execute_internal(
           ^^^^^^^^^^^^^^^^^^^^^^^
  File "C:\Users\User\Desktop\customer_api\env\Lib\site-packages\sqlalchemy\orm\session.py", line 2249, in _execute_internal
    result: Result[Any] = compile_state_cls.orm_execute_statement(
                          ^^^^^^^^^^^^^^^^^^^^^^^^^^^^^^^^^^^^^^^^
  File "C:\Users\User\Desktop\customer_api\env\Lib\site-packages\sqlalchemy\orm\context.py", line 306, in orm_execute_statement
    result = conn.execute(
             ^^^^^^^^^^^^^
  File "C:\Users\User\Desktop\customer_api\env\Lib\site-packages\sqlalchemy\engine\base.py", line 1419, in execute
    return meth(
           ^^^^^
  File "C:\Users\User\Desktop\customer_api\env\Lib\site-packages\sqlalchemy\sql\elements.py", line 527, in _execute_on_connection
    return connection._execute_clauseelement(
           ^^^^^^^^^^^^^^^^^^^^^^^^^^^^^^^^^^
  File "C:\Users\User\Desktop\customer_api\env\Lib\site-packages\sqlalchemy\engine\base.py", line 1641, in _execute_clauseelement
    ret = self._execute_context(
          ^^^^^^^^^^^^^^^^^^^^^^
  File "C:\Users\User\Desktop\customer_api\env\Lib\site-packages\sqlalchemy\engine\base.py", line 1846, in _execute_context
    return self._exec_single_context(
           ^^^^^^^^^^^^^^^^^^^^^^^^^^
  File "C:\Users\User\Desktop\customer_api\env\Lib\site-packages\sqlalchemy\engine\base.py", line 1986, in _exec_single_context
    self._handle_dbapi_exception(
  File "C:\Users\User\Desktop\customer_api\env\Lib\site-packages\sqlalchemy\engine\base.py", line 2363, in _handle_dbapi_exception
    raise sqlalchemy_exception.with_traceback(exc_info[2]) from e
  File "C:\Users\User\Desktop\customer_api\env\Lib\site-packages\sqlalchemy\engine\base.py", line 1967, in _exec_single_context
    self.dialect.do_execute(
  File "C:\Users\User\Desktop\customer_api\env\Lib\site-packages\sqlalchemy\engine\default.py", line 952, in do_execute
    cursor.execute(statement, parameters)
sqlalchemy.exc.ProgrammingError: (psycopg2.errors.UndefinedColumn) column users.username does not exist
LINE 1: ...users.id AS users_id, users.email AS users_email, users.user...
                                                             ^

[SQL: SELECT users.id AS users_id, users.email AS users_email, users.username AS users_username, users.password AS users_password, users.role AS users_role 
FROM users 
WHERE users.email = %(email_1)s 
 LIMIT %(param_1)s]
[parameters: {'email_1': 'raghu@gmail.com', 'param_1': 1}]
(Background on this error at: https://sqlalche.me/e/20/f405)
2026-04-22 16:20:10,686 | ERROR | app_logger | Internal server error | Status Code: 500
2026-04-22 16:20:10,687 | INFO | app_logger | Response status: 500
2026-04-22 16:22:56,557 | INFO | app_logger | Application started and database migrated
2026-04-22 16:27:25,623 | INFO | app_logger | GET http://127.0.0.1:8000/docs
2026-04-22 16:27:25,630 | INFO | app_logger | Response status: 200
2026-04-22 16:27:25,712 | INFO | app_logger | GET http://127.0.0.1:8000/openapi.json
2026-04-22 16:27:25,851 | INFO | app_logger | Response status: 200
2026-04-22 16:27:50,866 | INFO | app_logger | Application started and database migrated
2026-04-22 16:27:52,594 | INFO | app_logger | GET http://127.0.0.1:8000/docs
2026-04-22 16:27:52,596 | INFO | app_logger | Response status: 200
2026-04-22 16:27:52,653 | INFO | app_logger | GET http://127.0.0.1:8000/openapi.json
2026-04-22 16:27:52,736 | INFO | app_logger | Response status: 200
2026-04-22 16:27:52,795 | INFO | app_logger | GET http://127.0.0.1:8000/docs
2026-04-22 16:27:52,796 | INFO | app_logger | Response status: 200
2026-04-22 16:27:52,849 | INFO | app_logger | GET http://127.0.0.1:8000/openapi.json
2026-04-22 16:27:52,851 | INFO | app_logger | Response status: 200
2026-04-22 16:27:59,160 | INFO | app_logger | POST http://127.0.0.1:8000/auth/register
2026-04-22 16:27:59,221 | INFO | app_logger | Register API called for email: abc@gmail.com
2026-04-22 16:27:59,222 | INFO | app_logger | Register attempt: abc@gmail.com (abc)
2026-04-22 16:27:59,606 | INFO | app_logger | User registered successfully: abc@gmail.com
2026-04-22 16:27:59,610 | INFO | app_logger | Response status: 201
2026-04-22 16:28:54,268 | INFO | app_logger | POST http://127.0.0.1:8000/auth/login
2026-04-22 16:28:54,270 | INFO | app_logger | Login API called for email: abc@gmail.com
2026-04-22 16:28:54,270 | INFO | app_logger | Login attempt: abc@gmail.com
2026-04-22 16:28:54,577 | INFO | app_logger | Login successful: abc@gmail.com
2026-04-22 16:28:54,577 | INFO | app_logger | Response status: 200
2026-04-22 16:29:43,882 | INFO | app_logger | GET http://127.0.0.1:8000/auth/users
2026-04-22 16:29:43,885 | INFO | app_logger | Fetching users
2026-04-22 16:29:43,885 | INFO | app_logger | Fetching users with pagination: skip=0, limit=10
2026-04-22 16:29:43,887 | INFO | app_logger | Response status: 200
2026-04-22 16:29:54,719 | INFO | app_logger | DELETE http://127.0.0.1:8000/auth/users/1
2026-04-22 16:29:54,721 | ERROR | app_logger | Access denied | Status Code: 403
2026-04-22 16:29:54,729 | INFO | app_logger | Response status: 403
2026-04-22 16:55:09,505 | INFO | app_logger | Application started and database migrated
2026-04-22 16:56:09,402 | INFO | app_logger | Application started and database migrated
2026-04-22 16:56:55,554 | INFO | app_logger | Application started and database migrated
2026-04-22 16:59:28,925 | INFO | app_logger | Application started and database migrated
2026-04-22 17:15:17,325 | INFO | app_logger | GET http://127.0.0.1:8000/redocs
2026-04-22 17:15:17,327 | INFO | app_logger | Response status: 404
2026-04-22 17:15:26,033 | INFO | app_logger | GET http://127.0.0.1:8000/redoc
2026-04-22 17:15:26,035 | INFO | app_logger | Response status: 200
2026-04-22 17:15:26,133 | INFO | app_logger | GET http://127.0.0.1:8000/openapi.json
2026-04-22 17:15:26,300 | INFO | app_logger | Response status: 200
2026-04-22 17:22:35,577 | INFO | app_logger | Application started and database migrated
2026-04-22 17:22:38,227 | INFO | app_logger | Application started and database migrated
2026-04-22 17:22:47,460 | INFO | app_logger | Application started and database migrated
2026-04-22 17:28:58,037 | INFO | app_logger | Application started and database migrated
2026-04-22 17:35:47,235 | INFO | app_logger | POST http://localhost:8000/auth/register
2026-04-22 17:35:47,261 | INFO | app_logger | Register API called for email: raghunandan@gmail.com
2026-04-22 17:35:47,261 | INFO | app_logger | Register attempt: raghunandan@gmail.com (raghu)
2026-04-22 17:35:47,989 | INFO | app_logger | User registered successfully: raghunandan@gmail.com
2026-04-22 17:35:47,992 | INFO | app_logger | Response status: 201
2026-04-22 17:36:04,098 | INFO | app_logger | POST http://localhost:8000/auth/login
2026-04-22 17:36:04,106 | INFO | app_logger | Login API called for email: raghunandamhulkoti@gmail.com
2026-04-22 17:36:04,109 | INFO | app_logger | Login attempt: raghunandamhulkoti@gmail.com
2026-04-22 17:36:04,113 | WARNING | app_logger | Invalid login attempt: raghunandamhulkoti@gmail.com
2026-04-22 17:36:04,115 | ERROR | app_logger | Invalid credentials | Status Code: 401
2026-04-22 17:36:04,115 | INFO | app_logger | Response status: 401
2026-04-22 17:36:17,070 | INFO | app_logger | POST http://localhost:8000/auth/login
2026-04-22 17:36:17,081 | INFO | app_logger | Login API called for email: raghunandanhulkoti@gmail.com
2026-04-22 17:36:17,083 | INFO | app_logger | Login attempt: raghunandanhulkoti@gmail.com
2026-04-22 17:36:17,089 | WARNING | app_logger | Invalid login attempt: raghunandanhulkoti@gmail.com
2026-04-22 17:36:17,094 | ERROR | app_logger | Invalid credentials | Status Code: 401
2026-04-22 17:36:17,096 | INFO | app_logger | Response status: 401
2026-04-22 17:36:20,830 | INFO | app_logger | POST http://localhost:8000/auth/login
2026-04-22 17:36:20,839 | INFO | app_logger | Login API called for email: raghunandanhulkoti@gmail.com
2026-04-22 17:36:20,839 | INFO | app_logger | Login attempt: raghunandanhulkoti@gmail.com
2026-04-22 17:36:20,848 | WARNING | app_logger | Invalid login attempt: raghunandanhulkoti@gmail.com
2026-04-22 17:36:20,852 | ERROR | app_logger | Invalid credentials | Status Code: 401
2026-04-22 17:36:20,852 | INFO | app_logger | Response status: 401
2026-04-22 17:36:30,195 | INFO | app_logger | POST http://localhost:8000/auth/login
2026-04-22 17:36:30,203 | INFO | app_logger | Login API called for email: raghunandanhulkoti@gmail.com
2026-04-22 17:36:30,206 | INFO | app_logger | Login attempt: raghunandanhulkoti@gmail.com
2026-04-22 17:36:30,210 | WARNING | app_logger | Invalid login attempt: raghunandanhulkoti@gmail.com
2026-04-22 17:36:30,216 | ERROR | app_logger | Invalid credentials | Status Code: 401
2026-04-22 17:36:30,218 | INFO | app_logger | Response status: 401
2026-04-22 17:36:55,268 | INFO | app_logger | POST http://localhost:8000/auth/login
2026-04-22 17:36:55,281 | INFO | app_logger | Login API called for email: raghunandan@gmail.com
2026-04-22 17:36:55,281 | INFO | app_logger | Login attempt: raghunandan@gmail.com
2026-04-22 17:36:55,885 | INFO | app_logger | Login successful: raghunandan@gmail.com
2026-04-22 17:36:55,885 | INFO | app_logger | Response status: 200
2026-04-22 17:36:55,898 | INFO | app_logger | GET http://localhost:8000/customers?page=1&limit=5
2026-04-22 17:36:55,899 | INFO | app_logger | GET http://localhost:8000/auth/users/count
2026-04-22 17:36:55,901 | INFO | app_logger | Response status: 307
2026-04-22 17:36:55,906 | ERROR | app_logger | Access denied | Status Code: 403
2026-04-22 17:36:55,906 | INFO | app_logger | Response status: 403
2026-04-22 17:36:55,922 | INFO | app_logger | GET http://localhost:8000/customers/?page=1&limit=5
2026-04-22 17:36:55,927 | ERROR | app_logger | Access denied | Status Code: 403
2026-04-22 17:36:55,927 | INFO | app_logger | Response status: 403
2026-04-22 17:36:59,613 | INFO | app_logger | GET http://localhost:8000/customers?page=1&limit=5
2026-04-22 17:36:59,615 | INFO | app_logger | GET http://localhost:8000/auth/users/count
2026-04-22 17:36:59,618 | INFO | app_logger | Response status: 307
2026-04-22 17:36:59,623 | ERROR | app_logger | Access denied | Status Code: 403
2026-04-22 17:36:59,623 | INFO | app_logger | Response status: 403
2026-04-22 17:36:59,627 | INFO | app_logger | GET http://localhost:8000/customers/?page=1&limit=5
2026-04-22 17:36:59,631 | ERROR | app_logger | Access denied | Status Code: 403
2026-04-22 17:36:59,631 | INFO | app_logger | Response status: 403
2026-04-22 17:37:53,823 | INFO | app_logger | POST http://localhost:8000/auth/register
2026-04-22 17:37:53,835 | INFO | app_logger | Response status: 422
2026-04-22 17:37:57,773 | INFO | app_logger | POST http://localhost:8000/auth/register
2026-04-22 17:37:57,783 | INFO | app_logger | Response status: 422
2026-04-22 17:38:07,639 | INFO | app_logger | POST http://localhost:8000/auth/register
2026-04-22 17:38:07,646 | INFO | app_logger | Response status: 422
2026-04-22 17:38:16,023 | INFO | app_logger | POST http://localhost:8000/auth/register
2026-04-22 17:38:16,028 | INFO | app_logger | Response status: 422
2026-04-22 17:40:16,408 | INFO | app_logger | Application started and database migrated
2026-04-22 17:41:26,639 | INFO | app_logger | POST http://localhost:8000/auth/register
2026-04-22 17:41:26,665 | INFO | app_logger | Register API called for email: raghu@gmail.com
2026-04-22 17:41:26,665 | INFO | app_logger | Register attempt: raghu@gmail.com (raghu)
2026-04-22 17:41:27,389 | INFO | app_logger | User registered successfully: raghu@gmail.com
2026-04-22 17:41:27,389 | INFO | app_logger | Response status: 201
2026-04-22 17:41:49,589 | INFO | app_logger | POST http://localhost:8000/auth/login
2026-04-22 17:41:49,596 | INFO | app_logger | Login API called for email: raghu@gmail.com
2026-04-22 17:41:49,598 | INFO | app_logger | Login attempt: raghu@gmail.com
2026-04-22 17:41:50,173 | INFO | app_logger | Login successful: raghu@gmail.com
2026-04-22 17:41:50,173 | INFO | app_logger | Response status: 200
2026-04-22 17:41:50,189 | INFO | app_logger | GET http://localhost:8000/auth/users
2026-04-22 17:41:50,194 | INFO | app_logger | Fetching users
2026-04-22 17:41:50,194 | INFO | app_logger | Fetching users with pagination: skip=0, limit=10
2026-04-22 17:41:50,198 | INFO | app_logger | Response status: 200
2026-04-22 17:41:50,202 | INFO | app_logger | GET http://localhost:8000/customers?page=1&limit=5
2026-04-22 17:41:50,202 | INFO | app_logger | Response status: 307
2026-04-22 17:41:50,205 | INFO | app_logger | GET http://localhost:8000/auth/users/count
2026-04-22 17:41:50,208 | INFO | app_logger | User count API called
2026-04-22 17:41:50,212 | INFO | app_logger | User count: 1
2026-04-22 17:41:50,215 | INFO | app_logger | Response status: 200
2026-04-22 17:41:50,245 | INFO | app_logger | GET http://localhost:8000/customers/?page=1&limit=5
2026-04-22 17:41:50,248 | ERROR | app_logger | Access denied | Status Code: 403
2026-04-22 17:41:50,248 | INFO | app_logger | Response status: 403
2026-04-22 17:42:09,107 | INFO | app_logger | GET http://localhost:8000/auth/users
2026-04-22 17:42:09,109 | INFO | app_logger | GET http://localhost:8000/customers?page=1&limit=5
2026-04-22 17:42:09,111 | INFO | app_logger | GET http://localhost:8000/auth/users/count
2026-04-22 17:42:09,119 | INFO | app_logger | Response status: 307
2026-04-22 17:42:09,132 | INFO | app_logger | GET http://localhost:8000/customers/?page=1&limit=5
2026-04-22 17:42:09,135 | INFO | app_logger | User count API called
2026-04-22 17:42:09,135 | INFO | app_logger | Fetching users
2026-04-22 17:42:09,140 | INFO | app_logger | Fetching users with pagination: skip=0, limit=10
2026-04-22 17:42:09,140 | INFO | app_logger | User count: 1
2026-04-22 17:42:09,146 | INFO | app_logger | Response status: 200
2026-04-22 17:42:09,150 | ERROR | app_logger | Access denied | Status Code: 403
2026-04-22 17:42:09,153 | INFO | app_logger | Response status: 403
2026-04-22 17:42:09,257 | INFO | app_logger | Response status: 200
2026-04-22 17:42:53,944 | INFO | app_logger | Application started and database migrated
2026-04-22 17:43:13,644 | INFO | app_logger | Application started and database migrated
2026-04-22 17:43:31,048 | INFO | app_logger | Application started successfully
2026-04-22 17:50:04,196 | INFO | app_logger | Application started successfully
2026-04-22 17:50:08,743 | INFO | app_logger | GET http://localhost:8000/customers/?page=1&limit=5
2026-04-22 17:50:08,744 | INFO | app_logger | GET http://localhost:8000/auth/users
2026-04-22 17:50:08,755 | INFO | app_logger | GET http://localhost:8000/auth/users/count
2026-04-22 17:50:08,778 | INFO | app_logger | Fetch customers by raghu@gmail.com | page=1, limit=5
2026-04-22 17:50:08,778 | INFO | app_logger | Fetching users
2026-04-22 17:50:08,778 | INFO | app_logger | User count API called
2026-04-22 17:50:08,812 | INFO | app_logger | Fetching users with pagination: skip=0, limit=10
2026-04-22 17:50:08,820 | INFO | app_logger | Response status: 200
2026-04-22 17:50:08,890 | INFO | app_logger | User count: 1
2026-04-22 17:50:08,890 | INFO | app_logger | Response status: 200
2026-04-22 17:50:08,890 | INFO | app_logger | Response status: 200
2026-04-22 17:50:14,368 | INFO | app_logger | DELETE http://localhost:8000/auth/users/1
2026-04-22 17:50:14,385 | INFO | app_logger | Delete user API called for ID: 1
2026-04-22 17:50:14,385 | INFO | app_logger | Delete request for user ID: 1
2026-04-22 17:50:14,396 | INFO | app_logger | User deleted successfully: 1
2026-04-22 17:50:14,398 | INFO | app_logger | Response status: 200
2026-04-22 17:50:14,406 | INFO | app_logger | GET http://localhost:8000/auth/users
2026-04-22 17:50:14,415 | INFO | app_logger | Fetching users
2026-04-22 17:50:14,415 | INFO | app_logger | Fetching users with pagination: skip=0, limit=10
2026-04-22 17:50:14,418 | INFO | app_logger | Response status: 200
2026-04-22 17:50:14,422 | INFO | app_logger | GET http://localhost:8000/auth/users/count
2026-04-22 17:50:14,425 | INFO | app_logger | User count API called
2026-04-22 17:50:14,429 | INFO | app_logger | User count: 0
2026-04-22 17:50:14,432 | INFO | app_logger | Response status: 200
2026-04-22 23:27:01,790 | INFO | app_logger | Application started successfully
2026-04-22 23:27:48,574 | INFO | app_logger | GET http://127.0.0.1:8000/docs
2026-04-22 23:27:48,579 | INFO | app_logger | Response status: 200
2026-04-22 23:27:50,035 | INFO | app_logger | GET http://127.0.0.1:8000/openapi.json
2026-04-22 23:27:50,120 | INFO | app_logger | Response status: 200
2026-04-22 23:27:57,497 | INFO | app_logger | GET http://127.0.0.1:8000/redoc
2026-04-22 23:27:57,498 | INFO | app_logger | Response status: 200
2026-04-22 23:27:57,568 | INFO | app_logger | GET http://127.0.0.1:8000/openapi.json
2026-04-22 23:27:57,570 | INFO | app_logger | Response status: 200
2026-04-22 23:29:07,457 | INFO | app_logger | Application started successfully
2026-04-22 23:29:26,642 | INFO | app_logger | Application started successfully
2026-04-22 23:29:34,995 | INFO | app_logger | Application started successfully
2026-04-22 23:29:42,078 | INFO | app_logger | Application started successfully
2026-04-22 23:29:49,909 | INFO | app_logger | Application started successfully
2026-04-22 23:29:57,140 | INFO | app_logger | Application started successfully
2026-04-22 23:30:04,282 | INFO | app_logger | Application started successfully
2026-04-22 23:30:27,291 | INFO | app_logger | Application started successfully
2026-04-22 23:30:33,945 | INFO | app_logger | Application started successfully
2026-04-22 23:30:44,008 | INFO | app_logger | Application started successfully
2026-04-22 23:30:56,919 | INFO | app_logger | GET http://127.0.0.1:8000/redoc
2026-04-22 23:30:56,928 | INFO | app_logger | Response status: 200
2026-04-22 23:30:57,034 | INFO | app_logger | GET http://127.0.0.1:8000/openapi.json
2026-04-22 23:30:57,318 | INFO | app_logger | Response status: 200
2026-04-22 23:33:21,369 | INFO | app_logger | Application started successfully
2026-04-22 23:33:29,597 | INFO | app_logger | Application started successfully
2026-04-22 23:34:08,912 | INFO | app_logger | Application started successfully
2026-04-22 23:34:45,179 | INFO | app_logger | GET http://127.0.0.1:8000/redoc
2026-04-22 23:34:45,180 | INFO | app_logger | Response status: 200
2026-04-22 23:34:45,252 | INFO | app_logger | GET http://127.0.0.1:8000/openapi.json
2026-04-22 23:34:45,385 | INFO | app_logger | Response status: 200
2026-04-22 23:35:06,432 | INFO | app_logger | POST http://localhost:8000/auth/login
2026-04-22 23:35:06,452 | INFO | app_logger | Login API called for email: raghu@gmail.com
2026-04-22 23:35:06,452 | INFO | app_logger | Login attempt: raghu@gmail.com
2026-04-22 23:35:06,488 | WARNING | app_logger | Invalid login attempt: raghu@gmail.com
2026-04-22 23:35:06,493 | ERROR | app_logger | Invalid credentials | Status Code: 401
2026-04-22 23:35:06,495 | INFO | app_logger | Response status: 401
2026-04-22 23:35:47,777 | INFO | app_logger | POST http://localhost:8000/auth/register
2026-04-22 23:35:47,782 | INFO | app_logger | Response status: 422
2026-04-22 23:35:51,257 | INFO | app_logger | POST http://localhost:8000/auth/register
2026-04-22 23:35:51,268 | INFO | app_logger | Response status: 422
2026-04-22 23:36:21,444 | INFO | app_logger | Application started successfully
2026-04-22 23:36:43,873 | INFO | app_logger | POST http://localhost:8000/auth/register
2026-04-22 23:36:43,919 | ERROR | app_logger | Validation Error: [{'type': 'string_too_short', 'loc': ('body', 'password'), 'msg': 'String should have at least 8 characters', 'input': 'T@ja', 'ctx': {'min_length': 8}}] | Body: b'{"email":"teja@gmail.com","username":"teja","password":"T@ja","role":"superadmin"}'
2026-04-22 23:36:43,921 | INFO | app_logger | Response status: 422
2026-04-22 23:36:46,960 | INFO | app_logger | POST http://localhost:8000/auth/register
2026-04-22 23:36:46,964 | ERROR | app_logger | Validation Error: [{'type': 'string_too_short', 'loc': ('body', 'password'), 'msg': 'String should have at least 8 characters', 'input': 'T@ja', 'ctx': {'min_length': 8}}] | Body: b'{"email":"teja@gmail.com","username":"teja","password":"T@ja","role":"superadmin"}'
2026-04-22 23:36:46,965 | INFO | app_logger | Response status: 422
2026-04-22 23:37:33,370 | INFO | app_logger | POST http://localhost:8000/auth/register
2026-04-22 23:37:33,379 | ERROR | app_logger | Validation Error: [{'type': 'string_too_short', 'loc': ('body', 'password'), 'msg': 'String should have at least 8 characters', 'input': 'T@ja777', 'ctx': {'min_length': 8}}] | Body: b'{"email":"teja@gmail.com","username":"teja","password":"T@ja777","role":"superadmin"}'
2026-04-22 23:37:33,382 | INFO | app_logger | Response status: 422
2026-04-22 23:37:54,394 | INFO | app_logger | POST http://localhost:8000/auth/register
2026-04-22 23:37:54,404 | INFO | app_logger | Register API called for email: teja@gmail.com
2026-04-22 23:37:54,405 | INFO | app_logger | Register attempt: teja@gmail.com (teja)
2026-04-22 23:37:54,835 | INFO | app_logger | User registered successfully: teja@gmail.com
2026-04-22 23:37:54,838 | INFO | app_logger | Response status: 201
2026-04-22 23:38:11,031 | INFO | app_logger | POST http://localhost:8000/auth/login
2026-04-22 23:38:11,038 | INFO | app_logger | Login API called for email: teja@gmail.com
2026-04-22 23:38:11,039 | INFO | app_logger | Login attempt: teja@gmail.com
2026-04-22 23:38:11,404 | INFO | app_logger | Login successful: teja@gmail.com
2026-04-22 23:38:11,405 | INFO | app_logger | Response status: 200
2026-04-22 23:38:11,416 | INFO | app_logger | GET http://localhost:8000/auth/users
2026-04-22 23:38:11,420 | INFO | app_logger | Fetching users
2026-04-22 23:38:11,420 | INFO | app_logger | Fetching users with pagination: skip=0, limit=10
2026-04-22 23:38:11,423 | INFO | app_logger | Response status: 200
2026-04-22 23:38:11,426 | INFO | app_logger | GET http://localhost:8000/customers/?page=1&limit=5
2026-04-22 23:38:11,430 | INFO | app_logger | Fetch customers by teja@gmail.com | page=1, limit=5
2026-04-22 23:38:11,448 | INFO | app_logger | Response status: 200
2026-04-22 23:38:11,452 | INFO | app_logger | GET http://localhost:8000/auth/users/count
2026-04-22 23:38:11,457 | INFO | app_logger | User count API called
2026-04-22 23:38:11,464 | INFO | app_logger | User count: 1
2026-04-22 23:38:11,466 | INFO | app_logger | Response status: 200
2026-04-22 23:40:29,483 | INFO | app_logger | POST http://localhost:8000/customers/upload
2026-04-22 23:40:29,506 | INFO | app_logger | Customer CSV upload by teja@gmail.com
2026-04-22 23:40:29,549 | INFO | app_logger | 5 customers inserted from CSV
2026-04-22 23:40:29,552 | INFO | app_logger | Response status: 200
2026-04-22 23:40:31,607 | INFO | app_logger | GET http://localhost:8000/customers/?page=1&limit=5
2026-04-22 23:40:31,609 | INFO | app_logger | GET http://localhost:8000/auth/users/count
2026-04-22 23:40:31,618 | INFO | app_logger | Fetch customers by teja@gmail.com | page=1, limit=5
2026-04-22 23:40:31,618 | INFO | app_logger | User count API called
2026-04-22 23:40:31,628 | CRITICAL | app_logger | Unhandled Exception: 35 validation errors:
  {'type': 'int_type', 'loc': ('response', 0, 'age'), 'msg': 'Input should be a valid integer', 'input': None}
  {'type': 'string_type', 'loc': ('response', 0, 'gender'), 'msg': 'Input should be a valid string', 'input': None}
  {'type': 'string_type', 'loc': ('response', 0, 'date_of_birth'), 'msg': 'Input should be a valid string', 'input': None}
  {'type': 'string_type', 'loc': ('response', 0, 'job_title'), 'msg': 'Input should be a valid string', 'input': None}
  {'type': 'int_type', 'loc': ('response', 0, 'experience_years'), 'msg': 'Input should be a valid integer', 'input': None}
  {'type': 'string_type', 'loc': ('response', 0, 'customer_type'), 'msg': 'Input should be a valid string', 'input': None}
  {'type': 'string_type', 'loc': ('response', 0, 'status'), 'msg': 'Input should be a valid string', 'input': None}
  {'type': 'int_type', 'loc': ('response', 1, 'age'), 'msg': 'Input should be a valid integer', 'input': None}
  {'type': 'string_type', 'loc': ('response', 1, 'gender'), 'msg': 'Input should be a valid string', 'input': None}
  {'type': 'string_type', 'loc': ('response', 1, 'date_of_birth'), 'msg': 'Input should be a valid string', 'input': None}
  {'type': 'string_type', 'loc': ('response', 1, 'job_title'), 'msg': 'Input should be a valid string', 'input': None}
  {'type': 'int_type', 'loc': ('response', 1, 'experience_years'), 'msg': 'Input should be a valid integer', 'input': None}
  {'type': 'string_type', 'loc': ('response', 1, 'customer_type'), 'msg': 'Input should be a valid string', 'input': None}
  {'type': 'string_type', 'loc': ('response', 1, 'status'), 'msg': 'Input should be a valid string', 'input': None}
  {'type': 'int_type', 'loc': ('response', 2, 'age'), 'msg': 'Input should be a valid integer', 'input': None}
  {'type': 'string_type', 'loc': ('response', 2, 'gender'), 'msg': 'Input should be a valid string', 'input': None}
  {'type': 'string_type', 'loc': ('response', 2, 'date_of_birth'), 'msg': 'Input should be a valid string', 'input': None}
  {'type': 'string_type', 'loc': ('response', 2, 'job_title'), 'msg': 'Input should be a valid string', 'input': None}
  {'type': 'int_type', 'loc': ('response', 2, 'experience_years'), 'msg': 'Input should be a valid integer', 'input': None}
  {'type': 'string_type', 'loc': ('response', 2, 'customer_type'), 'msg': 'Input should be a valid string', 'input': None}
  {'type': 'string_type', 'loc': ('response', 2, 'status'), 'msg': 'Input should be a valid string', 'input': None}
  {'type': 'int_type', 'loc': ('response', 3, 'age'), 'msg': 'Input should be a valid integer', 'input': None}
  {'type': 'string_type', 'loc': ('response', 3, 'gender'), 'msg': 'Input should be a valid string', 'input': None}
  {'type': 'string_type', 'loc': ('response', 3, 'date_of_birth'), 'msg': 'Input should be a valid string', 'input': None}
  {'type': 'string_type', 'loc': ('response', 3, 'job_title'), 'msg': 'Input should be a valid string', 'input': None}
  {'type': 'int_type', 'loc': ('response', 3, 'experience_years'), 'msg': 'Input should be a valid integer', 'input': None}
  {'type': 'string_type', 'loc': ('response', 3, 'customer_type'), 'msg': 'Input should be a valid string', 'input': None}
  {'type': 'string_type', 'loc': ('response', 3, 'status'), 'msg': 'Input should be a valid string', 'input': None}
  {'type': 'int_type', 'loc': ('response', 4, 'age'), 'msg': 'Input should be a valid integer', 'input': None}
  {'type': 'string_type', 'loc': ('response', 4, 'gender'), 'msg': 'Input should be a valid string', 'input': None}
  {'type': 'string_type', 'loc': ('response', 4, 'date_of_birth'), 'msg': 'Input should be a valid string', 'input': None}
  {'type': 'string_type', 'loc': ('response', 4, 'job_title'), 'msg': 'Input should be a valid string', 'input': None}
  {'type': 'int_type', 'loc': ('response', 4, 'experience_years'), 'msg': 'Input should be a valid integer', 'input': None}
  {'type': 'string_type', 'loc': ('response', 4, 'customer_type'), 'msg': 'Input should be a valid string', 'input': None}
  {'type': 'string_type', 'loc': ('response', 4, 'status'), 'msg': 'Input should be a valid string', 'input': None}

  File "C:\Users\User\Desktop\customer_api\env\Lib\site-packages\slowapi\extension.py", line 110, in get_all
    GET /customers/
2026-04-22 23:40:31,699 | INFO | app_logger | User count: 1
2026-04-22 23:40:31,700 | INFO | app_logger | Response status: 200
2026-04-22 23:40:35,718 | INFO | app_logger | GET http://localhost:8000/customers/?page=2&limit=5
2026-04-22 23:40:35,730 | INFO | app_logger | Fetch customers by teja@gmail.com | page=2, limit=5
2026-04-22 23:40:35,739 | INFO | app_logger | Response status: 200
2026-04-22 23:40:36,600 | INFO | app_logger | GET http://localhost:8000/customers/?page=3&limit=5
2026-04-22 23:40:36,615 | INFO | app_logger | Fetch customers by teja@gmail.com | page=3, limit=5
2026-04-22 23:40:36,630 | INFO | app_logger | Response status: 200
2026-04-22 23:40:36,929 | INFO | app_logger | GET http://localhost:8000/customers/?page=4&limit=5
2026-04-22 23:40:36,941 | INFO | app_logger | Fetch customers by teja@gmail.com | page=4, limit=5
2026-04-22 23:40:36,951 | INFO | app_logger | Response status: 200
2026-04-22 23:40:37,126 | INFO | app_logger | GET http://localhost:8000/customers/?page=5&limit=5
2026-04-22 23:40:37,133 | INFO | app_logger | Fetch customers by teja@gmail.com | page=5, limit=5
2026-04-22 23:40:37,139 | INFO | app_logger | Response status: 200
2026-04-22 23:40:37,354 | INFO | app_logger | GET http://localhost:8000/customers/?page=6&limit=5
2026-04-22 23:40:37,365 | INFO | app_logger | Fetch customers by teja@gmail.com | page=6, limit=5
2026-04-22 23:40:37,376 | INFO | app_logger | Response status: 200
2026-04-22 23:40:42,070 | INFO | app_logger | GET http://localhost:8000/customers/?page=1&limit=5
2026-04-22 23:40:42,074 | INFO | app_logger | Fetch customers by teja@gmail.com | page=1, limit=5
2026-04-22 23:40:42,080 | CRITICAL | app_logger | Unhandled Exception: 35 validation errors:
  {'type': 'int_type', 'loc': ('response', 0, 'age'), 'msg': 'Input should be a valid integer', 'input': None}
  {'type': 'string_type', 'loc': ('response', 0, 'gender'), 'msg': 'Input should be a valid string', 'input': None}
  {'type': 'string_type', 'loc': ('response', 0, 'date_of_birth'), 'msg': 'Input should be a valid string', 'input': None}
  {'type': 'string_type', 'loc': ('response', 0, 'job_title'), 'msg': 'Input should be a valid string', 'input': None}
  {'type': 'int_type', 'loc': ('response', 0, 'experience_years'), 'msg': 'Input should be a valid integer', 'input': None}
  {'type': 'string_type', 'loc': ('response', 0, 'customer_type'), 'msg': 'Input should be a valid string', 'input': None}
  {'type': 'string_type', 'loc': ('response', 0, 'status'), 'msg': 'Input should be a valid string', 'input': None}
  {'type': 'int_type', 'loc': ('response', 1, 'age'), 'msg': 'Input should be a valid integer', 'input': None}
  {'type': 'string_type', 'loc': ('response', 1, 'gender'), 'msg': 'Input should be a valid string', 'input': None}
  {'type': 'string_type', 'loc': ('response', 1, 'date_of_birth'), 'msg': 'Input should be a valid string', 'input': None}
  {'type': 'string_type', 'loc': ('response', 1, 'job_title'), 'msg': 'Input should be a valid string', 'input': None}
  {'type': 'int_type', 'loc': ('response', 1, 'experience_years'), 'msg': 'Input should be a valid integer', 'input': None}
  {'type': 'string_type', 'loc': ('response', 1, 'customer_type'), 'msg': 'Input should be a valid string', 'input': None}
  {'type': 'string_type', 'loc': ('response', 1, 'status'), 'msg': 'Input should be a valid string', 'input': None}
  {'type': 'int_type', 'loc': ('response', 2, 'age'), 'msg': 'Input should be a valid integer', 'input': None}
  {'type': 'string_type', 'loc': ('response', 2, 'gender'), 'msg': 'Input should be a valid string', 'input': None}
  {'type': 'string_type', 'loc': ('response', 2, 'date_of_birth'), 'msg': 'Input should be a valid string', 'input': None}
  {'type': 'string_type', 'loc': ('response', 2, 'job_title'), 'msg': 'Input should be a valid string', 'input': None}
  {'type': 'int_type', 'loc': ('response', 2, 'experience_years'), 'msg': 'Input should be a valid integer', 'input': None}
  {'type': 'string_type', 'loc': ('response', 2, 'customer_type'), 'msg': 'Input should be a valid string', 'input': None}
  {'type': 'string_type', 'loc': ('response', 2, 'status'), 'msg': 'Input should be a valid string', 'input': None}
  {'type': 'int_type', 'loc': ('response', 3, 'age'), 'msg': 'Input should be a valid integer', 'input': None}
  {'type': 'string_type', 'loc': ('response', 3, 'gender'), 'msg': 'Input should be a valid string', 'input': None}
  {'type': 'string_type', 'loc': ('response', 3, 'date_of_birth'), 'msg': 'Input should be a valid string', 'input': None}
  {'type': 'string_type', 'loc': ('response', 3, 'job_title'), 'msg': 'Input should be a valid string', 'input': None}
  {'type': 'int_type', 'loc': ('response', 3, 'experience_years'), 'msg': 'Input should be a valid integer', 'input': None}
  {'type': 'string_type', 'loc': ('response', 3, 'customer_type'), 'msg': 'Input should be a valid string', 'input': None}
  {'type': 'string_type', 'loc': ('response', 3, 'status'), 'msg': 'Input should be a valid string', 'input': None}
  {'type': 'int_type', 'loc': ('response', 4, 'age'), 'msg': 'Input should be a valid integer', 'input': None}
  {'type': 'string_type', 'loc': ('response', 4, 'gender'), 'msg': 'Input should be a valid string', 'input': None}
  {'type': 'string_type', 'loc': ('response', 4, 'date_of_birth'), 'msg': 'Input should be a valid string', 'input': None}
  {'type': 'string_type', 'loc': ('response', 4, 'job_title'), 'msg': 'Input should be a valid string', 'input': None}
  {'type': 'int_type', 'loc': ('response', 4, 'experience_years'), 'msg': 'Input should be a valid integer', 'input': None}
  {'type': 'string_type', 'loc': ('response', 4, 'customer_type'), 'msg': 'Input should be a valid string', 'input': None}
  {'type': 'string_type', 'loc': ('response', 4, 'status'), 'msg': 'Input should be a valid string', 'input': None}

  File "C:\Users\User\Desktop\customer_api\env\Lib\site-packages\slowapi\extension.py", line 110, in get_all
    GET /customers/
2026-04-22 23:40:42,381 | INFO | app_logger | GET http://localhost:8000/auth/users/count
2026-04-22 23:40:42,384 | INFO | app_logger | GET http://localhost:8000/auth/users
2026-04-22 23:40:42,401 | INFO | app_logger | Fetching users
2026-04-22 23:40:42,401 | INFO | app_logger | User count API called
2026-04-22 23:40:42,402 | INFO | app_logger | Fetching users with pagination: skip=0, limit=10
2026-04-22 23:40:42,407 | INFO | app_logger | User count: 1
2026-04-22 23:40:42,412 | INFO | app_logger | Response status: 200
2026-04-22 23:40:42,414 | INFO | app_logger | Response status: 200
2026-04-22 23:41:18,349 | INFO | app_logger | Application started successfully
2026-04-22 23:41:49,180 | INFO | app_logger | GET http://localhost:8000/customers/?page=1&limit=5
2026-04-22 23:41:49,181 | INFO | app_logger | GET http://localhost:8000/auth/users/count
2026-04-22 23:41:49,181 | INFO | app_logger | GET http://localhost:8000/auth/users
2026-04-22 23:41:49,195 | INFO | app_logger | User count API called
2026-04-22 23:41:49,195 | INFO | app_logger | Fetch customers by teja@gmail.com | page=1, limit=5
2026-04-22 23:41:49,195 | INFO | app_logger | Fetching users
2026-04-22 23:41:49,210 | INFO | app_logger | User count: 1
2026-04-22 23:41:49,210 | INFO | app_logger | Fetching users with pagination: skip=0, limit=10
2026-04-22 23:41:49,211 | INFO | app_logger | Response status: 200
2026-04-22 23:41:49,276 | INFO | app_logger | Response status: 200
2026-04-22 23:41:49,278 | CRITICAL | app_logger | Unhandled Exception: 35 validation errors:
  {'type': 'int_type', 'loc': ('response', 0, 'age'), 'msg': 'Input should be a valid integer', 'input': None}
  {'type': 'string_type', 'loc': ('response', 0, 'gender'), 'msg': 'Input should be a valid string', 'input': None}
  {'type': 'string_type', 'loc': ('response', 0, 'date_of_birth'), 'msg': 'Input should be a valid string', 'input': None}
  {'type': 'string_type', 'loc': ('response', 0, 'job_title'), 'msg': 'Input should be a valid string', 'input': None}
  {'type': 'int_type', 'loc': ('response', 0, 'experience_years'), 'msg': 'Input should be a valid integer', 'input': None}
  {'type': 'string_type', 'loc': ('response', 0, 'customer_type'), 'msg': 'Input should be a valid string', 'input': None}
  {'type': 'string_type', 'loc': ('response', 0, 'status'), 'msg': 'Input should be a valid string', 'input': None}
  {'type': 'int_type', 'loc': ('response', 1, 'age'), 'msg': 'Input should be a valid integer', 'input': None}
  {'type': 'string_type', 'loc': ('response', 1, 'gender'), 'msg': 'Input should be a valid string', 'input': None}
  {'type': 'string_type', 'loc': ('response', 1, 'date_of_birth'), 'msg': 'Input should be a valid string', 'input': None}
  {'type': 'string_type', 'loc': ('response', 1, 'job_title'), 'msg': 'Input should be a valid string', 'input': None}
  {'type': 'int_type', 'loc': ('response', 1, 'experience_years'), 'msg': 'Input should be a valid integer', 'input': None}
  {'type': 'string_type', 'loc': ('response', 1, 'customer_type'), 'msg': 'Input should be a valid string', 'input': None}
  {'type': 'string_type', 'loc': ('response', 1, 'status'), 'msg': 'Input should be a valid string', 'input': None}
  {'type': 'int_type', 'loc': ('response', 2, 'age'), 'msg': 'Input should be a valid integer', 'input': None}
  {'type': 'string_type', 'loc': ('response', 2, 'gender'), 'msg': 'Input should be a valid string', 'input': None}
  {'type': 'string_type', 'loc': ('response', 2, 'date_of_birth'), 'msg': 'Input should be a valid string', 'input': None}
  {'type': 'string_type', 'loc': ('response', 2, 'job_title'), 'msg': 'Input should be a valid string', 'input': None}
  {'type': 'int_type', 'loc': ('response', 2, 'experience_years'), 'msg': 'Input should be a valid integer', 'input': None}
  {'type': 'string_type', 'loc': ('response', 2, 'customer_type'), 'msg': 'Input should be a valid string', 'input': None}
  {'type': 'string_type', 'loc': ('response', 2, 'status'), 'msg': 'Input should be a valid string', 'input': None}
  {'type': 'int_type', 'loc': ('response', 3, 'age'), 'msg': 'Input should be a valid integer', 'input': None}
  {'type': 'string_type', 'loc': ('response', 3, 'gender'), 'msg': 'Input should be a valid string', 'input': None}
  {'type': 'string_type', 'loc': ('response', 3, 'date_of_birth'), 'msg': 'Input should be a valid string', 'input': None}
  {'type': 'string_type', 'loc': ('response', 3, 'job_title'), 'msg': 'Input should be a valid string', 'input': None}
  {'type': 'int_type', 'loc': ('response', 3, 'experience_years'), 'msg': 'Input should be a valid integer', 'input': None}
  {'type': 'string_type', 'loc': ('response', 3, 'customer_type'), 'msg': 'Input should be a valid string', 'input': None}
  {'type': 'string_type', 'loc': ('response', 3, 'status'), 'msg': 'Input should be a valid string', 'input': None}
  {'type': 'int_type', 'loc': ('response', 4, 'age'), 'msg': 'Input should be a valid integer', 'input': None}
  {'type': 'string_type', 'loc': ('response', 4, 'gender'), 'msg': 'Input should be a valid string', 'input': None}
  {'type': 'string_type', 'loc': ('response', 4, 'date_of_birth'), 'msg': 'Input should be a valid string', 'input': None}
  {'type': 'string_type', 'loc': ('response', 4, 'job_title'), 'msg': 'Input should be a valid string', 'input': None}
  {'type': 'int_type', 'loc': ('response', 4, 'experience_years'), 'msg': 'Input should be a valid integer', 'input': None}
  {'type': 'string_type', 'loc': ('response', 4, 'customer_type'), 'msg': 'Input should be a valid string', 'input': None}
  {'type': 'string_type', 'loc': ('response', 4, 'status'), 'msg': 'Input should be a valid string', 'input': None}

  File "C:\Users\User\Desktop\customer_api\env\Lib\site-packages\slowapi\extension.py", line 110, in get_all
    GET /customers/
2026-04-22 23:41:56,422 | INFO | app_logger | GET http://localhost:8000/customers/?page=1&limit=5
2026-04-22 23:41:56,426 | INFO | app_logger | Fetch customers by teja@gmail.com | page=1, limit=5
2026-04-22 23:41:56,438 | CRITICAL | app_logger | Unhandled Exception: 35 validation errors:
  {'type': 'int_type', 'loc': ('response', 0, 'age'), 'msg': 'Input should be a valid integer', 'input': None}
  {'type': 'string_type', 'loc': ('response', 0, 'gender'), 'msg': 'Input should be a valid string', 'input': None}
  {'type': 'string_type', 'loc': ('response', 0, 'date_of_birth'), 'msg': 'Input should be a valid string', 'input': None}
  {'type': 'string_type', 'loc': ('response', 0, 'job_title'), 'msg': 'Input should be a valid string', 'input': None}
  {'type': 'int_type', 'loc': ('response', 0, 'experience_years'), 'msg': 'Input should be a valid integer', 'input': None}
  {'type': 'string_type', 'loc': ('response', 0, 'customer_type'), 'msg': 'Input should be a valid string', 'input': None}
  {'type': 'string_type', 'loc': ('response', 0, 'status'), 'msg': 'Input should be a valid string', 'input': None}
  {'type': 'int_type', 'loc': ('response', 1, 'age'), 'msg': 'Input should be a valid integer', 'input': None}
  {'type': 'string_type', 'loc': ('response', 1, 'gender'), 'msg': 'Input should be a valid string', 'input': None}
  {'type': 'string_type', 'loc': ('response', 1, 'date_of_birth'), 'msg': 'Input should be a valid string', 'input': None}
  {'type': 'string_type', 'loc': ('response', 1, 'job_title'), 'msg': 'Input should be a valid string', 'input': None}
  {'type': 'int_type', 'loc': ('response', 1, 'experience_years'), 'msg': 'Input should be a valid integer', 'input': None}
  {'type': 'string_type', 'loc': ('response', 1, 'customer_type'), 'msg': 'Input should be a valid string', 'input': None}
  {'type': 'string_type', 'loc': ('response', 1, 'status'), 'msg': 'Input should be a valid string', 'input': None}
  {'type': 'int_type', 'loc': ('response', 2, 'age'), 'msg': 'Input should be a valid integer', 'input': None}
  {'type': 'string_type', 'loc': ('response', 2, 'gender'), 'msg': 'Input should be a valid string', 'input': None}
  {'type': 'string_type', 'loc': ('response', 2, 'date_of_birth'), 'msg': 'Input should be a valid string', 'input': None}
  {'type': 'string_type', 'loc': ('response', 2, 'job_title'), 'msg': 'Input should be a valid string', 'input': None}
  {'type': 'int_type', 'loc': ('response', 2, 'experience_years'), 'msg': 'Input should be a valid integer', 'input': None}
  {'type': 'string_type', 'loc': ('response', 2, 'customer_type'), 'msg': 'Input should be a valid string', 'input': None}
  {'type': 'string_type', 'loc': ('response', 2, 'status'), 'msg': 'Input should be a valid string', 'input': None}
  {'type': 'int_type', 'loc': ('response', 3, 'age'), 'msg': 'Input should be a valid integer', 'input': None}
  {'type': 'string_type', 'loc': ('response', 3, 'gender'), 'msg': 'Input should be a valid string', 'input': None}
  {'type': 'string_type', 'loc': ('response', 3, 'date_of_birth'), 'msg': 'Input should be a valid string', 'input': None}
  {'type': 'string_type', 'loc': ('response', 3, 'job_title'), 'msg': 'Input should be a valid string', 'input': None}
  {'type': 'int_type', 'loc': ('response', 3, 'experience_years'), 'msg': 'Input should be a valid integer', 'input': None}
  {'type': 'string_type', 'loc': ('response', 3, 'customer_type'), 'msg': 'Input should be a valid string', 'input': None}
  {'type': 'string_type', 'loc': ('response', 3, 'status'), 'msg': 'Input should be a valid string', 'input': None}
  {'type': 'int_type', 'loc': ('response', 4, 'age'), 'msg': 'Input should be a valid integer', 'input': None}
  {'type': 'string_type', 'loc': ('response', 4, 'gender'), 'msg': 'Input should be a valid string', 'input': None}
  {'type': 'string_type', 'loc': ('response', 4, 'date_of_birth'), 'msg': 'Input should be a valid string', 'input': None}
  {'type': 'string_type', 'loc': ('response', 4, 'job_title'), 'msg': 'Input should be a valid string', 'input': None}
  {'type': 'int_type', 'loc': ('response', 4, 'experience_years'), 'msg': 'Input should be a valid integer', 'input': None}
  {'type': 'string_type', 'loc': ('response', 4, 'customer_type'), 'msg': 'Input should be a valid string', 'input': None}
  {'type': 'string_type', 'loc': ('response', 4, 'status'), 'msg': 'Input should be a valid string', 'input': None}

  File "C:\Users\User\Desktop\customer_api\env\Lib\site-packages\slowapi\extension.py", line 110, in get_all
    GET /customers/
2026-04-22 23:41:56,730 | INFO | app_logger | GET http://localhost:8000/auth/users/count
2026-04-22 23:41:56,731 | INFO | app_logger | GET http://localhost:8000/auth/users
2026-04-22 23:41:56,735 | INFO | app_logger | User count API called
2026-04-22 23:41:56,735 | INFO | app_logger | Fetching users
2026-04-22 23:41:56,736 | INFO | app_logger | Fetching users with pagination: skip=0, limit=10
2026-04-22 23:41:56,737 | INFO | app_logger | User count: 1
2026-04-22 23:41:56,739 | INFO | app_logger | Response status: 200
2026-04-22 23:41:56,741 | INFO | app_logger | Response status: 200
2026-04-22 23:41:56,949 | INFO | app_logger | GET http://localhost:8000/auth/users
2026-04-22 23:41:56,950 | INFO | app_logger | GET http://localhost:8000/customers/?page=1&limit=5
2026-04-22 23:41:56,950 | INFO | app_logger | GET http://localhost:8000/auth/users/count
2026-04-22 23:41:56,956 | INFO | app_logger | User count API called
2026-04-22 23:41:56,957 | INFO | app_logger | Fetch customers by teja@gmail.com | page=1, limit=5
2026-04-22 23:41:56,957 | INFO | app_logger | Fetching users
2026-04-22 23:41:56,962 | INFO | app_logger | User count: 1
2026-04-22 23:41:56,963 | INFO | app_logger | Fetching users with pagination: skip=0, limit=10
2026-04-22 23:41:56,968 | INFO | app_logger | Response status: 200
2026-04-22 23:41:56,974 | INFO | app_logger | Response status: 200
2026-04-22 23:41:56,979 | CRITICAL | app_logger | Unhandled Exception: 35 validation errors:
  {'type': 'int_type', 'loc': ('response', 0, 'age'), 'msg': 'Input should be a valid integer', 'input': None}
  {'type': 'string_type', 'loc': ('response', 0, 'gender'), 'msg': 'Input should be a valid string', 'input': None}
  {'type': 'string_type', 'loc': ('response', 0, 'date_of_birth'), 'msg': 'Input should be a valid string', 'input': None}
  {'type': 'string_type', 'loc': ('response', 0, 'job_title'), 'msg': 'Input should be a valid string', 'input': None}
  {'type': 'int_type', 'loc': ('response', 0, 'experience_years'), 'msg': 'Input should be a valid integer', 'input': None}
  {'type': 'string_type', 'loc': ('response', 0, 'customer_type'), 'msg': 'Input should be a valid string', 'input': None}
  {'type': 'string_type', 'loc': ('response', 0, 'status'), 'msg': 'Input should be a valid string', 'input': None}
  {'type': 'int_type', 'loc': ('response', 1, 'age'), 'msg': 'Input should be a valid integer', 'input': None}
  {'type': 'string_type', 'loc': ('response', 1, 'gender'), 'msg': 'Input should be a valid string', 'input': None}
  {'type': 'string_type', 'loc': ('response', 1, 'date_of_birth'), 'msg': 'Input should be a valid string', 'input': None}
  {'type': 'string_type', 'loc': ('response', 1, 'job_title'), 'msg': 'Input should be a valid string', 'input': None}
  {'type': 'int_type', 'loc': ('response', 1, 'experience_years'), 'msg': 'Input should be a valid integer', 'input': None}
  {'type': 'string_type', 'loc': ('response', 1, 'customer_type'), 'msg': 'Input should be a valid string', 'input': None}
  {'type': 'string_type', 'loc': ('response', 1, 'status'), 'msg': 'Input should be a valid string', 'input': None}
  {'type': 'int_type', 'loc': ('response', 2, 'age'), 'msg': 'Input should be a valid integer', 'input': None}
  {'type': 'string_type', 'loc': ('response', 2, 'gender'), 'msg': 'Input should be a valid string', 'input': None}
  {'type': 'string_type', 'loc': ('response', 2, 'date_of_birth'), 'msg': 'Input should be a valid string', 'input': None}
  {'type': 'string_type', 'loc': ('response', 2, 'job_title'), 'msg': 'Input should be a valid string', 'input': None}
  {'type': 'int_type', 'loc': ('response', 2, 'experience_years'), 'msg': 'Input should be a valid integer', 'input': None}
  {'type': 'string_type', 'loc': ('response', 2, 'customer_type'), 'msg': 'Input should be a valid string', 'input': None}
  {'type': 'string_type', 'loc': ('response', 2, 'status'), 'msg': 'Input should be a valid string', 'input': None}
  {'type': 'int_type', 'loc': ('response', 3, 'age'), 'msg': 'Input should be a valid integer', 'input': None}
  {'type': 'string_type', 'loc': ('response', 3, 'gender'), 'msg': 'Input should be a valid string', 'input': None}
  {'type': 'string_type', 'loc': ('response', 3, 'date_of_birth'), 'msg': 'Input should be a valid string', 'input': None}
  {'type': 'string_type', 'loc': ('response', 3, 'job_title'), 'msg': 'Input should be a valid string', 'input': None}
  {'type': 'int_type', 'loc': ('response', 3, 'experience_years'), 'msg': 'Input should be a valid integer', 'input': None}
  {'type': 'string_type', 'loc': ('response', 3, 'customer_type'), 'msg': 'Input should be a valid string', 'input': None}
  {'type': 'string_type', 'loc': ('response', 3, 'status'), 'msg': 'Input should be a valid string', 'input': None}
  {'type': 'int_type', 'loc': ('response', 4, 'age'), 'msg': 'Input should be a valid integer', 'input': None}
  {'type': 'string_type', 'loc': ('response', 4, 'gender'), 'msg': 'Input should be a valid string', 'input': None}
  {'type': 'string_type', 'loc': ('response', 4, 'date_of_birth'), 'msg': 'Input should be a valid string', 'input': None}
  {'type': 'string_type', 'loc': ('response', 4, 'job_title'), 'msg': 'Input should be a valid string', 'input': None}
  {'type': 'int_type', 'loc': ('response', 4, 'experience_years'), 'msg': 'Input should be a valid integer', 'input': None}
  {'type': 'string_type', 'loc': ('response', 4, 'customer_type'), 'msg': 'Input should be a valid string', 'input': None}
  {'type': 'string_type', 'loc': ('response', 4, 'status'), 'msg': 'Input should be a valid string', 'input': None}

  File "C:\Users\User\Desktop\customer_api\env\Lib\site-packages\slowapi\extension.py", line 110, in get_all
    GET /customers/
2026-04-22 23:42:49,573 | INFO | app_logger | Application started successfully
2026-04-22 23:43:04,118 | INFO | app_logger | GET http://localhost:8000/auth/users
2026-04-22 23:43:04,118 | INFO | app_logger | GET http://localhost:8000/customers/?page=1&limit=5
2026-04-22 23:43:04,119 | INFO | app_logger | GET http://localhost:8000/auth/users/count
2026-04-22 23:43:04,131 | INFO | app_logger | Fetch customers by teja@gmail.com | page=1, limit=5
2026-04-22 23:43:04,131 | INFO | app_logger | User count API called
2026-04-22 23:43:04,131 | INFO | app_logger | Fetching users
2026-04-22 23:43:04,144 | INFO | app_logger | Fetching users with pagination: skip=0, limit=10
2026-04-22 23:43:04,148 | INFO | app_logger | Response status: 200
2026-04-22 23:43:04,207 | INFO | app_logger | User count: 1
2026-04-22 23:43:04,208 | INFO | app_logger | Response status: 200
2026-04-22 23:43:04,209 | INFO | app_logger | Response status: 200
2026-04-22 23:45:55,979 | INFO | app_logger | GET http://localhost:8000/customers/?page=2&limit=5
2026-04-22 23:45:55,991 | INFO | app_logger | Fetch customers by teja@gmail.com | page=2, limit=5
2026-04-22 23:45:56,006 | INFO | app_logger | Response status: 200
2026-04-22 23:47:55,320 | INFO | app_logger | GET http://localhost:8000/customers/?page=1&limit=5
2026-04-22 23:47:55,331 | INFO | app_logger | Fetch customers by teja@gmail.com | page=1, limit=5
2026-04-22 23:47:55,345 | INFO | app_logger | Response status: 200
2026-04-22 23:55:36,553 | INFO | app_logger | POST http://localhost:8000/addresses/
2026-04-22 23:55:36,557 | ERROR | app_logger | Invalid or expired token | Status Code: 401
2026-04-22 23:55:36,558 | INFO | app_logger | Response status: 401
2026-04-22 23:55:41,650 | INFO | app_logger | POST http://localhost:8000/addresses/
2026-04-22 23:55:41,655 | ERROR | app_logger | Invalid or expired token | Status Code: 401
2026-04-22 23:55:41,656 | INFO | app_logger | Response status: 401
2026-04-22 23:56:14,155 | INFO | app_logger | POST http://localhost:8000/auth/login
2026-04-22 23:56:14,245 | INFO | app_logger | Login API called for email: teja@gmail.com
2026-04-22 23:56:14,245 | INFO | app_logger | Login attempt: teja@gmail.com
2026-04-22 23:56:14,597 | INFO | app_logger | Login successful: teja@gmail.com
2026-04-22 23:56:14,598 | INFO | app_logger | Response status: 200
2026-04-22 23:56:14,607 | INFO | app_logger | GET http://localhost:8000/auth/users
2026-04-22 23:56:14,609 | INFO | app_logger | GET http://localhost:8000/customers/?page=1&limit=5
2026-04-22 23:56:14,615 | INFO | app_logger | Fetching users
2026-04-22 23:56:14,615 | INFO | app_logger | Fetch customers by teja@gmail.com | page=1, limit=5
2026-04-22 23:56:14,615 | INFO | app_logger | Fetching users with pagination: skip=0, limit=10
2026-04-22 23:56:14,622 | INFO | app_logger | Response status: 200
2026-04-22 23:56:14,624 | INFO | app_logger | Response status: 200
2026-04-22 23:56:14,629 | INFO | app_logger | GET http://localhost:8000/auth/users/count
2026-04-22 23:56:14,635 | INFO | app_logger | User count API called
2026-04-22 23:56:14,639 | INFO | app_logger | User count: 1
2026-04-22 23:56:14,641 | INFO | app_logger | Response status: 200
2026-04-22 23:56:20,426 | INFO | app_logger | POST http://localhost:8000/addresses/
2026-04-22 23:56:20,430 | INFO | app_logger | Add address for customer 2 by teja@gmail.com
2026-04-22 23:56:20,454 | INFO | app_logger | Response status: 201
2026-04-22 23:56:20,461 | INFO | app_logger | GET http://localhost:8000/customers/?page=1&limit=5
2026-04-22 23:56:20,465 | INFO | app_logger | Fetch customers by teja@gmail.com | page=1, limit=5
2026-04-22 23:56:20,470 | INFO | app_logger | Response status: 200
2026-04-22 23:56:33,446 | INFO | app_logger | DELETE http://localhost:8000/auth/users/2
2026-04-22 23:56:33,455 | INFO | app_logger | Delete user API called for ID: 2
2026-04-22 23:56:33,456 | INFO | app_logger | Delete request for user ID: 2
2026-04-22 23:56:33,462 | INFO | app_logger | User deleted successfully: 2
2026-04-22 23:56:33,467 | INFO | app_logger | Response status: 200
2026-04-22 23:56:33,477 | INFO | app_logger | GET http://localhost:8000/auth/users
2026-04-22 23:56:33,481 | INFO | app_logger | Fetching users
2026-04-22 23:56:33,484 | INFO | app_logger | Fetching users with pagination: skip=0, limit=10
2026-04-22 23:56:33,490 | INFO | app_logger | Response status: 200
2026-04-22 23:56:33,494 | INFO | app_logger | GET http://localhost:8000/auth/users/count
2026-04-22 23:56:33,496 | INFO | app_logger | User count API called
2026-04-22 23:56:33,500 | INFO | app_logger | User count: 0
2026-04-22 23:56:33,502 | INFO | app_logger | Response status: 200
2026-04-22 23:57:15,637 | INFO | app_logger | GET http://localhost:8000/auth/users/count
2026-04-22 23:57:15,640 | INFO | app_logger | Response status: 401
2026-04-22 23:57:15,682 | INFO | app_logger | GET http://localhost:8000/favicon.ico
2026-04-22 23:57:15,683 | INFO | app_logger | Response status: 404
2026-04-23 00:04:10,273 | INFO | app_logger | Application started successfully
2026-04-23 00:12:54,702 | INFO | app_logger | Application started successfully
2026-04-23 00:16:25,435 | INFO | app_logger | Application started successfully
2026-04-23 00:17:18,497 | INFO | app_logger | Application started successfully
2026-04-23 00:17:20,794 | INFO | app_logger | Application started successfully
2026-04-23 00:18:03,206 | INFO | app_logger | Application started successfully
2026-04-23 00:20:02,404 | INFO | app_logger | POST http://localhost:8000/auth/login
2026-04-23 00:20:02,434 | INFO | app_logger | Login API called for email: teja@gmail.com
2026-04-23 00:20:02,435 | INFO | app_logger | Login attempt: teja@gmail.com
2026-04-23 00:20:02,508 | WARNING | app_logger | Invalid login attempt: teja@gmail.com
2026-04-23 00:20:02,510 | ERROR | app_logger | Invalid credentials | Status Code: 401
2026-04-23 00:20:02,511 | INFO | app_logger | Response status: 401
2026-04-23 00:20:32,252 | INFO | app_logger | Application started successfully
2026-04-23 00:21:30,698 | INFO | app_logger | Application started successfully
2026-04-23 00:22:53,920 | INFO | app_logger | Application started successfully
2026-04-23 00:24:01,778 | INFO | app_logger | Application started successfully
2026-04-23 00:26:22,481 | INFO | app_logger | Application started successfully
2026-04-23 00:26:32,235 | INFO | app_logger | Application started successfully
2026-04-23 00:26:40,598 | INFO | app_logger | Application started successfully
2026-04-23 00:27:56,322 | INFO | app_logger | GET http://127.0.0.1:8000/redoc
2026-04-23 00:27:56,325 | INFO | app_logger | Response status: 200
2026-04-23 00:27:56,398 | INFO | app_logger | GET http://127.0.0.1:8000/openapi.json
2026-04-23 00:27:56,548 | INFO | app_logger | Response status: 200
2026-04-23 00:29:46,590 | INFO | app_logger | Application started successfully
2026-04-23 00:29:59,995 | INFO | app_logger | Application started successfully
2026-04-23 00:30:21,213 | INFO | app_logger | GET http://127.0.0.1:8000/redoc
2026-04-23 00:30:21,214 | INFO | app_logger | Response status: 200
2026-04-23 00:30:21,291 | INFO | app_logger | GET http://127.0.0.1:8000/openapi.json
2026-04-23 00:30:21,475 | INFO | app_logger | Response status: 200
2026-04-23 00:31:02,984 | INFO | app_logger | GET http://127.0.0.1:8000/docs
2026-04-23 00:31:02,985 | INFO | app_logger | Response status: 200
2026-04-23 00:31:03,199 | INFO | app_logger | GET http://127.0.0.1:8000/openapi.json
2026-04-23 00:31:03,200 | INFO | app_logger | Response status: 200
2026-04-23 00:32:10,377 | INFO | app_logger | POST http://localhost:8000/auth/register
2026-04-23 00:32:10,402 | INFO | app_logger | Register API called | email=teja@gmail.com
2026-04-23 00:32:10,404 | INFO | app_logger | Register attempt | email=teja@gmail.com username=teju
2026-04-23 00:32:10,454 | ERROR | app_logger | Registration failed
Traceback (most recent call last):
  File "C:\Users\User\Desktop\customer_api\backend\services\auth_service.py", line 34, in register_user
    validate_password(user_data.password)
  File "C:\Users\User\Desktop\customer_api\backend\utils\validator.py", line 9, in validate_password
    raise HTTPException(status_code=400, detail="Must contain uppercase letter")
fastapi.exceptions.HTTPException: 400: Must contain uppercase letter
2026-04-23 00:32:10,459 | ERROR | app_logger | Internal server error | Status Code: 500
2026-04-23 00:32:10,461 | INFO | app_logger | Response status: 500
2026-04-23 00:34:15,821 | INFO | app_logger | Application started successfully
2026-04-23 00:35:29,036 | INFO | app_logger | POST http://localhost:8000/auth/register
2026-04-23 00:35:29,054 | INFO | app_logger | Register API called | email=teja@gmail.com
2026-04-23 00:35:29,055 | INFO | app_logger | Register attempt | email=teja@gmail.com username=teju
2026-04-23 00:35:29,153 | ERROR | app_logger | Registration failed
Traceback (most recent call last):
  File "C:\Users\User\Desktop\customer_api\backend\services\auth_service.py", line 34, in register_user
    validate_password(user_data.password)
  File "C:\Users\User\Desktop\customer_api\backend\utils\validator.py", line 9, in validate_password
    raise HTTPException(status_code=400, detail="Must contain uppercase letter")
fastapi.exceptions.HTTPException: 400: Must contain uppercase letter
2026-04-23 00:35:29,157 | ERROR | app_logger | Internal server error | Status Code: 500
2026-04-23 00:35:29,158 | INFO | app_logger | Response status: 500
2026-04-23 00:36:06,024 | INFO | app_logger | POST http://localhost:8000/auth/register
2026-04-23 00:36:06,030 | INFO | app_logger | Register API called | email=teja@gmail.com
2026-04-23 00:36:06,031 | INFO | app_logger | Register attempt | email=teja@gmail.com username=teja
2026-04-23 00:36:06,451 | INFO | app_logger | User registered successfully | email=teja@gmail.com
2026-04-23 00:36:06,452 | INFO | app_logger | Response status: 201
2026-04-23 00:36:22,203 | INFO | app_logger | POST http://localhost:8000/auth/login
2026-04-23 00:36:22,214 | INFO | app_logger | Login API called | email=teja@gmail.com
2026-04-23 00:36:22,215 | INFO | app_logger | Login attempt | email=teja@gmail.com
2026-04-23 00:36:22,539 | INFO | app_logger | Login success | email=teja@gmail.com
2026-04-23 00:36:22,542 | INFO | app_logger | Response status: 200
2026-04-23 00:36:22,552 | INFO | app_logger | GET http://localhost:8000/auth/users
2026-04-23 00:36:22,555 | INFO | app_logger | GET http://localhost:8000/customers/?page=1&limit=5
2026-04-23 00:36:22,566 | INFO | app_logger | Fetch users API called
2026-04-23 00:36:22,566 | INFO | app_logger | Fetch customers | user=teja@gmail.com | page=1 limit=5
2026-04-23 00:36:22,568 | INFO | app_logger | Fetch users | skip=0 limit=10
2026-04-23 00:36:22,568 | INFO | app_logger | Fetch customers | page=1 limit=5
2026-04-23 00:36:22,573 | INFO | app_logger | Response status: 200
2026-04-23 00:36:22,581 | INFO | app_logger | GET http://localhost:8000/auth/users/count
2026-04-23 00:36:22,594 | INFO | app_logger | User count API called
2026-04-23 00:36:22,602 | INFO | app_logger | User count | total=1
2026-04-23 00:36:22,604 | INFO | app_logger | Response status: 200
2026-04-23 00:36:22,661 | ERROR | app_logger | Fetch customers failed
Traceback (most recent call last):
  File "C:\Users\User\Desktop\customer_api\env\Lib\site-packages\sqlalchemy\engine\base.py", line 1967, in _exec_single_context
    self.dialect.do_execute(
  File "C:\Users\User\Desktop\customer_api\env\Lib\site-packages\sqlalchemy\engine\default.py", line 952, in do_execute
    cursor.execute(statement, parameters)
psycopg2.errors.UndefinedTable: relation "addresses" does not exist
LINE 4:  LIMIT 5 OFFSET 0) AS anon_1 LEFT OUTER JOIN addresses AS ad...
                                                     ^


The above exception was the direct cause of the following exception:

Traceback (most recent call last):
  File "C:\Users\User\Desktop\customer_api\backend\services\customer_service.py", line 164, in get_all_customers
    .all()
     ^^^^^
  File "C:\Users\User\Desktop\customer_api\env\Lib\site-packages\sqlalchemy\orm\query.py", line 2711, in all
    return self._iter().all()  # type: ignore
           ^^^^^^^^^^^^
  File "C:\Users\User\Desktop\customer_api\env\Lib\site-packages\sqlalchemy\orm\query.py", line 2864, in _iter
    result: Union[ScalarResult[_T], Result[_T]] = self.session.execute(
                                                  ^^^^^^^^^^^^^^^^^^^^^
  File "C:\Users\User\Desktop\customer_api\env\Lib\site-packages\sqlalchemy\orm\session.py", line 2351, in execute
    return self._execute_internal(
           ^^^^^^^^^^^^^^^^^^^^^^^
  File "C:\Users\User\Desktop\customer_api\env\Lib\site-packages\sqlalchemy\orm\session.py", line 2249, in _execute_internal
    result: Result[Any] = compile_state_cls.orm_execute_statement(
                          ^^^^^^^^^^^^^^^^^^^^^^^^^^^^^^^^^^^^^^^^
  File "C:\Users\User\Desktop\customer_api\env\Lib\site-packages\sqlalchemy\orm\context.py", line 306, in orm_execute_statement
    result = conn.execute(
             ^^^^^^^^^^^^^
  File "C:\Users\User\Desktop\customer_api\env\Lib\site-packages\sqlalchemy\engine\base.py", line 1419, in execute
    return meth(
           ^^^^^
  File "C:\Users\User\Desktop\customer_api\env\Lib\site-packages\sqlalchemy\sql\elements.py", line 527, in _execute_on_connection
    return connection._execute_clauseelement(
           ^^^^^^^^^^^^^^^^^^^^^^^^^^^^^^^^^^
  File "C:\Users\User\Desktop\customer_api\env\Lib\site-packages\sqlalchemy\engine\base.py", line 1641, in _execute_clauseelement
    ret = self._execute_context(
          ^^^^^^^^^^^^^^^^^^^^^^
  File "C:\Users\User\Desktop\customer_api\env\Lib\site-packages\sqlalchemy\engine\base.py", line 1846, in _execute_context
    return self._exec_single_context(
           ^^^^^^^^^^^^^^^^^^^^^^^^^^
  File "C:\Users\User\Desktop\customer_api\env\Lib\site-packages\sqlalchemy\engine\base.py", line 1986, in _exec_single_context
    self._handle_dbapi_exception(
  File "C:\Users\User\Desktop\customer_api\env\Lib\site-packages\sqlalchemy\engine\base.py", line 2363, in _handle_dbapi_exception
    raise sqlalchemy_exception.with_traceback(exc_info[2]) from e
  File "C:\Users\User\Desktop\customer_api\env\Lib\site-packages\sqlalchemy\engine\base.py", line 1967, in _exec_single_context
    self.dialect.do_execute(
  File "C:\Users\User\Desktop\customer_api\env\Lib\site-packages\sqlalchemy\engine\default.py", line 952, in do_execute
    cursor.execute(statement, parameters)
sqlalchemy.exc.ProgrammingError: (psycopg2.errors.UndefinedTable) relation "addresses" does not exist
LINE 4:  LIMIT 5 OFFSET 0) AS anon_1 LEFT OUTER JOIN addresses AS ad...
                                                     ^

[SQL: SELECT anon_1.customers_id AS anon_1_customers_id, anon_1.customers_name AS anon_1_customers_name, anon_1.customers_age AS anon_1_customers_age, anon_1.customers_gender AS anon_1_customers_gender, anon_1.customers_date_of_birth AS anon_1_customers_date_of_birth, anon_1.customers_email AS anon_1_customers_email, anon_1.customers_phone AS anon_1_customers_phone, anon_1.customers_alternate_phone AS anon_1_customers_alternate_phone, anon_1.customers_company AS anon_1_customers_company, anon_1.customers_job_title AS anon_1_customers_job_title, anon_1.customers_experience_years AS anon_1_customers_experience_years, anon_1.customers_customer_type AS anon_1_customers_customer_type, anon_1.customers_status AS anon_1_customers_status, anon_1.customers_created_at AS anon_1_customers_created_at, anon_1.customers_updated_at AS anon_1_customers_updated_at, anon_1.customers_notes AS anon_1_customers_notes, anon_1.customers_source AS anon_1_customers_source, addresses_1.id AS addresses_1_id, addresses_1.customer_id AS addresses_1_customer_id, addresses_1.city AS addresses_1_city, addresses_1.state AS addresses_1_state, addresses_1.pincode AS addresses_1_pincode 
FROM (SELECT customers.id AS customers_id, customers.name AS customers_name, customers.age AS customers_age, customers.gender AS customers_gender, customers.date_of_birth AS customers_date_of_birth, customers.email AS customers_email, customers.phone AS customers_phone, customers.alternate_phone AS customers_alternate_phone, customers.company AS customers_company, customers.job_title AS customers_job_title, customers.experience_years AS customers_experience_years, customers.customer_type AS customers_customer_type, customers.status AS customers_status, customers.created_at AS customers_created_at, customers.updated_at AS customers_updated_at, customers.notes AS customers_notes, customers.source AS customers_source 
FROM customers 
 LIMIT %(param_1)s OFFSET %(param_2)s) AS anon_1 LEFT OUTER JOIN addresses AS addresses_1 ON anon_1.customers_id = addresses_1.customer_id]
[parameters: {'param_1': 5, 'param_2': 0}]
(Background on this error at: https://sqlalche.me/e/20/f405)
2026-04-23 00:36:22,674 | ERROR | app_logger | Failed to fetch customers | Status Code: 500
2026-04-23 00:36:22,675 | INFO | app_logger | Response status: 500
2026-04-23 00:36:25,613 | INFO | app_logger | GET http://localhost:8000/auth/users
2026-04-23 00:36:25,618 | INFO | app_logger | GET http://localhost:8000/customers/?page=1&limit=5
2026-04-23 00:36:25,620 | INFO | app_logger | GET http://localhost:8000/auth/users/count
2026-04-23 00:36:25,635 | INFO | app_logger | Fetch users API called
2026-04-23 00:36:25,635 | INFO | app_logger | User count API called
2026-04-23 00:36:25,636 | INFO | app_logger | Fetch customers | user=teja@gmail.com | page=1 limit=5
2026-04-23 00:36:25,636 | INFO | app_logger | Fetch users | skip=0 limit=10
2026-04-23 00:36:25,641 | INFO | app_logger | Fetch customers | page=1 limit=5
2026-04-23 00:36:25,644 | INFO | app_logger | User count | total=1
2026-04-23 00:36:25,655 | INFO | app_logger | Response status: 200
2026-04-23 00:36:25,664 | INFO | app_logger | Response status: 200
2026-04-23 00:36:25,755 | ERROR | app_logger | Fetch customers failed
Traceback (most recent call last):
  File "C:\Users\User\Desktop\customer_api\env\Lib\site-packages\sqlalchemy\engine\base.py", line 1967, in _exec_single_context
    self.dialect.do_execute(
  File "C:\Users\User\Desktop\customer_api\env\Lib\site-packages\sqlalchemy\engine\default.py", line 952, in do_execute
    cursor.execute(statement, parameters)
psycopg2.errors.UndefinedTable: relation "addresses" does not exist
LINE 4:  LIMIT 5 OFFSET 0) AS anon_1 LEFT OUTER JOIN addresses AS ad...
                                                     ^


The above exception was the direct cause of the following exception:

Traceback (most recent call last):
  File "C:\Users\User\Desktop\customer_api\backend\services\customer_service.py", line 164, in get_all_customers
    .all()
     ^^^^^
  File "C:\Users\User\Desktop\customer_api\env\Lib\site-packages\sqlalchemy\orm\query.py", line 2711, in all
    return self._iter().all()  # type: ignore
           ^^^^^^^^^^^^
  File "C:\Users\User\Desktop\customer_api\env\Lib\site-packages\sqlalchemy\orm\query.py", line 2864, in _iter
    result: Union[ScalarResult[_T], Result[_T]] = self.session.execute(
                                                  ^^^^^^^^^^^^^^^^^^^^^
  File "C:\Users\User\Desktop\customer_api\env\Lib\site-packages\sqlalchemy\orm\session.py", line 2351, in execute
    return self._execute_internal(
           ^^^^^^^^^^^^^^^^^^^^^^^
  File "C:\Users\User\Desktop\customer_api\env\Lib\site-packages\sqlalchemy\orm\session.py", line 2249, in _execute_internal
    result: Result[Any] = compile_state_cls.orm_execute_statement(
                          ^^^^^^^^^^^^^^^^^^^^^^^^^^^^^^^^^^^^^^^^
  File "C:\Users\User\Desktop\customer_api\env\Lib\site-packages\sqlalchemy\orm\context.py", line 306, in orm_execute_statement
    result = conn.execute(
             ^^^^^^^^^^^^^
  File "C:\Users\User\Desktop\customer_api\env\Lib\site-packages\sqlalchemy\engine\base.py", line 1419, in execute
    return meth(
           ^^^^^
  File "C:\Users\User\Desktop\customer_api\env\Lib\site-packages\sqlalchemy\sql\elements.py", line 527, in _execute_on_connection
    return connection._execute_clauseelement(
           ^^^^^^^^^^^^^^^^^^^^^^^^^^^^^^^^^^
  File "C:\Users\User\Desktop\customer_api\env\Lib\site-packages\sqlalchemy\engine\base.py", line 1641, in _execute_clauseelement
    ret = self._execute_context(
          ^^^^^^^^^^^^^^^^^^^^^^
  File "C:\Users\User\Desktop\customer_api\env\Lib\site-packages\sqlalchemy\engine\base.py", line 1846, in _execute_context
    return self._exec_single_context(
           ^^^^^^^^^^^^^^^^^^^^^^^^^^
  File "C:\Users\User\Desktop\customer_api\env\Lib\site-packages\sqlalchemy\engine\base.py", line 1986, in _exec_single_context
    self._handle_dbapi_exception(
  File "C:\Users\User\Desktop\customer_api\env\Lib\site-packages\sqlalchemy\engine\base.py", line 2363, in _handle_dbapi_exception
    raise sqlalchemy_exception.with_traceback(exc_info[2]) from e
  File "C:\Users\User\Desktop\customer_api\env\Lib\site-packages\sqlalchemy\engine\base.py", line 1967, in _exec_single_context
    self.dialect.do_execute(
  File "C:\Users\User\Desktop\customer_api\env\Lib\site-packages\sqlalchemy\engine\default.py", line 952, in do_execute
    cursor.execute(statement, parameters)
sqlalchemy.exc.ProgrammingError: (psycopg2.errors.UndefinedTable) relation "addresses" does not exist
LINE 4:  LIMIT 5 OFFSET 0) AS anon_1 LEFT OUTER JOIN addresses AS ad...
                                                     ^

[SQL: SELECT anon_1.customers_id AS anon_1_customers_id, anon_1.customers_name AS anon_1_customers_name, anon_1.customers_age AS anon_1_customers_age, anon_1.customers_gender AS anon_1_customers_gender, anon_1.customers_date_of_birth AS anon_1_customers_date_of_birth, anon_1.customers_email AS anon_1_customers_email, anon_1.customers_phone AS anon_1_customers_phone, anon_1.customers_alternate_phone AS anon_1_customers_alternate_phone, anon_1.customers_company AS anon_1_customers_company, anon_1.customers_job_title AS anon_1_customers_job_title, anon_1.customers_experience_years AS anon_1_customers_experience_years, anon_1.customers_customer_type AS anon_1_customers_customer_type, anon_1.customers_status AS anon_1_customers_status, anon_1.customers_created_at AS anon_1_customers_created_at, anon_1.customers_updated_at AS anon_1_customers_updated_at, anon_1.customers_notes AS anon_1_customers_notes, anon_1.customers_source AS anon_1_customers_source, addresses_1.id AS addresses_1_id, addresses_1.customer_id AS addresses_1_customer_id, addresses_1.city AS addresses_1_city, addresses_1.state AS addresses_1_state, addresses_1.pincode AS addresses_1_pincode 
FROM (SELECT customers.id AS customers_id, customers.name AS customers_name, customers.age AS customers_age, customers.gender AS customers_gender, customers.date_of_birth AS customers_date_of_birth, customers.email AS customers_email, customers.phone AS customers_phone, customers.alternate_phone AS customers_alternate_phone, customers.company AS customers_company, customers.job_title AS customers_job_title, customers.experience_years AS customers_experience_years, customers.customer_type AS customers_customer_type, customers.status AS customers_status, customers.created_at AS customers_created_at, customers.updated_at AS customers_updated_at, customers.notes AS customers_notes, customers.source AS customers_source 
FROM customers 
 LIMIT %(param_1)s OFFSET %(param_2)s) AS anon_1 LEFT OUTER JOIN addresses AS addresses_1 ON anon_1.customers_id = addresses_1.customer_id]
[parameters: {'param_1': 5, 'param_2': 0}]
(Background on this error at: https://sqlalche.me/e/20/f405)
2026-04-23 00:36:25,759 | ERROR | app_logger | Failed to fetch customers | Status Code: 500
2026-04-23 00:36:25,760 | INFO | app_logger | Response status: 500
2026-04-23 00:36:29,308 | INFO | app_logger | GET http://localhost:8000/customers/?page=2&limit=5
2026-04-23 00:36:29,315 | INFO | app_logger | Fetch customers | user=teja@gmail.com | page=2 limit=5
2026-04-23 00:36:29,316 | INFO | app_logger | Fetch customers | page=2 limit=5
2026-04-23 00:36:29,318 | ERROR | app_logger | Fetch customers failed
Traceback (most recent call last):
  File "C:\Users\User\Desktop\customer_api\env\Lib\site-packages\sqlalchemy\engine\base.py", line 1967, in _exec_single_context
    self.dialect.do_execute(
  File "C:\Users\User\Desktop\customer_api\env\Lib\site-packages\sqlalchemy\engine\default.py", line 952, in do_execute
    cursor.execute(statement, parameters)
psycopg2.errors.UndefinedTable: relation "addresses" does not exist
LINE 4:  LIMIT 5 OFFSET 5) AS anon_1 LEFT OUTER JOIN addresses AS ad...
                                                     ^


The above exception was the direct cause of the following exception:

Traceback (most recent call last):
  File "C:\Users\User\Desktop\customer_api\backend\services\customer_service.py", line 164, in get_all_customers
    .all()
     ^^^^^
  File "C:\Users\User\Desktop\customer_api\env\Lib\site-packages\sqlalchemy\orm\query.py", line 2711, in all
    return self._iter().all()  # type: ignore
           ^^^^^^^^^^^^
  File "C:\Users\User\Desktop\customer_api\env\Lib\site-packages\sqlalchemy\orm\query.py", line 2864, in _iter
    result: Union[ScalarResult[_T], Result[_T]] = self.session.execute(
                                                  ^^^^^^^^^^^^^^^^^^^^^
  File "C:\Users\User\Desktop\customer_api\env\Lib\site-packages\sqlalchemy\orm\session.py", line 2351, in execute
    return self._execute_internal(
           ^^^^^^^^^^^^^^^^^^^^^^^
  File "C:\Users\User\Desktop\customer_api\env\Lib\site-packages\sqlalchemy\orm\session.py", line 2249, in _execute_internal
    result: Result[Any] = compile_state_cls.orm_execute_statement(
                          ^^^^^^^^^^^^^^^^^^^^^^^^^^^^^^^^^^^^^^^^
  File "C:\Users\User\Desktop\customer_api\env\Lib\site-packages\sqlalchemy\orm\context.py", line 306, in orm_execute_statement
    result = conn.execute(
             ^^^^^^^^^^^^^
  File "C:\Users\User\Desktop\customer_api\env\Lib\site-packages\sqlalchemy\engine\base.py", line 1419, in execute
    return meth(
           ^^^^^
  File "C:\Users\User\Desktop\customer_api\env\Lib\site-packages\sqlalchemy\sql\elements.py", line 527, in _execute_on_connection
    return connection._execute_clauseelement(
           ^^^^^^^^^^^^^^^^^^^^^^^^^^^^^^^^^^
  File "C:\Users\User\Desktop\customer_api\env\Lib\site-packages\sqlalchemy\engine\base.py", line 1641, in _execute_clauseelement
    ret = self._execute_context(
          ^^^^^^^^^^^^^^^^^^^^^^
  File "C:\Users\User\Desktop\customer_api\env\Lib\site-packages\sqlalchemy\engine\base.py", line 1846, in _execute_context
    return self._exec_single_context(
           ^^^^^^^^^^^^^^^^^^^^^^^^^^
  File "C:\Users\User\Desktop\customer_api\env\Lib\site-packages\sqlalchemy\engine\base.py", line 1986, in _exec_single_context
    self._handle_dbapi_exception(
  File "C:\Users\User\Desktop\customer_api\env\Lib\site-packages\sqlalchemy\engine\base.py", line 2363, in _handle_dbapi_exception
    raise sqlalchemy_exception.with_traceback(exc_info[2]) from e
  File "C:\Users\User\Desktop\customer_api\env\Lib\site-packages\sqlalchemy\engine\base.py", line 1967, in _exec_single_context
    self.dialect.do_execute(
  File "C:\Users\User\Desktop\customer_api\env\Lib\site-packages\sqlalchemy\engine\default.py", line 952, in do_execute
    cursor.execute(statement, parameters)
sqlalchemy.exc.ProgrammingError: (psycopg2.errors.UndefinedTable) relation "addresses" does not exist
LINE 4:  LIMIT 5 OFFSET 5) AS anon_1 LEFT OUTER JOIN addresses AS ad...
                                                     ^

[SQL: SELECT anon_1.customers_id AS anon_1_customers_id, anon_1.customers_name AS anon_1_customers_name, anon_1.customers_age AS anon_1_customers_age, anon_1.customers_gender AS anon_1_customers_gender, anon_1.customers_date_of_birth AS anon_1_customers_date_of_birth, anon_1.customers_email AS anon_1_customers_email, anon_1.customers_phone AS anon_1_customers_phone, anon_1.customers_alternate_phone AS anon_1_customers_alternate_phone, anon_1.customers_company AS anon_1_customers_company, anon_1.customers_job_title AS anon_1_customers_job_title, anon_1.customers_experience_years AS anon_1_customers_experience_years, anon_1.customers_customer_type AS anon_1_customers_customer_type, anon_1.customers_status AS anon_1_customers_status, anon_1.customers_created_at AS anon_1_customers_created_at, anon_1.customers_updated_at AS anon_1_customers_updated_at, anon_1.customers_notes AS anon_1_customers_notes, anon_1.customers_source AS anon_1_customers_source, addresses_1.id AS addresses_1_id, addresses_1.customer_id AS addresses_1_customer_id, addresses_1.city AS addresses_1_city, addresses_1.state AS addresses_1_state, addresses_1.pincode AS addresses_1_pincode 
FROM (SELECT customers.id AS customers_id, customers.name AS customers_name, customers.age AS customers_age, customers.gender AS customers_gender, customers.date_of_birth AS customers_date_of_birth, customers.email AS customers_email, customers.phone AS customers_phone, customers.alternate_phone AS customers_alternate_phone, customers.company AS customers_company, customers.job_title AS customers_job_title, customers.experience_years AS customers_experience_years, customers.customer_type AS customers_customer_type, customers.status AS customers_status, customers.created_at AS customers_created_at, customers.updated_at AS customers_updated_at, customers.notes AS customers_notes, customers.source AS customers_source 
FROM customers 
 LIMIT %(param_1)s OFFSET %(param_2)s) AS anon_1 LEFT OUTER JOIN addresses AS addresses_1 ON anon_1.customers_id = addresses_1.customer_id]
[parameters: {'param_1': 5, 'param_2': 5}]
(Background on this error at: https://sqlalche.me/e/20/f405)
2026-04-23 00:36:29,326 | ERROR | app_logger | Failed to fetch customers | Status Code: 500
2026-04-23 00:36:29,327 | INFO | app_logger | Response status: 500
2026-04-23 00:36:30,229 | INFO | app_logger | GET http://localhost:8000/customers/?page=3&limit=5
2026-04-23 00:36:30,238 | INFO | app_logger | Fetch customers | user=teja@gmail.com | page=3 limit=5
2026-04-23 00:36:30,239 | INFO | app_logger | Fetch customers | page=3 limit=5
2026-04-23 00:36:30,244 | ERROR | app_logger | Fetch customers failed
Traceback (most recent call last):
  File "C:\Users\User\Desktop\customer_api\env\Lib\site-packages\sqlalchemy\engine\base.py", line 1967, in _exec_single_context
    self.dialect.do_execute(
  File "C:\Users\User\Desktop\customer_api\env\Lib\site-packages\sqlalchemy\engine\default.py", line 952, in do_execute
    cursor.execute(statement, parameters)
psycopg2.errors.UndefinedTable: relation "addresses" does not exist
LINE 4:  LIMIT 5 OFFSET 10) AS anon_1 LEFT OUTER JOIN addresses AS a...
                                                      ^


The above exception was the direct cause of the following exception:

Traceback (most recent call last):
  File "C:\Users\User\Desktop\customer_api\backend\services\customer_service.py", line 164, in get_all_customers
    .all()
     ^^^^^
  File "C:\Users\User\Desktop\customer_api\env\Lib\site-packages\sqlalchemy\orm\query.py", line 2711, in all
    return self._iter().all()  # type: ignore
           ^^^^^^^^^^^^
  File "C:\Users\User\Desktop\customer_api\env\Lib\site-packages\sqlalchemy\orm\query.py", line 2864, in _iter
    result: Union[ScalarResult[_T], Result[_T]] = self.session.execute(
                                                  ^^^^^^^^^^^^^^^^^^^^^
  File "C:\Users\User\Desktop\customer_api\env\Lib\site-packages\sqlalchemy\orm\session.py", line 2351, in execute
    return self._execute_internal(
           ^^^^^^^^^^^^^^^^^^^^^^^
  File "C:\Users\User\Desktop\customer_api\env\Lib\site-packages\sqlalchemy\orm\session.py", line 2249, in _execute_internal
    result: Result[Any] = compile_state_cls.orm_execute_statement(
                          ^^^^^^^^^^^^^^^^^^^^^^^^^^^^^^^^^^^^^^^^
  File "C:\Users\User\Desktop\customer_api\env\Lib\site-packages\sqlalchemy\orm\context.py", line 306, in orm_execute_statement
    result = conn.execute(
             ^^^^^^^^^^^^^
  File "C:\Users\User\Desktop\customer_api\env\Lib\site-packages\sqlalchemy\engine\base.py", line 1419, in execute
    return meth(
           ^^^^^
  File "C:\Users\User\Desktop\customer_api\env\Lib\site-packages\sqlalchemy\sql\elements.py", line 527, in _execute_on_connection
    return connection._execute_clauseelement(
           ^^^^^^^^^^^^^^^^^^^^^^^^^^^^^^^^^^
  File "C:\Users\User\Desktop\customer_api\env\Lib\site-packages\sqlalchemy\engine\base.py", line 1641, in _execute_clauseelement
    ret = self._execute_context(
          ^^^^^^^^^^^^^^^^^^^^^^
  File "C:\Users\User\Desktop\customer_api\env\Lib\site-packages\sqlalchemy\engine\base.py", line 1846, in _execute_context
    return self._exec_single_context(
           ^^^^^^^^^^^^^^^^^^^^^^^^^^
  File "C:\Users\User\Desktop\customer_api\env\Lib\site-packages\sqlalchemy\engine\base.py", line 1986, in _exec_single_context
    self._handle_dbapi_exception(
  File "C:\Users\User\Desktop\customer_api\env\Lib\site-packages\sqlalchemy\engine\base.py", line 2363, in _handle_dbapi_exception
    raise sqlalchemy_exception.with_traceback(exc_info[2]) from e
  File "C:\Users\User\Desktop\customer_api\env\Lib\site-packages\sqlalchemy\engine\base.py", line 1967, in _exec_single_context
    self.dialect.do_execute(
  File "C:\Users\User\Desktop\customer_api\env\Lib\site-packages\sqlalchemy\engine\default.py", line 952, in do_execute
    cursor.execute(statement, parameters)
sqlalchemy.exc.ProgrammingError: (psycopg2.errors.UndefinedTable) relation "addresses" does not exist
LINE 4:  LIMIT 5 OFFSET 10) AS anon_1 LEFT OUTER JOIN addresses AS a...
                                                      ^

[SQL: SELECT anon_1.customers_id AS anon_1_customers_id, anon_1.customers_name AS anon_1_customers_name, anon_1.customers_age AS anon_1_customers_age, anon_1.customers_gender AS anon_1_customers_gender, anon_1.customers_date_of_birth AS anon_1_customers_date_of_birth, anon_1.customers_email AS anon_1_customers_email, anon_1.customers_phone AS anon_1_customers_phone, anon_1.customers_alternate_phone AS anon_1_customers_alternate_phone, anon_1.customers_company AS anon_1_customers_company, anon_1.customers_job_title AS anon_1_customers_job_title, anon_1.customers_experience_years AS anon_1_customers_experience_years, anon_1.customers_customer_type AS anon_1_customers_customer_type, anon_1.customers_status AS anon_1_customers_status, anon_1.customers_created_at AS anon_1_customers_created_at, anon_1.customers_updated_at AS anon_1_customers_updated_at, anon_1.customers_notes AS anon_1_customers_notes, anon_1.customers_source AS anon_1_customers_source, addresses_1.id AS addresses_1_id, addresses_1.customer_id AS addresses_1_customer_id, addresses_1.city AS addresses_1_city, addresses_1.state AS addresses_1_state, addresses_1.pincode AS addresses_1_pincode 
FROM (SELECT customers.id AS customers_id, customers.name AS customers_name, customers.age AS customers_age, customers.gender AS customers_gender, customers.date_of_birth AS customers_date_of_birth, customers.email AS customers_email, customers.phone AS customers_phone, customers.alternate_phone AS customers_alternate_phone, customers.company AS customers_company, customers.job_title AS customers_job_title, customers.experience_years AS customers_experience_years, customers.customer_type AS customers_customer_type, customers.status AS customers_status, customers.created_at AS customers_created_at, customers.updated_at AS customers_updated_at, customers.notes AS customers_notes, customers.source AS customers_source 
FROM customers 
 LIMIT %(param_1)s OFFSET %(param_2)s) AS anon_1 LEFT OUTER JOIN addresses AS addresses_1 ON anon_1.customers_id = addresses_1.customer_id]
[parameters: {'param_1': 5, 'param_2': 10}]
(Background on this error at: https://sqlalche.me/e/20/f405)
2026-04-23 00:36:30,248 | ERROR | app_logger | Failed to fetch customers | Status Code: 500
2026-04-23 00:36:30,249 | INFO | app_logger | Response status: 500
2026-04-23 00:36:36,596 | INFO | app_logger | DELETE http://localhost:8000/auth/users/3
2026-04-23 00:36:36,604 | WARNING | app_logger | Delete user API called | user_id=3
2026-04-23 00:36:36,606 | INFO | app_logger | Delete user | id=3
2026-04-23 00:36:36,619 | INFO | app_logger | User deleted | id=3
2026-04-23 00:36:36,620 | INFO | app_logger | Response status: 200
2026-04-23 00:36:36,626 | INFO | app_logger | GET http://localhost:8000/auth/users
2026-04-23 00:36:36,630 | INFO | app_logger | Fetch users API called
2026-04-23 00:36:36,630 | INFO | app_logger | Fetch users | skip=0 limit=10
2026-04-23 00:36:36,636 | INFO | app_logger | Response status: 200
2026-04-23 00:36:36,641 | INFO | app_logger | GET http://localhost:8000/auth/users/count
2026-04-23 00:36:36,645 | INFO | app_logger | User count API called
2026-04-23 00:36:36,647 | INFO | app_logger | User count | total=0
2026-04-23 00:36:36,649 | INFO | app_logger | Response status: 200
2026-04-23 09:16:22,731 | INFO | app_logger | Application started successfully
2026-04-23 09:22:58,613 | INFO | app_logger | GET http://127.0.0.1:8000/docs
2026-04-23 09:22:58,616 | INFO | app_logger | Response status: 200
2026-04-23 09:22:58,735 | INFO | app_logger | GET http://127.0.0.1:8000/openapi.json
2026-04-23 09:22:58,964 | INFO | app_logger | Response status: 200
2026-04-23 09:23:41,554 | INFO | app_logger | POST http://127.0.0.1:8000/auth/register
2026-04-23 09:23:41,561 | INFO | app_logger | Register API called | email=raghu@outlook.com
2026-04-23 09:23:41,561 | INFO | app_logger | Register attempt | email=raghu@outlook.com username=abc
2026-04-23 09:23:42,243 | INFO | app_logger | User registered successfully | email=raghu@outlook.com
2026-04-23 09:23:42,248 | INFO | app_logger | Response status: 201
2026-04-23 09:23:58,411 | INFO | app_logger | GET http://127.0.0.1:8000/auth/users
2026-04-23 09:23:58,415 | INFO | app_logger | Response status: 401
2026-04-23 09:25:32,090 | INFO | app_logger | POST http://127.0.0.1:8000/auth/login
2026-04-23 09:25:32,101 | INFO | app_logger | Login API called | email=raghu@outlook.com
2026-04-23 09:25:32,101 | INFO | app_logger | Login attempt | email=raghu@outlook.com
2026-04-23 09:25:32,668 | INFO | app_logger | Login success | email=raghu@outlook.com
2026-04-23 09:25:32,672 | INFO | app_logger | Response status: 200
2026-04-23 09:25:56,424 | INFO | app_logger | GET http://127.0.0.1:8000/auth/users
2026-04-23 09:25:56,428 | INFO | app_logger | Fetch users API called
2026-04-23 09:25:56,428 | INFO | app_logger | Fetch users | skip=0 limit=10
2026-04-23 09:25:56,445 | INFO | app_logger | Response status: 200
2026-04-23 09:28:17,922 | INFO | app_logger | N/A | Application started successfully
2026-04-23 09:28:31,712 | INFO | app_logger | N/A | GET http://127.0.0.1:8000/docs
2026-04-23 09:28:31,715 | INFO | app_logger | N/A | Response status: 200
2026-04-23 09:28:31,810 | INFO | app_logger | N/A | GET http://127.0.0.1:8000/openapi.json
2026-04-23 09:28:32,061 | INFO | app_logger | N/A | Response status: 200
2026-04-23 09:28:39,446 | INFO | app_logger | N/A | GET http://127.0.0.1:8000/docs
2026-04-23 09:28:39,450 | INFO | app_logger | N/A | Response status: 200
2026-04-23 09:28:39,538 | INFO | app_logger | N/A | GET http://127.0.0.1:8000/openapi.json
2026-04-23 09:28:39,540 | INFO | app_logger | N/A | Response status: 200
2026-04-23 09:28:39,990 | INFO | app_logger | N/A | GET http://127.0.0.1:8000/docs
2026-04-23 09:28:39,991 | INFO | app_logger | N/A | Response status: 200
2026-04-23 09:28:40,061 | INFO | app_logger | N/A | GET http://127.0.0.1:8000/openapi.json
2026-04-23 09:28:40,061 | INFO | app_logger | N/A | Response status: 200
2026-04-23 10:03:16,511 | INFO | app_logger | N/A | POST http://127.0.0.1:8000/auth/login
2026-04-23 10:03:16,523 | INFO | app_logger | 4f1ec614-9ae5-4119-b29e-f68daff7bb5d | Login API called | email=abc@gmail.com
2026-04-23 10:03:16,533 | INFO | app_logger | 4f1ec614-9ae5-4119-b29e-f68daff7bb5d | Login attempt | email=abc@gmail.com
2026-04-23 10:03:16,554 | WARNING | app_logger | 4f1ec614-9ae5-4119-b29e-f68daff7bb5d | Invalid login | email=abc@gmail.com
2026-04-23 10:03:16,562 | ERROR | app_logger | 4f1ec614-9ae5-4119-b29e-f68daff7bb5d | Invalid credentials | Status Code: 401
2026-04-23 10:03:16,563 | INFO | app_logger | N/A | Response status: 401
2026-04-23 10:03:42,127 | INFO | app_logger | N/A | POST http://127.0.0.1:8000/auth/login
2026-04-23 10:03:42,142 | INFO | app_logger | 99891c5b-8b8a-418e-8414-d9cedf8580ef | Login API called | email=raghu@gmail.com
2026-04-23 10:03:42,142 | INFO | app_logger | 99891c5b-8b8a-418e-8414-d9cedf8580ef | Login attempt | email=raghu@gmail.com
2026-04-23 10:03:42,146 | WARNING | app_logger | 99891c5b-8b8a-418e-8414-d9cedf8580ef | Invalid login | email=raghu@gmail.com
2026-04-23 10:03:42,150 | ERROR | app_logger | 99891c5b-8b8a-418e-8414-d9cedf8580ef | Invalid credentials | Status Code: 401
2026-04-23 10:03:42,152 | INFO | app_logger | N/A | Response status: 401
2026-04-23 10:04:41,684 | INFO | app_logger | N/A | POST http://127.0.0.1:8000/auth/register
2026-04-23 10:04:41,688 | INFO | app_logger | 2439ba47-037c-4387-a6b1-761df9ad0df0 | Register API called | email=xyz@gmail.com
2026-04-23 10:04:41,690 | INFO | app_logger | 2439ba47-037c-4387-a6b1-761df9ad0df0 | Register attempt | email=xyz@gmail.com username=xyz
2026-04-23 10:04:41,696 | ERROR | app_logger | 2439ba47-037c-4387-a6b1-761df9ad0df0 | Registration failed
Traceback (most recent call last):
  File "C:\Users\User\Desktop\customer_api\backend\services\auth_service.py", line 34, in register_user
    validate_password(user_data.password)
  File "C:\Users\User\Desktop\customer_api\backend\utils\validator.py", line 9, in validate_password
    raise HTTPException(status_code=400, detail="Must contain uppercase letter")
fastapi.exceptions.HTTPException: 400: Must contain uppercase letter
2026-04-23 10:04:41,701 | ERROR | app_logger | 2439ba47-037c-4387-a6b1-761df9ad0df0 | Internal server error | Status Code: 500
2026-04-23 10:04:41,701 | INFO | app_logger | N/A | Response status: 500
2026-04-23 10:04:47,010 | INFO | app_logger | N/A | POST http://127.0.0.1:8000/auth/register
2026-04-23 10:04:47,013 | INFO | app_logger | bb70f06d-bb5d-4a18-a33e-f9811be35a3f | Register API called | email=xyz@gmail.com
2026-04-23 10:04:47,015 | INFO | app_logger | bb70f06d-bb5d-4a18-a33e-f9811be35a3f | Register attempt | email=xyz@gmail.com username=xyz
2026-04-23 10:04:47,019 | ERROR | app_logger | bb70f06d-bb5d-4a18-a33e-f9811be35a3f | Registration failed
Traceback (most recent call last):
  File "C:\Users\User\Desktop\customer_api\backend\services\auth_service.py", line 34, in register_user
    validate_password(user_data.password)
  File "C:\Users\User\Desktop\customer_api\backend\utils\validator.py", line 9, in validate_password
    raise HTTPException(status_code=400, detail="Must contain uppercase letter")
fastapi.exceptions.HTTPException: 400: Must contain uppercase letter
2026-04-23 10:04:47,022 | ERROR | app_logger | bb70f06d-bb5d-4a18-a33e-f9811be35a3f | Internal server error | Status Code: 500
2026-04-23 10:04:47,024 | INFO | app_logger | N/A | Response status: 500
2026-04-23 10:05:02,890 | INFO | app_logger | N/A | Application started successfully
2026-04-23 10:05:08,304 | INFO | app_logger | N/A | GET http://127.0.0.1:8000/docs
2026-04-23 10:05:08,306 | INFO | app_logger | N/A | Response status: 200
2026-04-23 10:05:08,409 | INFO | app_logger | N/A | GET http://127.0.0.1:8000/openapi.json
2026-04-23 10:05:08,679 | INFO | app_logger | N/A | GET http://127.0.0.1:8000/docs
2026-04-23 10:05:08,679 | INFO | app_logger | N/A | Response status: 200
2026-04-23 10:05:08,688 | INFO | app_logger | N/A | Response status: 200
2026-04-23 10:05:08,883 | INFO | app_logger | N/A | GET http://127.0.0.1:8000/docs
2026-04-23 10:05:08,884 | INFO | app_logger | N/A | Response status: 200
2026-04-23 10:05:08,985 | INFO | app_logger | N/A | GET http://127.0.0.1:8000/openapi.json
2026-04-23 10:05:08,985 | INFO | app_logger | N/A | Response status: 200
2026-04-23 10:05:09,150 | INFO | app_logger | N/A | GET http://127.0.0.1:8000/docs
2026-04-23 10:05:09,154 | INFO | app_logger | N/A | Response status: 200
2026-04-23 10:05:09,657 | INFO | app_logger | N/A | GET http://127.0.0.1:8000/openapi.json
2026-04-23 10:05:09,659 | INFO | app_logger | N/A | Response status: 200
2026-04-23 10:05:31,740 | INFO | app_logger | N/A | Application started successfully
2026-04-23 10:05:39,372 | INFO | app_logger | N/A | POST http://127.0.0.1:8000/auth/register
2026-04-23 10:05:39,395 | INFO | app_logger | 70c8850b-ff0a-4ed4-b1ef-98382704fe5d | Register API called | email=xyz@gmail.com
2026-04-23 10:05:39,397 | INFO | app_logger | 70c8850b-ff0a-4ed4-b1ef-98382704fe5d | Register attempt | email=xyz@gmail.com username=xyz
2026-04-23 10:05:39,479 | ERROR | app_logger | 70c8850b-ff0a-4ed4-b1ef-98382704fe5d | Registration failed
Traceback (most recent call last):
  File "C:\Users\User\Desktop\customer_api\backend\services\auth_service.py", line 34, in register_user
    validate_password(user_data.password)
  File "C:\Users\User\Desktop\customer_api\backend\utils\validator.py", line 9, in validate_password
    raise HTTPException(status_code=400, detail="Must contain uppercase letter")
fastapi.exceptions.HTTPException: 400: Must contain uppercase letter
2026-04-23 10:05:39,483 | ERROR | app_logger | 70c8850b-ff0a-4ed4-b1ef-98382704fe5d | Internal server error | Status Code: 500
2026-04-23 10:05:39,484 | INFO | app_logger | N/A | Response status: 500
2026-04-23 10:07:06,970 | INFO | app_logger | N/A | POST http://127.0.0.1:8000/auth/register
2026-04-23 10:07:06,979 | INFO | app_logger | f6fb51d0-3960-4d5a-bf8e-4e01d1d6a159 | Register API called | email=xyz@gmail.com
2026-04-23 10:07:06,982 | INFO | app_logger | f6fb51d0-3960-4d5a-bf8e-4e01d1d6a159 | Register attempt | email=xyz@gmail.com username=xyz
2026-04-23 10:07:06,990 | ERROR | app_logger | f6fb51d0-3960-4d5a-bf8e-4e01d1d6a159 | Registration failed
Traceback (most recent call last):
  File "C:\Users\User\Desktop\customer_api\backend\services\auth_service.py", line 34, in register_user
    validate_password(user_data.password)
  File "C:\Users\User\Desktop\customer_api\backend\utils\validator.py", line 9, in validate_password
    raise HTTPException(status_code=400, detail="Must contain uppercase letter")
fastapi.exceptions.HTTPException: 400: Must contain uppercase letter
2026-04-23 10:07:06,996 | ERROR | app_logger | f6fb51d0-3960-4d5a-bf8e-4e01d1d6a159 | Internal server error | Status Code: 500
2026-04-23 10:07:06,998 | INFO | app_logger | N/A | Response status: 500
2026-04-23 10:09:31,682 | INFO | app_logger | N/A | POST http://127.0.0.1:8000/auth/register
2026-04-23 10:09:31,695 | INFO | app_logger | 39cb5c51-8194-4789-9370-2717b221ac2a | Register API called | email=xyz@gmail.com
2026-04-23 10:09:31,696 | INFO | app_logger | 39cb5c51-8194-4789-9370-2717b221ac2a | Register attempt | email=xyz@gmail.com username=xyz
2026-04-23 10:09:32,358 | INFO | app_logger | 39cb5c51-8194-4789-9370-2717b221ac2a | User registered successfully | email=xyz@gmail.com
2026-04-23 10:09:32,363 | INFO | app_logger | N/A | Response status: 201
2026-04-23 10:10:25,575 | INFO | app_logger | N/A | POST http://127.0.0.1:8000/auth/login
2026-04-23 10:10:25,579 | INFO | app_logger | 6a327baa-a265-4d40-95fa-2f3460167539 | Login API called | email=xyz@gmail.com
2026-04-23 10:10:25,579 | INFO | app_logger | 6a327baa-a265-4d40-95fa-2f3460167539 | Login attempt | email=xyz@gmail.com
2026-04-23 10:10:26,146 | INFO | app_logger | 6a327baa-a265-4d40-95fa-2f3460167539 | Login success | email=xyz@gmail.com
2026-04-23 10:10:26,147 | INFO | app_logger | N/A | Response status: 200
2026-04-23 10:10:59,979 | INFO | app_logger | N/A | GET http://127.0.0.1:8000/auth/users
2026-04-23 10:10:59,983 | INFO | app_logger | 653145ff-1624-4e33-a60e-cb0acd4f1c1f | Fetch users API called
2026-04-23 10:10:59,984 | INFO | app_logger | 653145ff-1624-4e33-a60e-cb0acd4f1c1f | Fetch users | skip=0 limit=10
2026-04-23 10:10:59,988 | INFO | app_logger | N/A | Response status: 200
2026-04-23 10:11:17,092 | INFO | app_logger | N/A | DELETE http://127.0.0.1:8000/auth/users/4
2026-04-23 10:11:17,097 | WARNING | app_logger | f5f89d1f-d9d8-48dc-9c70-3af43a024f3a | Delete user API called | user_id=4
2026-04-23 10:11:17,099 | INFO | app_logger | f5f89d1f-d9d8-48dc-9c70-3af43a024f3a | Delete user | id=4
2026-04-23 10:11:17,109 | INFO | app_logger | f5f89d1f-d9d8-48dc-9c70-3af43a024f3a | User deleted | id=4
2026-04-23 10:11:17,111 | INFO | app_logger | N/A | Response status: 200
2026-04-23 10:11:19,947 | INFO | app_logger | N/A | DELETE http://127.0.0.1:8000/auth/users/4
2026-04-23 10:11:19,951 | WARNING | app_logger | ee6d3220-b312-4226-b866-dc9f0cc25c43 | Delete user API called | user_id=4
2026-04-23 10:11:19,951 | INFO | app_logger | ee6d3220-b312-4226-b866-dc9f0cc25c43 | Delete user | id=4
2026-04-23 10:11:19,953 | WARNING | app_logger | ee6d3220-b312-4226-b866-dc9f0cc25c43 | User not found | id=4
2026-04-23 10:11:19,953 | ERROR | app_logger | ee6d3220-b312-4226-b866-dc9f0cc25c43 | User not found | Status Code: 404
2026-04-23 10:11:19,953 | INFO | app_logger | N/A | Response status: 404
2026-04-23 10:32:14,958 | INFO | app_logger | N/A | GET http://localhost:8000/auth/users
2026-04-23 10:32:14,967 | INFO | app_logger | N/A | GET http://localhost:8000/auth/users/count
2026-04-23 10:32:14,970 | INFO | app_logger | N/A | GET http://localhost:8000/customers/?page=1&limit=5
2026-04-23 10:32:14,997 | ERROR | app_logger | 201adc4f-54a4-4f6d-a85b-943a6713b3e5 | Invalid or expired token | Status Code: 401
2026-04-23 10:32:15,003 | INFO | app_logger | N/A | Response status: 401
2026-04-23 10:32:15,003 | ERROR | app_logger | 70694e40-d83c-4c79-b037-d185e0ed9c94 | Invalid or expired token | Status Code: 401
2026-04-23 10:32:15,005 | ERROR | app_logger | c8a8698e-b960-4023-8296-7092d3bbe7ba | Invalid or expired token | Status Code: 401
2026-04-23 10:32:15,023 | INFO | app_logger | N/A | Response status: 401
2026-04-23 10:32:15,035 | INFO | app_logger | N/A | Response status: 401
2026-04-23 10:32:18,828 | INFO | app_logger | N/A | GET http://localhost:8000/auth/users
2026-04-23 10:32:18,829 | INFO | app_logger | N/A | GET http://localhost:8000/customers/?page=1&limit=5
2026-04-23 10:32:18,830 | INFO | app_logger | N/A | GET http://localhost:8000/auth/users/count
2026-04-23 10:32:18,834 | ERROR | app_logger | 454a7bda-380e-4e11-92b5-ef41b86958d9 | Invalid or expired token | Status Code: 401
2026-04-23 10:32:18,834 | ERROR | app_logger | abaebccd-954a-40b4-a228-aac067b65d1e | Invalid or expired token | Status Code: 401
2026-04-23 10:32:18,837 | ERROR | app_logger | 71b09d12-288b-47d8-b900-82805abe1f7f | Invalid or expired token | Status Code: 401
2026-04-23 10:32:18,838 | INFO | app_logger | N/A | Response status: 401
2026-04-23 10:32:18,838 | INFO | app_logger | N/A | Response status: 401
2026-04-23 10:32:18,840 | INFO | app_logger | N/A | Response status: 401
2026-04-23 10:32:19,062 | INFO | app_logger | N/A | GET http://localhost:8000/auth/users
2026-04-23 10:32:19,067 | INFO | app_logger | N/A | GET http://localhost:8000/customers/?page=1&limit=5
2026-04-23 10:32:19,070 | INFO | app_logger | N/A | GET http://localhost:8000/auth/users/count
2026-04-23 10:32:19,087 | ERROR | app_logger | 7393e891-be5b-4237-8186-9ff12b3c3c99 | Invalid or expired token | Status Code: 401
2026-04-23 10:32:19,092 | ERROR | app_logger | 6d7efe8e-cfb4-4a67-8e3d-01568b11f157 | Invalid or expired token | Status Code: 401
2026-04-23 10:32:19,097 | INFO | app_logger | N/A | Response status: 401
2026-04-23 10:32:19,098 | INFO | app_logger | N/A | Response status: 401
2026-04-23 10:32:19,108 | ERROR | app_logger | 0609ef85-5b21-454a-bd14-63cbdfeb780f | Invalid or expired token | Status Code: 401
2026-04-23 10:32:19,111 | INFO | app_logger | N/A | Response status: 401
2026-04-23 10:32:19,229 | INFO | app_logger | N/A | GET http://localhost:8000/auth/users
2026-04-23 10:32:19,229 | INFO | app_logger | N/A | GET http://localhost:8000/customers/?page=1&limit=5
2026-04-23 10:32:19,233 | INFO | app_logger | N/A | GET http://localhost:8000/auth/users/count
2026-04-23 10:32:19,238 | ERROR | app_logger | 65132e0e-d13d-4cfe-865b-74321ffe7649 | Invalid or expired token | Status Code: 401
2026-04-23 10:32:19,240 | ERROR | app_logger | 302b21c4-1961-40d7-aa97-42fae22ac615 | Invalid or expired token | Status Code: 401
2026-04-23 10:32:19,240 | ERROR | app_logger | 0290392c-bd8c-45e2-ace0-4f5df23eb491 | Invalid or expired token | Status Code: 401
2026-04-23 10:32:19,243 | INFO | app_logger | N/A | Response status: 401
2026-04-23 10:32:19,244 | INFO | app_logger | N/A | Response status: 401
2026-04-23 10:32:19,244 | INFO | app_logger | N/A | Response status: 401
2026-04-23 10:32:41,376 | INFO | app_logger | N/A | POST http://localhost:8000/auth/login
2026-04-23 10:32:41,383 | INFO | app_logger | b6784342-e379-4753-9c0f-4de95f739d08 | Login API called | email=xyz@gmail.com
2026-04-23 10:32:41,384 | INFO | app_logger | b6784342-e379-4753-9c0f-4de95f739d08 | Login attempt | email=xyz@gmail.com
2026-04-23 10:32:41,997 | WARNING | app_logger | b6784342-e379-4753-9c0f-4de95f739d08 | Invalid login | email=xyz@gmail.com
2026-04-23 10:32:42,002 | ERROR | app_logger | b6784342-e379-4753-9c0f-4de95f739d08 | Invalid credentials | Status Code: 401
2026-04-23 10:32:42,003 | INFO | app_logger | N/A | Response status: 401
2026-04-23 10:32:53,844 | INFO | app_logger | N/A | POST http://localhost:8000/auth/login
2026-04-23 10:32:53,857 | INFO | app_logger | 59715d41-aa3f-4e7e-9a41-1f67e09662ce | Login API called | email=xyz@gmail.com
2026-04-23 10:32:53,860 | INFO | app_logger | 59715d41-aa3f-4e7e-9a41-1f67e09662ce | Login attempt | email=xyz@gmail.com
2026-04-23 10:32:54,479 | WARNING | app_logger | 59715d41-aa3f-4e7e-9a41-1f67e09662ce | Invalid login | email=xyz@gmail.com
2026-04-23 10:32:54,479 | ERROR | app_logger | 59715d41-aa3f-4e7e-9a41-1f67e09662ce | Invalid credentials | Status Code: 401
2026-04-23 10:32:54,479 | INFO | app_logger | N/A | Response status: 401
2026-04-23 10:33:20,754 | INFO | app_logger | N/A | POST http://localhost:8000/auth/register
2026-04-23 10:33:20,760 | INFO | app_logger | 071c0768-f79d-4aef-9e42-e97bbb7d27a4 | Register API called | email=raghu@gmail.com
2026-04-23 10:33:20,761 | INFO | app_logger | 071c0768-f79d-4aef-9e42-e97bbb7d27a4 | Register attempt | email=raghu@gmail.com username=raghu
2026-04-23 10:33:21,302 | INFO | app_logger | 071c0768-f79d-4aef-9e42-e97bbb7d27a4 | User registered successfully | email=raghu@gmail.com
2026-04-23 10:33:21,302 | INFO | app_logger | N/A | Response status: 201
2026-04-23 10:33:41,512 | INFO | app_logger | N/A | POST http://localhost:8000/auth/login
2026-04-23 10:33:41,522 | INFO | app_logger | 915b3cd8-3892-40ee-bcf4-137a7128e5f9 | Login API called | email=raghu@gmail.com
2026-04-23 10:33:41,526 | INFO | app_logger | 915b3cd8-3892-40ee-bcf4-137a7128e5f9 | Login attempt | email=raghu@gmail.com
2026-04-23 10:33:42,129 | INFO | app_logger | 915b3cd8-3892-40ee-bcf4-137a7128e5f9 | Login success | email=raghu@gmail.com
2026-04-23 10:33:42,129 | INFO | app_logger | N/A | Response status: 200
2026-04-23 10:33:42,140 | INFO | app_logger | N/A | GET http://localhost:8000/auth/users
2026-04-23 10:33:42,141 | INFO | app_logger | N/A | GET http://localhost:8000/customers/?page=1&limit=5
2026-04-23 10:33:42,150 | INFO | app_logger | c85edaa2-119a-4ad8-aa1b-98b3e14019ac | Fetch customers | user=raghu@gmail.com | page=1 limit=5
2026-04-23 10:33:42,150 | INFO | app_logger | 87d63e1a-5fac-4ff8-b348-4527dc95f891 | Fetch users API called
2026-04-23 10:33:42,152 | INFO | app_logger | c85edaa2-119a-4ad8-aa1b-98b3e14019ac | Fetch customers | page=1 limit=5
2026-04-23 10:33:42,154 | INFO | app_logger | 87d63e1a-5fac-4ff8-b348-4527dc95f891 | Fetch users | skip=0 limit=10
2026-04-23 10:33:42,174 | INFO | app_logger | N/A | Response status: 200
2026-04-23 10:33:42,190 | INFO | app_logger | N/A | GET http://localhost:8000/auth/users/count
2026-04-23 10:33:42,201 | INFO | app_logger | a15a3c28-764f-4cdb-b48c-0284348e7cf6 | User count API called
2026-04-23 10:33:42,218 | INFO | app_logger | a15a3c28-764f-4cdb-b48c-0284348e7cf6 | User count | total=2
2026-04-23 10:33:42,219 | INFO | app_logger | N/A | Response status: 200
2026-04-23 10:33:42,353 | INFO | app_logger | N/A | Response status: 200
2026-04-23 10:33:47,713 | INFO | app_logger | N/A | DELETE http://localhost:8000/auth/users/5
2026-04-23 10:33:47,722 | WARNING | app_logger | f46d1c0d-ce26-4427-a7d8-c579e230a8ab | Delete user API called | user_id=5
2026-04-23 10:33:47,726 | INFO | app_logger | f46d1c0d-ce26-4427-a7d8-c579e230a8ab | Delete user | id=5
2026-04-23 10:33:47,740 | INFO | app_logger | f46d1c0d-ce26-4427-a7d8-c579e230a8ab | User deleted | id=5
2026-04-23 10:33:47,744 | INFO | app_logger | N/A | Response status: 200
2026-04-23 10:33:47,769 | INFO | app_logger | N/A | GET http://localhost:8000/auth/users
2026-04-23 10:33:47,781 | INFO | app_logger | 2b96d78c-2803-4b47-8914-b2576e943d0c | Fetch users API called
2026-04-23 10:33:47,784 | INFO | app_logger | 2b96d78c-2803-4b47-8914-b2576e943d0c | Fetch users | skip=0 limit=10
2026-04-23 10:33:47,788 | INFO | app_logger | N/A | Response status: 200
2026-04-23 10:33:47,797 | INFO | app_logger | N/A | GET http://localhost:8000/auth/users/count
2026-04-23 10:33:47,803 | INFO | app_logger | ae97d1d7-0406-4141-b018-a3adda69f458 | User count API called
2026-04-23 10:33:47,810 | INFO | app_logger | ae97d1d7-0406-4141-b018-a3adda69f458 | User count | total=1
2026-04-23 10:33:47,815 | INFO | app_logger | N/A | Response status: 200
2026-04-23 10:33:58,365 | INFO | app_logger | N/A | POST http://localhost:8000/customers/upload
2026-04-23 10:33:58,386 | INFO | app_logger | 2a228bcc-aebd-49fb-8cab-2aa3103ce1d6 | Customer CSV upload | user=raghu@gmail.com
2026-04-23 10:33:58,411 | INFO | app_logger | 2a228bcc-aebd-49fb-8cab-2aa3103ce1d6 | CSV customers inserted | count=5
2026-04-23 10:33:58,411 | INFO | app_logger | 2a228bcc-aebd-49fb-8cab-2aa3103ce1d6 | Customers uploaded successfully | count=5
2026-04-23 10:33:58,413 | INFO | app_logger | N/A | Response status: 200
2026-04-23 10:34:00,990 | INFO | app_logger | N/A | GET http://localhost:8000/customers/?page=1&limit=5
2026-04-23 10:34:00,997 | INFO | app_logger | a11cb780-f9bc-43eb-8a02-34ff25cedc33 | Fetch customers | user=raghu@gmail.com | page=1 limit=5
2026-04-23 10:34:00,997 | INFO | app_logger | a11cb780-f9bc-43eb-8a02-34ff25cedc33 | Fetch customers | page=1 limit=5
2026-04-23 10:34:01,012 | INFO | app_logger | N/A | Response status: 200
2026-04-23 10:34:01,024 | INFO | app_logger | N/A | GET http://localhost:8000/auth/users/count
2026-04-23 10:34:01,039 | INFO | app_logger | e98ba62a-927c-4130-aed2-2cd1fde85b98 | User count API called
2026-04-23 10:34:01,059 | INFO | app_logger | e98ba62a-927c-4130-aed2-2cd1fde85b98 | User count | total=1
2026-04-23 10:34:01,064 | INFO | app_logger | N/A | Response status: 200
2026-04-23 10:35:12,823 | INFO | app_logger | N/A | POST http://localhost:8000/customers/
2026-04-23 10:35:12,843 | INFO | app_logger | b02996ab-7c5d-4a9a-8a56-a54e93012e94 | Create customer | user=raghu@gmail.com | email=raghu@gmail.com
2026-04-23 10:35:12,843 | INFO | app_logger | b02996ab-7c5d-4a9a-8a56-a54e93012e94 | Create customer | email=raghu@gmail.com
2026-04-23 10:35:12,851 | ERROR | app_logger | b02996ab-7c5d-4a9a-8a56-a54e93012e94 | Email already exists | Status Code: 400
2026-04-23 10:35:12,855 | INFO | app_logger | N/A | Response status: 400
2026-04-23 10:35:22,306 | INFO | app_logger | N/A | POST http://localhost:8000/customers/
2026-04-23 10:35:22,313 | INFO | app_logger | 8165ccdb-2a60-4f92-9e93-bfd6c6a2babb | Create customer | user=raghu@gmail.com | email=raghu1@gmail.com
2026-04-23 10:35:22,315 | INFO | app_logger | 8165ccdb-2a60-4f92-9e93-bfd6c6a2babb | Create customer | email=raghu1@gmail.com
2026-04-23 10:35:22,328 | INFO | app_logger | 8165ccdb-2a60-4f92-9e93-bfd6c6a2babb | Customer created | id=6
2026-04-23 10:35:22,343 | INFO | app_logger | N/A | Response status: 201
2026-04-23 10:35:22,351 | INFO | app_logger | N/A | GET http://localhost:8000/customers/?page=1&limit=5
2026-04-23 10:35:22,357 | INFO | app_logger | a9dc2405-eca3-412f-83e8-09e2661a2855 | Fetch customers | user=raghu@gmail.com | page=1 limit=5
2026-04-23 10:35:22,357 | INFO | app_logger | a9dc2405-eca3-412f-83e8-09e2661a2855 | Fetch customers | page=1 limit=5
2026-04-23 10:35:22,364 | INFO | app_logger | N/A | Response status: 200
2026-04-23 10:35:33,386 | INFO | app_logger | N/A | GET http://localhost:8000/customers/?page=1&limit=10
2026-04-23 10:35:33,393 | INFO | app_logger | fcddf1cb-40c9-4ba6-98cd-b838790807d0 | Fetch customers | user=raghu@gmail.com | page=1 limit=10
2026-04-23 10:35:33,397 | INFO | app_logger | fcddf1cb-40c9-4ba6-98cd-b838790807d0 | Fetch customers | page=1 limit=10
2026-04-23 10:35:33,404 | INFO | app_logger | N/A | Response status: 200
2026-04-23 10:35:41,105 | INFO | app_logger | N/A | GET http://localhost:8000/customers/?page=1&limit=50
2026-04-23 10:35:41,115 | INFO | app_logger | 7722ca35-bc08-463d-9533-5dd33f75129a | Fetch customers | user=raghu@gmail.com | page=1 limit=50
2026-04-23 10:35:41,115 | INFO | app_logger | 7722ca35-bc08-463d-9533-5dd33f75129a | Fetch customers | page=1 limit=50
2026-04-23 10:35:41,125 | INFO | app_logger | N/A | Response status: 200
2026-04-23 10:35:44,180 | INFO | app_logger | N/A | GET http://localhost:8000/customers/?page=1&limit=5
2026-04-23 10:35:44,188 | INFO | app_logger | 9502aeb0-cdfe-4742-956f-b30b2c72ee4b | Fetch customers | user=raghu@gmail.com | page=1 limit=5
2026-04-23 10:35:44,190 | INFO | app_logger | 9502aeb0-cdfe-4742-956f-b30b2c72ee4b | Fetch customers | page=1 limit=5
2026-04-23 10:35:44,196 | INFO | app_logger | N/A | Response status: 200
2026-04-23 10:35:46,205 | INFO | app_logger | N/A | GET http://localhost:8000/customers/?page=2&limit=5
2026-04-23 10:35:46,213 | INFO | app_logger | ed977e55-3ea7-4148-af4d-c76b6ad29a03 | Fetch customers | user=raghu@gmail.com | page=2 limit=5
2026-04-23 10:35:46,215 | INFO | app_logger | ed977e55-3ea7-4148-af4d-c76b6ad29a03 | Fetch customers | page=2 limit=5
2026-04-23 10:35:46,223 | INFO | app_logger | N/A | Response status: 200
2026-04-23 10:35:49,887 | INFO | app_logger | N/A | GET http://localhost:8000/customers/?page=1&limit=5
2026-04-23 10:35:49,893 | INFO | app_logger | b968cac9-8d5d-4ba2-9982-6f7fadcd8727 | Fetch customers | user=raghu@gmail.com | page=1 limit=5
2026-04-23 10:35:49,893 | INFO | app_logger | b968cac9-8d5d-4ba2-9982-6f7fadcd8727 | Fetch customers | page=1 limit=5
2026-04-23 10:35:49,900 | INFO | app_logger | N/A | Response status: 200
2026-04-23 10:35:58,915 | INFO | app_logger | N/A | GET http://localhost:8000/customers/?page=1&limit=10
2026-04-23 10:35:58,923 | INFO | app_logger | 62c6f593-eeb6-4a45-aa3f-3afef01f9251 | Fetch customers | user=raghu@gmail.com | page=1 limit=10
2026-04-23 10:35:58,925 | INFO | app_logger | 62c6f593-eeb6-4a45-aa3f-3afef01f9251 | Fetch customers | page=1 limit=10
2026-04-23 10:35:58,931 | INFO | app_logger | N/A | Response status: 200
2026-04-23 10:36:27,523 | INFO | app_logger | N/A | POST http://localhost:8000/addresses/
2026-04-23 10:36:27,533 | INFO | app_logger | 0571c5fe-c797-4de6-8cba-f8173c58c941 | Add address | customer_id=2 | user=raghu@gmail.com
2026-04-23 10:36:27,533 | INFO | app_logger | 0571c5fe-c797-4de6-8cba-f8173c58c941 | Create address | customer_id=2
2026-04-23 10:36:27,553 | INFO | app_logger | N/A | Response status: 201
2026-04-23 10:36:27,563 | INFO | app_logger | N/A | GET http://localhost:8000/customers/?page=1&limit=10
2026-04-23 10:36:27,569 | INFO | app_logger | 4c055c0a-3737-48c0-ac7e-6ba8ded2e856 | Fetch customers | user=raghu@gmail.com | page=1 limit=10
2026-04-23 10:36:27,571 | INFO | app_logger | 4c055c0a-3737-48c0-ac7e-6ba8ded2e856 | Fetch customers | page=1 limit=10
2026-04-23 10:36:27,579 | INFO | app_logger | N/A | Response status: 200
2026-04-23 10:36:35,026 | INFO | app_logger | N/A | POST http://localhost:8000/addresses/
2026-04-23 10:36:35,034 | INFO | app_logger | 0220fff7-37f4-4140-8718-bdad98de1a64 | Add address | customer_id=2 | user=raghu@gmail.com
2026-04-23 10:36:35,034 | INFO | app_logger | 0220fff7-37f4-4140-8718-bdad98de1a64 | Create address | customer_id=2
2026-04-23 10:36:35,051 | INFO | app_logger | N/A | Response status: 201
2026-04-23 10:36:35,060 | INFO | app_logger | N/A | GET http://localhost:8000/customers/?page=1&limit=10
2026-04-23 10:36:35,065 | INFO | app_logger | a7adf5aa-4977-4229-a50a-00c00f5c1cc0 | Fetch customers | user=raghu@gmail.com | page=1 limit=10
2026-04-23 10:36:35,067 | INFO | app_logger | a7adf5aa-4977-4229-a50a-00c00f5c1cc0 | Fetch customers | page=1 limit=10
2026-04-23 10:36:35,072 | INFO | app_logger | N/A | Response status: 200
2026-04-23 10:47:49,935 | INFO | app_logger | N/A | GET http://localhost:8000/auth/users
2026-04-23 10:47:49,943 | INFO | app_logger | N/A | GET http://localhost:8000/auth/users/count
2026-04-23 10:47:49,957 | INFO | app_logger | N/A | GET http://localhost:8000/customers/?page=1&limit=5
2026-04-23 10:47:50,000 | INFO | app_logger | 2aa584b7-af9d-476d-8bc7-0509fd76dadb | Fetch users API called
2026-04-23 10:47:50,001 | INFO | app_logger | b4064ae1-db3a-425c-a602-ad241a762cab | User count API called
2026-04-23 10:47:50,001 | INFO | app_logger | 01acd674-1042-4eea-baae-e70e29ebd836 | Fetch customers | user=raghu@gmail.com | page=1 limit=5
2026-04-23 10:47:50,003 | INFO | app_logger | 2aa584b7-af9d-476d-8bc7-0509fd76dadb | Fetch users | skip=0 limit=10
2026-04-23 10:47:50,007 | INFO | app_logger | 01acd674-1042-4eea-baae-e70e29ebd836 | Fetch customers | page=1 limit=5
2026-04-23 10:47:50,009 | INFO | app_logger | b4064ae1-db3a-425c-a602-ad241a762cab | User count | total=1
2026-04-23 10:47:50,017 | INFO | app_logger | N/A | Response status: 200
2026-04-23 10:47:50,017 | INFO | app_logger | N/A | Response status: 200
2026-04-23 10:47:50,152 | INFO | app_logger | N/A | Response status: 200
2026-04-23 10:47:52,119 | INFO | app_logger | N/A | GET http://localhost:8000/auth/users
2026-04-23 10:47:52,122 | INFO | app_logger | N/A | GET http://localhost:8000/customers/?page=1&limit=5
2026-04-23 10:47:52,122 | INFO | app_logger | N/A | GET http://localhost:8000/auth/users/count
2026-04-23 10:47:52,129 | INFO | app_logger | ce12f52d-6c87-486e-9716-4bc42aa4641a | User count API called
2026-04-23 10:47:52,129 | INFO | app_logger | c365d0cc-ac85-435f-9521-19f9d64e246c | Fetch customers | user=raghu@gmail.com | page=1 limit=5
2026-04-23 10:47:52,129 | INFO | app_logger | 7f0f110c-0083-444d-8152-fac3db72b9e2 | Fetch users API called
2026-04-23 10:47:52,133 | INFO | app_logger | ce12f52d-6c87-486e-9716-4bc42aa4641a | User count | total=1
2026-04-23 10:47:52,134 | INFO | app_logger | c365d0cc-ac85-435f-9521-19f9d64e246c | Fetch customers | page=1 limit=5
2026-04-23 10:47:52,135 | INFO | app_logger | 7f0f110c-0083-444d-8152-fac3db72b9e2 | Fetch users | skip=0 limit=10
2026-04-23 10:47:52,138 | INFO | app_logger | N/A | Response status: 200
2026-04-23 10:47:52,145 | INFO | app_logger | N/A | Response status: 200
2026-04-23 10:47:52,150 | INFO | app_logger | N/A | Response status: 200
2026-04-23 10:49:06,512 | INFO | app_logger | N/A | GET http://localhost:8000/auth/users
2026-04-23 10:49:06,515 | INFO | app_logger | N/A | GET http://localhost:8000/auth/users/count
2026-04-23 10:49:06,520 | INFO | app_logger | N/A | GET http://localhost:8000/customers/?page=1&limit=5
2026-04-23 10:49:06,542 | ERROR | app_logger | 5500ca67-8515-4c4d-b06a-d775b42bd412 | Invalid or expired token | Status Code: 401
2026-04-23 10:49:06,546 | ERROR | app_logger | 218fbf1c-8a4d-4779-a350-3eef10a73296 | Invalid or expired token | Status Code: 401
2026-04-23 10:49:06,547 | ERROR | app_logger | 9cea5b06-73c6-4c79-ad8a-9f01ae7c29d4 | Invalid or expired token | Status Code: 401
2026-04-23 10:49:06,552 | INFO | app_logger | N/A | Response status: 401
2026-04-23 10:49:06,552 | INFO | app_logger | N/A | Response status: 401
2026-04-23 10:49:06,554 | INFO | app_logger | N/A | Response status: 401
2026-04-23 10:49:06,623 | INFO | app_logger | N/A | GET http://localhost:8000/auth/users
2026-04-23 10:49:06,626 | INFO | app_logger | N/A | GET http://localhost:8000/customers/?page=1&limit=5
2026-04-23 10:49:06,631 | INFO | app_logger | N/A | GET http://localhost:8000/auth/users/count
2026-04-23 10:49:06,646 | ERROR | app_logger | 19dd8e07-8f63-4d62-80c8-cb44bd45fad9 | Invalid or expired token | Status Code: 401
2026-04-23 10:49:06,651 | ERROR | app_logger | ddfd771a-5cde-4a43-a6de-66a67247093a | Invalid or expired token | Status Code: 401
2026-04-23 10:49:06,655 | ERROR | app_logger | a3e73815-a45e-41b3-abb2-0d806b0ca8c8 | Invalid or expired token | Status Code: 401
2026-04-23 10:49:06,657 | INFO | app_logger | N/A | Response status: 401
2026-04-23 10:49:06,659 | INFO | app_logger | N/A | Response status: 401
2026-04-23 10:49:06,662 | INFO | app_logger | N/A | Response status: 401
2026-04-23 10:49:06,753 | INFO | app_logger | N/A | GET http://localhost:8000/auth/users
2026-04-23 10:49:06,753 | INFO | app_logger | N/A | GET http://localhost:8000/customers/?page=1&limit=5
2026-04-23 10:49:06,755 | INFO | app_logger | N/A | GET http://localhost:8000/auth/users/count
2026-04-23 10:49:06,763 | ERROR | app_logger | 8660051c-98c2-4ed1-a9c2-aea964a6d0de | Invalid or expired token | Status Code: 401
2026-04-23 10:49:06,763 | ERROR | app_logger | 5642d72b-14cf-4e91-b1f0-6fe06ba179eb | Invalid or expired token | Status Code: 401
2026-04-23 10:49:06,765 | ERROR | app_logger | e8704624-f140-4e9f-9bd9-d618d0fb7269 | Invalid or expired token | Status Code: 401
2026-04-23 10:49:06,765 | INFO | app_logger | N/A | Response status: 401
2026-04-23 10:49:06,768 | INFO | app_logger | N/A | Response status: 401
2026-04-23 10:49:06,769 | INFO | app_logger | N/A | Response status: 401
2026-04-23 10:49:07,019 | INFO | app_logger | N/A | GET http://localhost:8000/auth/users
2026-04-23 10:49:07,021 | INFO | app_logger | N/A | GET http://localhost:8000/customers/?page=1&limit=5
2026-04-23 10:49:07,023 | INFO | app_logger | N/A | GET http://localhost:8000/auth/users/count
2026-04-23 10:49:07,034 | ERROR | app_logger | 4ec60599-5f16-4820-87fc-cc44eac4e3d1 | Invalid or expired token | Status Code: 401
2026-04-23 10:49:07,040 | ERROR | app_logger | 23db0943-969f-430a-8edd-708b494bcd5d | Invalid or expired token | Status Code: 401
2026-04-23 10:49:07,041 | INFO | app_logger | N/A | Response status: 401
2026-04-23 10:49:07,046 | INFO | app_logger | N/A | Response status: 401
2026-04-23 10:49:07,048 | ERROR | app_logger | 0607e39f-7178-4aab-8c80-65439cf44948 | Invalid or expired token | Status Code: 401
2026-04-23 10:49:07,062 | INFO | app_logger | N/A | Response status: 401
2026-04-23 10:49:07,191 | INFO | app_logger | N/A | GET http://localhost:8000/auth/users
2026-04-23 10:49:07,193 | INFO | app_logger | N/A | GET http://localhost:8000/auth/users/count
2026-04-23 10:49:07,193 | INFO | app_logger | N/A | GET http://localhost:8000/customers/?page=1&limit=5
2026-04-23 10:49:07,203 | ERROR | app_logger | 1ffb64e0-1595-42b3-b2e9-d15f4a9fc5dc | Invalid or expired token | Status Code: 401
2026-04-23 10:49:07,204 | ERROR | app_logger | a111ce00-7cda-4b2b-8487-c9f4a7614b25 | Invalid or expired token | Status Code: 401
2026-04-23 10:49:07,206 | ERROR | app_logger | f78cfc1b-ede9-4bce-ab3c-43229d266535 | Invalid or expired token | Status Code: 401
2026-04-23 10:49:07,207 | INFO | app_logger | N/A | Response status: 401
2026-04-23 10:49:07,207 | INFO | app_logger | N/A | Response status: 401
2026-04-23 10:49:07,214 | INFO | app_logger | N/A | Response status: 401
2026-04-23 10:49:29,731 | INFO | app_logger | N/A | POST http://localhost:8000/auth/login
2026-04-23 10:49:29,743 | INFO | app_logger | e5c6170e-231c-4c40-a7c3-788b166424aa | Login API called | email=raghu@gmail.com
2026-04-23 10:49:29,743 | INFO | app_logger | e5c6170e-231c-4c40-a7c3-788b166424aa | Login attempt | email=raghu@gmail.com
2026-04-23 10:49:30,338 | INFO | app_logger | e5c6170e-231c-4c40-a7c3-788b166424aa | Login success | email=raghu@gmail.com
2026-04-23 10:49:30,341 | INFO | app_logger | N/A | Response status: 200
2026-04-23 10:49:30,350 | INFO | app_logger | N/A | GET http://localhost:8000/auth/users
2026-04-23 10:49:30,351 | INFO | app_logger | N/A | GET http://localhost:8000/auth/users/count
2026-04-23 10:49:30,351 | INFO | app_logger | N/A | GET http://localhost:8000/customers/?page=1&limit=5
2026-04-23 10:49:30,363 | INFO | app_logger | 6d7f448b-a0d9-454d-a290-33ea5f25899b | Fetch users API called
2026-04-23 10:49:30,364 | INFO | app_logger | b42423f7-7e13-46bc-a60e-a747f2f9fa03 | Fetch customers | user=raghu@gmail.com | page=1 limit=5
2026-04-23 10:49:30,364 | INFO | app_logger | 376427eb-e12b-48ee-8903-fd76fcae68d5 | User count API called
2026-04-23 10:49:30,364 | INFO | app_logger | 6d7f448b-a0d9-454d-a290-33ea5f25899b | Fetch users | skip=0 limit=10
2026-04-23 10:49:30,364 | INFO | app_logger | b42423f7-7e13-46bc-a60e-a747f2f9fa03 | Fetch customers | page=1 limit=5
2026-04-23 10:49:30,369 | INFO | app_logger | 376427eb-e12b-48ee-8903-fd76fcae68d5 | User count | total=1
2026-04-23 10:49:30,369 | INFO | app_logger | N/A | Response status: 200
2026-04-23 10:49:30,376 | INFO | app_logger | N/A | Response status: 200
2026-04-23 10:49:30,380 | INFO | app_logger | N/A | Response status: 200
2026-04-23 10:55:46,587 | INFO | app_logger | N/A | GET http://localhost:8000/customers/?page=1&limit=5
2026-04-23 10:55:46,589 | INFO | app_logger | N/A | GET http://localhost:8000/auth/users
2026-04-23 10:55:46,590 | INFO | app_logger | N/A | GET http://localhost:8000/auth/users/count
2026-04-23 10:55:46,598 | INFO | app_logger | 5032b7d4-261f-4037-88b8-bc885632d515 | User count API called
2026-04-23 10:55:46,598 | INFO | app_logger | 909627d2-99e8-4cd8-aa32-a4539216dfaf | Fetch customers | user=raghu@gmail.com | page=1 limit=5
2026-04-23 10:55:46,598 | INFO | app_logger | 99741efc-c32b-4e56-a278-e98f20933d84 | Fetch users API called
2026-04-23 10:55:46,600 | INFO | app_logger | 909627d2-99e8-4cd8-aa32-a4539216dfaf | Fetch customers | page=1 limit=5
2026-04-23 10:55:46,600 | INFO | app_logger | 5032b7d4-261f-4037-88b8-bc885632d515 | User count | total=1
2026-04-23 10:55:46,600 | INFO | app_logger | 99741efc-c32b-4e56-a278-e98f20933d84 | Fetch users | skip=0 limit=10
2026-04-23 10:55:46,604 | INFO | app_logger | N/A | Response status: 200
2026-04-23 10:55:46,611 | INFO | app_logger | N/A | Response status: 200
2026-04-23 10:55:46,613 | INFO | app_logger | N/A | Response status: 200
2026-04-23 10:55:56,576 | INFO | app_logger | N/A | GET http://localhost:8000/auth/users
2026-04-23 10:55:56,579 | INFO | app_logger | a54ea2a3-5f0a-4cd7-996e-73af46d3742b | Fetch users API called
2026-04-23 10:55:56,579 | INFO | app_logger | a54ea2a3-5f0a-4cd7-996e-73af46d3742b | Fetch users | skip=0 limit=10
2026-04-23 10:55:56,581 | INFO | app_logger | N/A | Response status: 200
2026-04-23 10:55:56,588 | INFO | app_logger | N/A | GET http://localhost:8000/customers/?page=1&limit=5
2026-04-23 10:55:56,591 | INFO | app_logger | 3572e18c-e280-4aca-9c13-ebbc858c398b | Fetch customers | user=raghu@gmail.com | page=1 limit=5
2026-04-23 10:55:56,593 | INFO | app_logger | 3572e18c-e280-4aca-9c13-ebbc858c398b | Fetch customers | page=1 limit=5
2026-04-23 10:55:56,597 | INFO | app_logger | N/A | Response status: 200
2026-04-23 10:55:56,604 | INFO | app_logger | N/A | GET http://localhost:8000/auth/users/count
2026-04-23 10:55:56,611 | INFO | app_logger | 64b86da7-cbf0-4815-8e23-f5a4188a0179 | User count API called
2026-04-23 10:55:56,615 | INFO | app_logger | 64b86da7-cbf0-4815-8e23-f5a4188a0179 | User count | total=1
2026-04-23 10:55:56,619 | INFO | app_logger | N/A | Response status: 200
2026-04-23 10:55:56,945 | INFO | app_logger | N/A | GET http://localhost:8000/auth/users
2026-04-23 10:55:56,947 | INFO | app_logger | N/A | GET http://localhost:8000/customers/?page=1&limit=5
2026-04-23 10:55:56,950 | INFO | app_logger | N/A | GET http://localhost:8000/auth/users/count
2026-04-23 10:55:56,969 | INFO | app_logger | 032c02f3-52ca-4eb9-9d49-416275af0e7e | Fetch users API called
2026-04-23 10:55:56,969 | INFO | app_logger | 6fc11803-fcdb-45c6-baa9-59451bdf0a89 | Fetch customers | user=raghu@gmail.com | page=1 limit=5
2026-04-23 10:55:56,969 | INFO | app_logger | e5484cc1-02c8-4e72-92f3-ebad2ab18aba | User count API called
2026-04-23 10:55:56,972 | INFO | app_logger | 032c02f3-52ca-4eb9-9d49-416275af0e7e | Fetch users | skip=0 limit=10
2026-04-23 10:55:56,973 | INFO | app_logger | 6fc11803-fcdb-45c6-baa9-59451bdf0a89 | Fetch customers | page=1 limit=5
2026-04-23 10:55:56,979 | INFO | app_logger | e5484cc1-02c8-4e72-92f3-ebad2ab18aba | User count | total=1
2026-04-23 10:55:56,988 | INFO | app_logger | N/A | Response status: 200
2026-04-23 10:55:56,997 | INFO | app_logger | N/A | Response status: 200
2026-04-23 10:55:57,000 | INFO | app_logger | N/A | Response status: 200
2026-04-23 10:57:36,866 | INFO | app_logger | N/A | GET http://localhost:8000/customers/?page=1&limit=10
2026-04-23 10:57:36,875 | INFO | app_logger | fba9758f-5361-4a6c-b7d2-e088fdfaebb0 | Fetch customers | user=raghu@gmail.com | page=1 limit=10
2026-04-23 10:57:36,876 | INFO | app_logger | fba9758f-5361-4a6c-b7d2-e088fdfaebb0 | Fetch customers | page=1 limit=10
2026-04-23 10:57:36,886 | INFO | app_logger | N/A | Response status: 200
2026-04-23 10:57:43,215 | INFO | app_logger | N/A | GET http://localhost:8000/customers/?page=1&limit=5
2026-04-23 10:57:43,228 | INFO | app_logger | a4f61fbe-b721-48c9-9134-bfc236eec829 | Fetch customers | user=raghu@gmail.com | page=1 limit=5
2026-04-23 10:57:43,229 | INFO | app_logger | a4f61fbe-b721-48c9-9134-bfc236eec829 | Fetch customers | page=1 limit=5
2026-04-23 10:57:43,238 | INFO | app_logger | N/A | Response status: 200
2026-04-23 10:57:45,992 | INFO | app_logger | N/A | GET http://localhost:8000/customers/?page=2&limit=5
2026-04-23 10:57:46,006 | INFO | app_logger | 53cceea3-0918-4b3e-9213-665c11a14a65 | Fetch customers | user=raghu@gmail.com | page=2 limit=5
2026-04-23 10:57:46,008 | INFO | app_logger | 53cceea3-0918-4b3e-9213-665c11a14a65 | Fetch customers | page=2 limit=5
2026-04-23 10:57:46,022 | INFO | app_logger | N/A | Response status: 200
2026-04-23 10:58:01,101 | INFO | app_logger | N/A | GET http://localhost:8000/auth/users
2026-04-23 10:58:01,104 | INFO | app_logger | N/A | GET http://localhost:8000/customers/?page=1&limit=5
2026-04-23 10:58:01,108 | INFO | app_logger | N/A | GET http://localhost:8000/auth/users/count
2026-04-23 10:58:01,126 | INFO | app_logger | e6893140-6310-4837-bc6c-00a5282d7173 | Fetch customers | user=raghu@gmail.com | page=1 limit=5
2026-04-23 10:58:01,126 | INFO | app_logger | c8f37268-1135-4378-ac2e-2b5a5b1951d5 | Fetch users API called
2026-04-23 10:58:01,127 | INFO | app_logger | e6893140-6310-4837-bc6c-00a5282d7173 | Fetch customers | page=1 limit=5
2026-04-23 10:58:01,127 | INFO | app_logger | c8f37268-1135-4378-ac2e-2b5a5b1951d5 | Fetch users | skip=0 limit=10
2026-04-23 10:58:01,141 | INFO | app_logger | N/A | Response status: 200
2026-04-23 10:58:01,144 | INFO | app_logger | cf5a0639-deda-4468-a14b-7a03940c015d | User count API called
2026-04-23 10:58:01,151 | INFO | app_logger | cf5a0639-deda-4468-a14b-7a03940c015d | User count | total=1
2026-04-23 10:58:01,153 | INFO | app_logger | N/A | Response status: 200
2026-04-23 10:58:01,162 | INFO | app_logger | N/A | Response status: 200
2026-04-23 10:58:01,472 | INFO | app_logger | N/A | GET http://localhost:8000/auth/users
2026-04-23 10:58:01,474 | INFO | app_logger | N/A | GET http://localhost:8000/customers/?page=1&limit=5
2026-04-23 10:58:01,477 | INFO | app_logger | N/A | GET http://localhost:8000/auth/users/count
2026-04-23 10:58:01,489 | INFO | app_logger | 22a11828-f903-4aca-a68c-62b694aa8273 | Fetch customers | user=raghu@gmail.com | page=1 limit=5
2026-04-23 10:58:01,490 | INFO | app_logger | 0cef4565-0ee5-41b2-b22c-64fbfbd38961 | User count API called
2026-04-23 10:58:01,490 | INFO | app_logger | 04cada21-e673-41db-b3c6-2095f1857319 | Fetch users API called
2026-04-23 10:58:01,490 | INFO | app_logger | 22a11828-f903-4aca-a68c-62b694aa8273 | Fetch customers | page=1 limit=5
2026-04-23 10:58:01,495 | INFO | app_logger | 04cada21-e673-41db-b3c6-2095f1857319 | Fetch users | skip=0 limit=10
2026-04-23 10:58:01,495 | INFO | app_logger | 0cef4565-0ee5-41b2-b22c-64fbfbd38961 | User count | total=1
2026-04-23 10:58:01,503 | INFO | app_logger | N/A | Response status: 200
2026-04-23 10:58:01,505 | INFO | app_logger | N/A | Response status: 200
2026-04-23 10:58:01,513 | INFO | app_logger | N/A | Response status: 200
2026-04-23 10:58:03,443 | INFO | app_logger | N/A | GET http://localhost:8000/auth/users
2026-04-23 10:58:03,443 | INFO | app_logger | N/A | GET http://localhost:8000/auth/users/count
2026-04-23 10:58:03,446 | INFO | app_logger | N/A | GET http://localhost:8000/customers/?page=1&limit=5
2026-04-23 10:58:03,453 | INFO | app_logger | ec96d1f1-299d-4eb9-b215-2c3fa1fc3173 | Fetch customers | user=raghu@gmail.com | page=1 limit=5
2026-04-23 10:58:03,453 | INFO | app_logger | d3ddd693-fc9f-45f2-a19b-dd11ab3eed45 | User count API called
2026-04-23 10:58:03,453 | INFO | app_logger | c72b6080-83f5-40ca-9d0c-6fab1ebd5510 | Fetch users API called
2026-04-23 10:58:03,453 | INFO | app_logger | ec96d1f1-299d-4eb9-b215-2c3fa1fc3173 | Fetch customers | page=1 limit=5
2026-04-23 10:58:03,456 | INFO | app_logger | c72b6080-83f5-40ca-9d0c-6fab1ebd5510 | Fetch users | skip=0 limit=10
2026-04-23 10:58:03,456 | INFO | app_logger | d3ddd693-fc9f-45f2-a19b-dd11ab3eed45 | User count | total=1
2026-04-23 10:58:03,462 | INFO | app_logger | N/A | Response status: 200
2026-04-23 10:58:03,464 | INFO | app_logger | N/A | Response status: 200
2026-04-23 10:58:03,467 | INFO | app_logger | N/A | Response status: 200
2026-04-23 10:58:03,869 | INFO | app_logger | N/A | GET http://localhost:8000/auth/users
2026-04-23 10:58:03,871 | INFO | app_logger | N/A | GET http://localhost:8000/auth/users/count
2026-04-23 10:58:03,871 | INFO | app_logger | N/A | GET http://localhost:8000/customers/?page=1&limit=5
2026-04-23 10:58:03,877 | INFO | app_logger | 8fdd59b1-f6c3-40f7-8503-74ff4cfc9189 | Fetch users API called
2026-04-23 10:58:03,877 | INFO | app_logger | 816df177-0355-4cee-a02e-a3f0a09e35c4 | Fetch customers | user=raghu@gmail.com | page=1 limit=5
2026-04-23 10:58:03,877 | INFO | app_logger | 19b4e164-81be-401e-8c91-cc00b56e6f52 | User count API called
2026-04-23 10:58:03,878 | INFO | app_logger | 8fdd59b1-f6c3-40f7-8503-74ff4cfc9189 | Fetch users | skip=0 limit=10
2026-04-23 10:58:03,879 | INFO | app_logger | 816df177-0355-4cee-a02e-a3f0a09e35c4 | Fetch customers | page=1 limit=5
2026-04-23 10:58:03,881 | INFO | app_logger | 19b4e164-81be-401e-8c91-cc00b56e6f52 | User count | total=1
2026-04-23 10:58:03,886 | INFO | app_logger | N/A | Response status: 200
2026-04-23 10:58:03,888 | INFO | app_logger | N/A | Response status: 200
2026-04-23 10:58:03,893 | INFO | app_logger | N/A | Response status: 200
2026-04-23 10:58:04,349 | INFO | app_logger | N/A | GET http://localhost:8000/auth/users
2026-04-23 10:58:04,350 | INFO | app_logger | N/A | GET http://localhost:8000/auth/users/count
2026-04-23 10:58:04,354 | INFO | app_logger | N/A | GET http://localhost:8000/customers/?page=1&limit=5
2026-04-23 10:58:04,368 | INFO | app_logger | 0030c67a-eb5d-484b-8cc9-bc3cb0880e3e | Fetch customers | user=raghu@gmail.com | page=1 limit=5
2026-04-23 10:58:04,372 | INFO | app_logger | 78c70d53-d110-4917-b893-8dba72d82e66 | User count API called
2026-04-23 10:58:04,373 | INFO | app_logger | 0030c67a-eb5d-484b-8cc9-bc3cb0880e3e | Fetch customers | page=1 limit=5
2026-04-23 10:58:04,375 | INFO | app_logger | 8a05ff4d-73c5-4eb3-b0a8-4f9669c97f47 | Fetch users API called
2026-04-23 10:58:04,380 | INFO | app_logger | 78c70d53-d110-4917-b893-8dba72d82e66 | User count | total=1
2026-04-23 10:58:04,386 | INFO | app_logger | 8a05ff4d-73c5-4eb3-b0a8-4f9669c97f47 | Fetch users | skip=0 limit=10
2026-04-23 10:58:04,388 | INFO | app_logger | N/A | Response status: 200
2026-04-23 10:58:04,397 | INFO | app_logger | N/A | Response status: 200
2026-04-23 10:58:04,403 | INFO | app_logger | N/A | Response status: 200
2026-04-23 10:58:04,519 | INFO | app_logger | N/A | GET http://localhost:8000/auth/users
2026-04-23 10:58:04,520 | INFO | app_logger | N/A | GET http://localhost:8000/auth/users/count
2026-04-23 10:58:04,520 | INFO | app_logger | N/A | GET http://localhost:8000/customers/?page=1&limit=5
2026-04-23 10:58:04,526 | INFO | app_logger | 691afc13-12c1-441e-b202-c62726ccb0d9 | User count API called
2026-04-23 10:58:04,526 | INFO | app_logger | 14adb6b4-5737-4545-942d-52a59b392803 | Fetch users API called
2026-04-23 10:58:04,529 | INFO | app_logger | 14adb6b4-5737-4545-942d-52a59b392803 | Fetch users | skip=0 limit=10
2026-04-23 10:58:04,529 | INFO | app_logger | 691afc13-12c1-441e-b202-c62726ccb0d9 | User count | total=1
2026-04-23 10:58:04,529 | INFO | app_logger | 1593626d-ab06-4bee-b5fb-f17d5c87d08d | Fetch customers | user=raghu@gmail.com | page=1 limit=5
2026-04-23 10:58:04,534 | INFO | app_logger | N/A | Response status: 200
2026-04-23 10:58:04,534 | INFO | app_logger | 1593626d-ab06-4bee-b5fb-f17d5c87d08d | Fetch customers | page=1 limit=5
2026-04-23 10:58:04,534 | INFO | app_logger | N/A | Response status: 200
2026-04-23 10:58:04,547 | INFO | app_logger | N/A | Response status: 200
2026-04-23 10:58:04,850 | INFO | app_logger | N/A | GET http://localhost:8000/auth/users
2026-04-23 10:58:04,851 | INFO | app_logger | N/A | GET http://localhost:8000/customers/?page=1&limit=5
2026-04-23 10:58:04,853 | INFO | app_logger | N/A | GET http://localhost:8000/auth/users/count
2026-04-23 10:58:04,857 | INFO | app_logger | 721c58a6-03d2-4427-8c0b-2f0f3c343cc6 | Fetch customers | user=raghu@gmail.com | page=1 limit=5
2026-04-23 10:58:04,860 | INFO | app_logger | d8a8f63f-3501-4ad0-aea8-6b1b310c7d53 | Fetch users API called
2026-04-23 10:58:04,860 | INFO | app_logger | e320bb4f-f57e-4efc-95cc-255445daff63 | User count API called
2026-04-23 10:58:04,860 | INFO | app_logger | 721c58a6-03d2-4427-8c0b-2f0f3c343cc6 | Fetch customers | page=1 limit=5
2026-04-23 10:58:04,860 | INFO | app_logger | d8a8f63f-3501-4ad0-aea8-6b1b310c7d53 | Fetch users | skip=0 limit=10
2026-04-23 10:58:04,862 | INFO | app_logger | e320bb4f-f57e-4efc-95cc-255445daff63 | User count | total=1
2026-04-23 10:58:04,874 | INFO | app_logger | N/A | Response status: 200
2026-04-23 10:58:04,877 | INFO | app_logger | N/A | Response status: 200
2026-04-23 10:58:04,877 | INFO | app_logger | N/A | Response status: 200
2026-04-23 11:01:16,112 | INFO | app_logger | N/A | GET http://localhost:8000/auth/users
2026-04-23 11:01:16,114 | INFO | app_logger | N/A | GET http://localhost:8000/auth/users/count
2026-04-23 11:01:16,114 | INFO | app_logger | N/A | GET http://localhost:8000/customers/?page=1&limit=5
2026-04-23 11:01:16,126 | INFO | app_logger | 63ba0c34-5d77-4dbe-a74f-c56e6cfd2635 | Fetch customers | user=raghu@gmail.com | page=1 limit=5
2026-04-23 11:01:16,126 | INFO | app_logger | d9159ae9-f02e-4ebe-a87d-7e98b41f397f | User count API called
2026-04-23 11:01:16,126 | INFO | app_logger | 8f2a586c-ce81-4bbf-a769-574cf9b6757b | Fetch users API called
2026-04-23 11:01:16,129 | INFO | app_logger | 63ba0c34-5d77-4dbe-a74f-c56e6cfd2635 | Fetch customers | page=1 limit=5
2026-04-23 11:01:16,133 | INFO | app_logger | 8f2a586c-ce81-4bbf-a769-574cf9b6757b | Fetch users | skip=0 limit=10
2026-04-23 11:01:16,133 | INFO | app_logger | d9159ae9-f02e-4ebe-a87d-7e98b41f397f | User count | total=1
2026-04-23 11:01:16,143 | INFO | app_logger | N/A | Response status: 200
2026-04-23 11:01:16,146 | INFO | app_logger | N/A | Response status: 200
2026-04-23 11:01:16,147 | INFO | app_logger | N/A | Response status: 200
2026-04-23 11:01:37,735 | INFO | app_logger | N/A | POST http://localhost:8000/auth/login
2026-04-23 11:01:37,742 | INFO | app_logger | 226311d5-c2c0-4aa8-a832-e1d7fd61e378 | Login API called | email=raghu@gmail.com
2026-04-23 11:01:37,743 | INFO | app_logger | 226311d5-c2c0-4aa8-a832-e1d7fd61e378 | Login attempt | email=raghu@gmail.com
2026-04-23 11:01:38,328 | INFO | app_logger | 226311d5-c2c0-4aa8-a832-e1d7fd61e378 | Login success | email=raghu@gmail.com
2026-04-23 11:01:38,329 | INFO | app_logger | N/A | Response status: 200
2026-04-23 11:01:38,340 | INFO | app_logger | N/A | GET http://localhost:8000/auth/users
2026-04-23 11:01:38,347 | INFO | app_logger | cc2d8f4b-464e-4162-b581-30d63dc12224 | Fetch users API called
2026-04-23 11:01:38,347 | INFO | app_logger | cc2d8f4b-464e-4162-b581-30d63dc12224 | Fetch users | skip=0 limit=10
2026-04-23 11:01:38,352 | INFO | app_logger | N/A | Response status: 200
2026-04-23 11:01:38,358 | INFO | app_logger | N/A | GET http://localhost:8000/customers/?page=1&limit=5
2026-04-23 11:01:38,365 | INFO | app_logger | 3a6f8b72-4474-4391-b3a5-9ced157790aa | Fetch customers | user=raghu@gmail.com | page=1 limit=5
2026-04-23 11:01:38,365 | INFO | app_logger | 3a6f8b72-4474-4391-b3a5-9ced157790aa | Fetch customers | page=1 limit=5
2026-04-23 11:01:38,370 | INFO | app_logger | N/A | Response status: 200
2026-04-23 11:01:38,377 | INFO | app_logger | N/A | GET http://localhost:8000/auth/users/count
2026-04-23 11:01:38,381 | INFO | app_logger | 74173422-1184-4123-9321-6903abe73535 | User count API called
2026-04-23 11:01:38,382 | INFO | app_logger | 74173422-1184-4123-9321-6903abe73535 | User count | total=1
2026-04-23 11:01:38,384 | INFO | app_logger | N/A | Response status: 200
2026-04-23 11:02:00,818 | INFO | app_logger | N/A | GET http://localhost:8000/auth/users
2026-04-23 11:02:00,819 | INFO | app_logger | N/A | GET http://localhost:8000/customers/?page=1&limit=5
2026-04-23 11:02:00,824 | INFO | app_logger | df145874-a6a3-42f1-8d8e-73678157c4c0 | Fetch users API called
2026-04-23 11:02:00,824 | INFO | app_logger | a0262cae-04d3-4c0d-8cfa-43958afb3c8c | Fetch customers | user=raghu@gmail.com | page=1 limit=5
2026-04-23 11:02:00,825 | INFO | app_logger | df145874-a6a3-42f1-8d8e-73678157c4c0 | Fetch users | skip=0 limit=10
2026-04-23 11:02:00,825 | INFO | app_logger | a0262cae-04d3-4c0d-8cfa-43958afb3c8c | Fetch customers | page=1 limit=5
2026-04-23 11:02:00,829 | INFO | app_logger | N/A | Response status: 200
2026-04-23 11:02:00,836 | INFO | app_logger | N/A | GET http://localhost:8000/auth/users/count
2026-04-23 11:02:00,838 | INFO | app_logger | N/A | Response status: 200
2026-04-23 11:02:00,847 | INFO | app_logger | 687acaf5-f46d-437c-9a35-1928fb9e4df3 | User count API called
2026-04-23 11:02:00,850 | INFO | app_logger | 687acaf5-f46d-437c-9a35-1928fb9e4df3 | User count | total=1
2026-04-23 11:02:00,851 | INFO | app_logger | N/A | Response status: 200
2026-04-23 11:02:01,441 | INFO | app_logger | N/A | GET http://localhost:8000/auth/users
2026-04-23 11:02:01,443 | INFO | app_logger | N/A | GET http://localhost:8000/auth/users/count
2026-04-23 11:02:01,443 | INFO | app_logger | N/A | GET http://localhost:8000/customers/?page=1&limit=5
2026-04-23 11:02:01,450 | INFO | app_logger | 4d69823f-9a8f-4066-b88a-bcf86a3c056d | Fetch customers | user=raghu@gmail.com | page=1 limit=5
2026-04-23 11:02:01,450 | INFO | app_logger | 1a4c5786-50b8-429f-843b-7162fbe054f1 | Fetch users API called
2026-04-23 11:02:01,450 | INFO | app_logger | 64f3c044-576a-4aca-88b0-d9188c513db1 | User count API called
2026-04-23 11:02:01,455 | INFO | app_logger | 4d69823f-9a8f-4066-b88a-bcf86a3c056d | Fetch customers | page=1 limit=5
2026-04-23 11:02:01,456 | INFO | app_logger | 1a4c5786-50b8-429f-843b-7162fbe054f1 | Fetch users | skip=0 limit=10
2026-04-23 11:02:01,459 | INFO | app_logger | 64f3c044-576a-4aca-88b0-d9188c513db1 | User count | total=1
2026-04-23 11:02:01,466 | INFO | app_logger | N/A | Response status: 200
2026-04-23 11:02:01,467 | INFO | app_logger | N/A | Response status: 200
2026-04-23 11:02:01,474 | INFO | app_logger | N/A | Response status: 200
2026-04-23 11:02:01,701 | INFO | app_logger | N/A | GET http://localhost:8000/auth/users
2026-04-23 11:02:01,712 | INFO | app_logger | N/A | GET http://localhost:8000/customers/?page=1&limit=5
2026-04-23 11:02:01,713 | INFO | app_logger | N/A | GET http://localhost:8000/auth/users/count
2026-04-23 11:02:01,727 | INFO | app_logger | 84ebaa6a-04f3-4ee6-bc9b-4451b1326e40 | User count API called
2026-04-23 11:02:01,727 | INFO | app_logger | a0ce30f0-8cfc-4ee1-a40d-8a09f0f2c421 | Fetch customers | user=raghu@gmail.com | page=1 limit=5
2026-04-23 11:02:01,727 | INFO | app_logger | d6417200-cb24-4b7a-a80c-cb01d43404eb | Fetch users API called
2026-04-23 11:02:01,730 | INFO | app_logger | a0ce30f0-8cfc-4ee1-a40d-8a09f0f2c421 | Fetch customers | page=1 limit=5
2026-04-23 11:02:01,730 | INFO | app_logger | 84ebaa6a-04f3-4ee6-bc9b-4451b1326e40 | User count | total=1
2026-04-23 11:02:01,732 | INFO | app_logger | d6417200-cb24-4b7a-a80c-cb01d43404eb | Fetch users | skip=0 limit=10
2026-04-23 11:02:01,734 | INFO | app_logger | N/A | Response status: 200
2026-04-23 11:02:01,743 | INFO | app_logger | N/A | Response status: 200
2026-04-23 11:02:01,747 | INFO | app_logger | N/A | Response status: 200
2026-04-23 11:02:02,001 | INFO | app_logger | N/A | GET http://localhost:8000/auth/users
2026-04-23 11:02:02,006 | INFO | app_logger | N/A | GET http://localhost:8000/customers/?page=1&limit=5
2026-04-23 11:02:02,006 | INFO | app_logger | N/A | GET http://localhost:8000/auth/users/count
2026-04-23 11:02:02,027 | INFO | app_logger | 4c15ee01-91bc-4b70-8ead-ed9a172b1695 | Fetch users API called
2026-04-23 11:02:02,027 | INFO | app_logger | 52b21114-28d6-44c4-b814-db8676abacae | User count API called
2026-04-23 11:02:02,027 | INFO | app_logger | 25015799-2f9a-4404-8e42-c695b19ebbbf | Fetch customers | user=raghu@gmail.com | page=1 limit=5
2026-04-23 11:02:02,029 | INFO | app_logger | 4c15ee01-91bc-4b70-8ead-ed9a172b1695 | Fetch users | skip=0 limit=10
2026-04-23 11:02:02,034 | INFO | app_logger | 25015799-2f9a-4404-8e42-c695b19ebbbf | Fetch customers | page=1 limit=5
2026-04-23 11:02:02,034 | INFO | app_logger | 52b21114-28d6-44c4-b814-db8676abacae | User count | total=1
2026-04-23 11:02:02,043 | INFO | app_logger | N/A | Response status: 200
2026-04-23 11:02:02,052 | INFO | app_logger | N/A | Response status: 200
2026-04-23 11:02:02,057 | INFO | app_logger | N/A | Response status: 200
2026-04-23 11:06:19,169 | INFO | app_logger | N/A | GET http://localhost:8000/auth/users
2026-04-23 11:06:19,175 | INFO | app_logger | N/A | GET http://localhost:8000/auth/users/count
2026-04-23 11:06:19,179 | INFO | app_logger | N/A | GET http://localhost:8000/customers/?page=1&limit=5
2026-04-23 11:06:19,215 | INFO | app_logger | 789b0a0d-b6cb-4517-b6bf-fc7c83165b71 | Fetch users API called
2026-04-23 11:06:19,215 | INFO | app_logger | 86f0c159-27f9-458d-a480-a4993b3eb75f | Fetch customers | user=raghu@gmail.com | page=1 limit=5
2026-04-23 11:06:19,215 | INFO | app_logger | f334e030-dcfb-4f19-99e8-c7c533afaada | User count API called
2026-04-23 11:06:19,218 | INFO | app_logger | 789b0a0d-b6cb-4517-b6bf-fc7c83165b71 | Fetch users | skip=0 limit=10
2026-04-23 11:06:19,221 | INFO | app_logger | 86f0c159-27f9-458d-a480-a4993b3eb75f | Fetch customers | page=1 limit=5
2026-04-23 11:06:19,233 | INFO | app_logger | f334e030-dcfb-4f19-99e8-c7c533afaada | User count | total=1
2026-04-23 11:06:19,238 | INFO | app_logger | N/A | Response status: 200
2026-04-23 11:06:19,248 | INFO | app_logger | N/A | Response status: 200
2026-04-23 11:06:19,257 | INFO | app_logger | N/A | Response status: 200
2026-04-23 11:06:32,388 | INFO | app_logger | N/A | GET http://localhost:8000/auth/users
2026-04-23 11:06:32,391 | INFO | app_logger | ce2b4a4b-c77d-40d3-8650-b8893a2633e3 | Fetch users API called
2026-04-23 11:06:32,393 | INFO | app_logger | ce2b4a4b-c77d-40d3-8650-b8893a2633e3 | Fetch users | skip=0 limit=10
2026-04-23 11:06:32,397 | INFO | app_logger | N/A | Response status: 200
2026-04-23 11:06:32,402 | INFO | app_logger | N/A | GET http://localhost:8000/customers/?page=1&limit=5
2026-04-23 11:06:32,404 | INFO | app_logger | daceb207-4511-4648-8c75-555e6563d3e3 | Fetch customers | user=raghu@gmail.com | page=1 limit=5
2026-04-23 11:06:32,406 | INFO | app_logger | daceb207-4511-4648-8c75-555e6563d3e3 | Fetch customers | page=1 limit=5
2026-04-23 11:06:32,417 | INFO | app_logger | N/A | Response status: 200
2026-04-23 11:06:32,419 | INFO | app_logger | N/A | GET http://localhost:8000/auth/users/count
2026-04-23 11:06:32,425 | INFO | app_logger | 752a3fc1-4d5f-4896-811c-82577d14f6b7 | User count API called
2026-04-23 11:06:32,429 | INFO | app_logger | 752a3fc1-4d5f-4896-811c-82577d14f6b7 | User count | total=1
2026-04-23 11:06:32,429 | INFO | app_logger | N/A | Response status: 200
2026-04-23 11:06:54,476 | INFO | app_logger | N/A | POST http://localhost:8000/auth/login
2026-04-23 11:06:54,485 | INFO | app_logger | e0a0079e-dd4f-4208-aa8f-3a1acc61f3ee | Login API called | email=raghu@gmail.com
2026-04-23 11:06:54,486 | INFO | app_logger | e0a0079e-dd4f-4208-aa8f-3a1acc61f3ee | Login attempt | email=raghu@gmail.com
2026-04-23 11:06:55,100 | INFO | app_logger | e0a0079e-dd4f-4208-aa8f-3a1acc61f3ee | Login success | email=raghu@gmail.com
2026-04-23 11:06:55,104 | INFO | app_logger | N/A | Response status: 200
2026-04-23 11:06:55,113 | INFO | app_logger | N/A | GET http://localhost:8000/auth/users
2026-04-23 11:06:55,116 | INFO | app_logger | N/A | GET http://localhost:8000/customers/?page=1&limit=5
2026-04-23 11:06:55,125 | INFO | app_logger | 9ba294c7-73fb-4a67-9fec-1a85c5678f3c | Fetch users API called
2026-04-23 11:06:55,125 | INFO | app_logger | 5bc20a94-19da-407a-a91c-eab973392943 | Fetch customers | user=raghu@gmail.com | page=1 limit=5
2026-04-23 11:06:55,127 | INFO | app_logger | 9ba294c7-73fb-4a67-9fec-1a85c5678f3c | Fetch users | skip=0 limit=10
2026-04-23 11:06:55,127 | INFO | app_logger | 5bc20a94-19da-407a-a91c-eab973392943 | Fetch customers | page=1 limit=5
2026-04-23 11:06:55,129 | INFO | app_logger | N/A | Response status: 200
2026-04-23 11:06:55,138 | INFO | app_logger | N/A | GET http://localhost:8000/auth/users/count
2026-04-23 11:06:55,140 | INFO | app_logger | N/A | Response status: 200
2026-04-23 11:06:55,146 | INFO | app_logger | 3f844d01-a3d5-4388-b4ce-737b21115544 | User count API called
2026-04-23 11:06:55,149 | INFO | app_logger | 3f844d01-a3d5-4388-b4ce-737b21115544 | User count | total=1
2026-04-23 11:06:55,151 | INFO | app_logger | N/A | Response status: 200
2026-04-23 11:07:00,377 | INFO | app_logger | N/A | DELETE http://localhost:8000/auth/users/6
2026-04-23 11:07:00,384 | WARNING | app_logger | 04b98b7a-521b-4fed-88e7-f2d847f73b3f | Delete user API called | user_id=6
2026-04-23 11:07:00,386 | INFO | app_logger | 04b98b7a-521b-4fed-88e7-f2d847f73b3f | Delete user | id=6
2026-04-23 11:07:00,397 | INFO | app_logger | 04b98b7a-521b-4fed-88e7-f2d847f73b3f | User deleted | id=6
2026-04-23 11:07:00,400 | INFO | app_logger | N/A | Response status: 200
2026-04-23 11:07:00,413 | INFO | app_logger | N/A | GET http://localhost:8000/auth/users
2026-04-23 11:07:00,422 | INFO | app_logger | 803ae17e-0c2a-46a7-816b-d2cc3d82896c | Fetch users API called
2026-04-23 11:07:00,424 | INFO | app_logger | 803ae17e-0c2a-46a7-816b-d2cc3d82896c | Fetch users | skip=0 limit=10
2026-04-23 11:07:00,430 | INFO | app_logger | N/A | Response status: 200
2026-04-23 11:07:00,438 | INFO | app_logger | N/A | GET http://localhost:8000/auth/users/count
2026-04-23 11:07:00,447 | INFO | app_logger | dcf43c02-00df-4c77-bda9-1f2b9a14b1b4 | User count API called
2026-04-23 11:07:00,451 | INFO | app_logger | dcf43c02-00df-4c77-bda9-1f2b9a14b1b4 | User count | total=0
2026-04-23 11:07:00,451 | INFO | app_logger | N/A | Response status: 200
2026-04-23 11:07:03,097 | INFO | app_logger | N/A | DELETE http://localhost:8000/customers/3
2026-04-23 11:07:03,105 | ERROR | app_logger | 8691e94b-877f-4a5d-9242-518a573a945a | Access denied | Status Code: 403
2026-04-23 11:07:03,112 | INFO | app_logger | N/A | Response status: 403
2026-04-23 11:07:05,900 | INFO | app_logger | N/A | DELETE http://localhost:8000/customers/3
2026-04-23 11:07:05,906 | ERROR | app_logger | 68e34f86-b41f-493c-83e3-79375afa7817 | Access denied | Status Code: 403
2026-04-23 11:07:05,911 | INFO | app_logger | N/A | Response status: 403
2026-04-23 11:07:08,883 | INFO | app_logger | N/A | DELETE http://localhost:8000/customers/3
2026-04-23 11:07:08,888 | ERROR | app_logger | c5a339c1-0055-4b88-8d51-31b71245a83f | Access denied | Status Code: 403
2026-04-23 11:07:08,891 | INFO | app_logger | N/A | Response status: 403
2026-04-23 11:07:11,340 | INFO | app_logger | N/A | DELETE http://localhost:8000/customers/3
2026-04-23 11:07:11,346 | ERROR | app_logger | 4604164b-298e-4473-992a-6396161f1eb8 | Access denied | Status Code: 403
2026-04-23 11:07:11,353 | INFO | app_logger | N/A | Response status: 403
2026-04-23 11:07:15,290 | INFO | app_logger | N/A | DELETE http://localhost:8000/customers/3
2026-04-23 11:07:15,298 | ERROR | app_logger | 0631e487-f92b-425b-acb3-a61704de61a4 | Access denied | Status Code: 403
2026-04-23 11:07:15,300 | INFO | app_logger | N/A | Response status: 403
2026-04-23 11:07:19,150 | INFO | app_logger | N/A | GET http://localhost:8000/auth/users
2026-04-23 11:07:19,152 | INFO | app_logger | N/A | GET http://localhost:8000/customers/?page=1&limit=5
2026-04-23 11:07:19,159 | INFO | app_logger | 8e5a18e2-d93c-4b7a-afb1-6aaafbad083d | Fetch customers | user=raghu@gmail.com | page=1 limit=5
2026-04-23 11:07:19,160 | INFO | app_logger | 907d764c-ace3-4f9b-a78b-4f715610d8c0 | Fetch users API called
2026-04-23 11:07:19,160 | INFO | app_logger | 8e5a18e2-d93c-4b7a-afb1-6aaafbad083d | Fetch customers | page=1 limit=5
2026-04-23 11:07:19,162 | INFO | app_logger | 907d764c-ace3-4f9b-a78b-4f715610d8c0 | Fetch users | skip=0 limit=10
2026-04-23 11:07:19,164 | INFO | app_logger | N/A | Response status: 200
2026-04-23 11:07:19,169 | INFO | app_logger | N/A | Response status: 200
2026-04-23 11:07:19,172 | INFO | app_logger | N/A | GET http://localhost:8000/auth/users/count
2026-04-23 11:07:19,179 | INFO | app_logger | e51087d6-879a-4200-a3c5-03c751568e01 | User count API called
2026-04-23 11:07:19,184 | INFO | app_logger | e51087d6-879a-4200-a3c5-03c751568e01 | User count | total=0
2026-04-23 11:07:19,184 | INFO | app_logger | N/A | Response status: 200
2026-04-23 11:07:35,588 | INFO | app_logger | N/A | DELETE http://localhost:8000/customers/5
2026-04-23 11:07:35,596 | ERROR | app_logger | e1a7bfd4-dc35-4eaf-9afe-b01d95b8873a | Access denied | Status Code: 403
2026-04-23 11:07:35,597 | INFO | app_logger | N/A | Response status: 403
2026-04-23 11:09:52,552 | INFO | app_logger | N/A | Application started successfully
2026-04-23 11:09:58,360 | INFO | app_logger | N/A | DELETE http://localhost:8000/customers/2
2026-04-23 11:09:58,376 | WARNING | app_logger | 14955373-2514-4d6a-8ee9-840df7c9d02f | Delete customer | id=2 | user=raghu@gmail.com
2026-04-23 11:09:58,377 | INFO | app_logger | 14955373-2514-4d6a-8ee9-840df7c9d02f | Delete customer | id=2
2026-04-23 11:09:58,435 | INFO | app_logger | 14955373-2514-4d6a-8ee9-840df7c9d02f | Customer deleted | id=2
2026-04-23 11:09:58,435 | INFO | app_logger | N/A | Response status: 200
2026-04-23 11:10:01,083 | INFO | app_logger | N/A | GET http://localhost:8000/customers/?page=1&limit=5
2026-04-23 11:10:01,100 | INFO | app_logger | 86f458ab-f1a0-4134-9f79-76172a5e0277 | Fetch customers | user=raghu@gmail.com | page=1 limit=5
2026-04-23 11:10:01,103 | INFO | app_logger | 86f458ab-f1a0-4134-9f79-76172a5e0277 | Fetch customers | page=1 limit=5
2026-04-23 11:10:01,138 | INFO | app_logger | N/A | Response status: 200
2026-04-23 11:10:06,131 | INFO | app_logger | N/A | DELETE http://localhost:8000/customers/3
2026-04-23 11:10:06,139 | WARNING | app_logger | 813b90ec-044b-48c3-8f09-3680e7dfbba8 | Delete customer | id=3 | user=raghu@gmail.com
2026-04-23 11:10:06,143 | INFO | app_logger | 813b90ec-044b-48c3-8f09-3680e7dfbba8 | Delete customer | id=3
2026-04-23 11:10:06,160 | INFO | app_logger | 813b90ec-044b-48c3-8f09-3680e7dfbba8 | Customer deleted | id=3
2026-04-23 11:10:06,164 | INFO | app_logger | N/A | Response status: 200
2026-04-23 11:10:07,771 | INFO | app_logger | N/A | GET http://localhost:8000/customers/?page=1&limit=5
2026-04-23 11:10:07,779 | INFO | app_logger | 6876f6ce-5ab0-4a1a-aa1b-9481df1042ee | Fetch customers | user=raghu@gmail.com | page=1 limit=5
2026-04-23 11:10:07,782 | INFO | app_logger | 6876f6ce-5ab0-4a1a-aa1b-9481df1042ee | Fetch customers | page=1 limit=5
2026-04-23 11:10:07,793 | INFO | app_logger | N/A | Response status: 200
2026-04-23 11:10:10,478 | INFO | app_logger | N/A | DELETE http://localhost:8000/customers/1
2026-04-23 11:10:10,492 | WARNING | app_logger | d6525421-f2fd-4c7e-8150-93b6997e75e5 | Delete customer | id=1 | user=raghu@gmail.com
2026-04-23 11:10:10,493 | INFO | app_logger | d6525421-f2fd-4c7e-8150-93b6997e75e5 | Delete customer | id=1
2026-04-23 11:10:10,506 | INFO | app_logger | d6525421-f2fd-4c7e-8150-93b6997e75e5 | Customer deleted | id=1
2026-04-23 11:10:10,509 | INFO | app_logger | N/A | Response status: 200
2026-04-23 11:10:11,672 | INFO | app_logger | N/A | GET http://localhost:8000/customers/?page=1&limit=5
2026-04-23 11:10:11,683 | INFO | app_logger | 709cc633-25b4-4713-ba37-8a69b24be68b | Fetch customers | user=raghu@gmail.com | page=1 limit=5
2026-04-23 11:10:11,686 | INFO | app_logger | 709cc633-25b4-4713-ba37-8a69b24be68b | Fetch customers | page=1 limit=5
2026-04-23 11:10:11,694 | INFO | app_logger | N/A | Response status: 200
2026-04-23 11:10:16,060 | INFO | app_logger | N/A | DELETE http://localhost:8000/customers/5
2026-04-23 11:10:16,069 | WARNING | app_logger | 7c00af15-e5b3-4628-87a2-a50ffa93b08a | Delete customer | id=5 | user=raghu@gmail.com
2026-04-23 11:10:16,072 | INFO | app_logger | 7c00af15-e5b3-4628-87a2-a50ffa93b08a | Delete customer | id=5
2026-04-23 11:10:16,088 | INFO | app_logger | 7c00af15-e5b3-4628-87a2-a50ffa93b08a | Customer deleted | id=5
2026-04-23 11:10:16,091 | INFO | app_logger | N/A | Response status: 200
2026-04-23 11:10:17,626 | INFO | app_logger | N/A | GET http://localhost:8000/customers/?page=1&limit=5
2026-04-23 11:10:17,632 | INFO | app_logger | 8928fd70-7198-463f-9db0-bf31c8ee51f2 | Fetch customers | user=raghu@gmail.com | page=1 limit=5
2026-04-23 11:10:17,634 | INFO | app_logger | 8928fd70-7198-463f-9db0-bf31c8ee51f2 | Fetch customers | page=1 limit=5
2026-04-23 11:10:17,643 | INFO | app_logger | N/A | Response status: 200
2026-04-23 11:10:19,542 | INFO | app_logger | N/A | DELETE http://localhost:8000/customers/6
2026-04-23 11:10:19,553 | WARNING | app_logger | 94fe67ae-cf44-4da3-a7f1-d6f4cbb89453 | Delete customer | id=6 | user=raghu@gmail.com
2026-04-23 11:10:19,555 | INFO | app_logger | 94fe67ae-cf44-4da3-a7f1-d6f4cbb89453 | Delete customer | id=6
2026-04-23 11:10:19,570 | INFO | app_logger | 94fe67ae-cf44-4da3-a7f1-d6f4cbb89453 | Customer deleted | id=6
2026-04-23 11:10:19,575 | INFO | app_logger | N/A | Response status: 200
2026-04-23 11:10:20,714 | INFO | app_logger | N/A | GET http://localhost:8000/customers/?page=1&limit=5
2026-04-23 11:10:20,722 | INFO | app_logger | 5e7ebad8-1b74-4062-9943-f959dd396202 | Fetch customers | user=raghu@gmail.com | page=1 limit=5
2026-04-23 11:10:20,725 | INFO | app_logger | 5e7ebad8-1b74-4062-9943-f959dd396202 | Fetch customers | page=1 limit=5
2026-04-23 11:10:20,730 | INFO | app_logger | N/A | Response status: 200
2026-04-23 11:10:24,272 | INFO | app_logger | N/A | DELETE http://localhost:8000/customers/4
2026-04-23 11:10:24,282 | WARNING | app_logger | aa4ffbf1-205b-48fe-9aff-cc20a1ecea5f | Delete customer | id=4 | user=raghu@gmail.com
2026-04-23 11:10:24,285 | INFO | app_logger | aa4ffbf1-205b-48fe-9aff-cc20a1ecea5f | Delete customer | id=4
2026-04-23 11:10:24,300 | INFO | app_logger | aa4ffbf1-205b-48fe-9aff-cc20a1ecea5f | Customer deleted | id=4
2026-04-23 11:10:24,303 | INFO | app_logger | N/A | Response status: 200
2026-04-23 11:10:25,588 | INFO | app_logger | N/A | GET http://localhost:8000/customers/?page=1&limit=5
2026-04-23 11:10:25,598 | INFO | app_logger | 7b174e73-346a-477b-83de-8cafe3d6fcb0 | Fetch customers | user=raghu@gmail.com | page=1 limit=5
2026-04-23 11:10:25,600 | INFO | app_logger | 7b174e73-346a-477b-83de-8cafe3d6fcb0 | Fetch customers | page=1 limit=5
2026-04-23 11:10:25,610 | INFO | app_logger | N/A | Response status: 200
2026-04-23 11:19:49,313 | INFO | app_logger | N/A | Application started successfully
2026-04-23 11:20:11,687 | INFO | app_logger | N/A | Application started successfully
2026-04-23 11:40:51,643 | INFO | app_logger | N/A | GET http://127.0.0.1:8000/docs
2026-04-23 11:40:51,647 | INFO | app_logger | N/A | Response status: 200
2026-04-23 11:40:51,754 | INFO | app_logger | N/A | GET http://127.0.0.1:8000/openapi.json
2026-04-23 11:40:51,988 | INFO | app_logger | N/A | Response status: 200
2026-04-23 11:45:10,705 | INFO | app_logger | N/A | Application started successfully
2026-04-23 12:01:02,279 | INFO | app_logger | N/A | Application started successfully
2026-04-23 12:04:32,001 | INFO | app_logger | N/A | Application started successfully
2026-04-23 12:04:33,304 | INFO | app_logger | N/A | GET http://127.0.0.1:8000/docs
2026-04-23 12:04:33,306 | INFO | app_logger | N/A | Response status: 200
2026-04-23 12:04:33,390 | INFO | app_logger | N/A | GET http://127.0.0.1:8000/openapi.json
2026-04-23 12:04:33,521 | INFO | app_logger | N/A | Response status: 200
2026-04-23 12:04:47,172 | INFO | app_logger | N/A | Application started successfully
2026-04-23 12:04:48,347 | INFO | app_logger | N/A | GET http://127.0.0.1:8000/docs
2026-04-23 12:04:48,352 | INFO | app_logger | N/A | Response status: 200
2026-04-23 12:04:48,416 | INFO | app_logger | N/A | GET http://127.0.0.1:8000/openapi.json
2026-04-23 12:04:48,552 | INFO | app_logger | N/A | Response status: 200
2026-04-23 12:47:41,010 | INFO | app_logger | N/A | Application started successfully
2026-04-23 14:00:43,146 | INFO | app_logger | N/A | Application started successfully
2026-04-23 14:10:41,882 | INFO | app_logger | N/A | Application started successfully
2026-04-23 14:29:31,597 | INFO | app_logger | N/A | Application started successfully
2026-04-23 14:30:04,462 | INFO | app_logger | N/A | Application started successfully
2026-04-23 14:31:57,676 | INFO | app_logger | N/A | Application started successfully
2026-04-23 14:32:46,117 | INFO | app_logger | N/A | Application started successfully
2026-04-23 14:33:08,452 | INFO | app_logger | N/A | Application started successfully
2026-04-23 14:38:04,634 | INFO | app_logger | N/A | Application started successfully
2026-04-23 14:38:44,090 | INFO | app_logger | N/A | Application started successfully
2026-04-23 14:39:39,656 | INFO | app_logger | N/A | Application started successfully
2026-04-23 14:40:45,824 | INFO | app_logger | N/A | Application started successfully
2026-04-23 14:40:49,529 | INFO | app_logger | N/A | Application started successfully
2026-04-23 14:40:55,950 | INFO | app_logger | N/A | Application started successfully
2026-04-23 14:50:52,341 | INFO | app_logger | N/A | GET http://127.0.0.1:8000/docs
2026-04-23 14:50:52,343 | INFO | app_logger | N/A | Response status: 200
2026-04-23 14:50:52,444 | INFO | app_logger | N/A | GET http://127.0.0.1:8000/openapi.json
2026-04-23 14:50:52,604 | INFO | app_logger | N/A | Response status: 200
2026-04-23 14:51:00,462 | INFO | app_logger | N/A | GET http://127.0.0.1:8000/redoc
2026-04-23 14:51:00,463 | INFO | app_logger | N/A | Response status: 200
2026-04-23 14:51:00,588 | INFO | app_logger | N/A | GET http://127.0.0.1:8000/openapi.json
2026-04-23 14:51:00,591 | INFO | app_logger | N/A | Response status: 200
2026-04-23 14:51:38,991 | INFO | app_logger | N/A | GET http://127.0.0.1:8000/openapi.json
2026-04-23 14:51:38,994 | INFO | app_logger | N/A | Response status: 200
2026-04-23 15:03:37,922 | INFO | app_logger | N/A | Application started successfully
2026-04-23 15:09:06,112 | INFO | app_logger | N/A | Application started successfully
2026-04-23 15:10:24,581 | INFO | app_logger | N/A | Application started successfully
2026-04-23 15:12:29,519 | INFO | app_logger | N/A | Application started successfully
2026-04-23 15:12:32,584 | INFO | app_logger | N/A | Application started successfully
2026-04-23 15:13:10,130 | INFO | app_logger | N/A | Application started successfully
2026-04-23 15:14:05,097 | INFO | app_logger | N/A | Application started successfully
2026-04-23 15:17:14,756 | INFO | app_logger | N/A | Application started successfully
2026-04-23 15:23:24,472 | INFO | app_logger | N/A | Application started successfully
2026-04-23 15:24:26,186 | INFO | app_logger | N/A | POST http://localhost:8000/auth/register
2026-04-23 15:24:26,217 | INFO | app_logger | ab744e99-1f70-4a0c-854c-821d50c28706 | Register API called | email=shree@gmail.com
2026-04-23 15:24:26,218 | INFO | app_logger | ab744e99-1f70-4a0c-854c-821d50c28706 | Register attempt | email=shree@gmail.com username=shree
2026-04-23 15:24:26,950 | INFO | app_logger | ab744e99-1f70-4a0c-854c-821d50c28706 | User registered successfully | email=shree@gmail.com
2026-04-23 15:24:26,956 | INFO | app_logger | N/A | Response status: 201
2026-04-23 15:24:47,314 | INFO | app_logger | N/A | POST http://localhost:8000/auth/login
2026-04-23 15:24:47,322 | INFO | app_logger | 6f3b9204-a795-435b-bf5d-52adc8f3caeb | Login API called | email=shree@gmail.com
2026-04-23 15:24:47,325 | INFO | app_logger | 6f3b9204-a795-435b-bf5d-52adc8f3caeb | Login attempt | email=shree@gmail.com
2026-04-23 15:24:47,918 | INFO | app_logger | 6f3b9204-a795-435b-bf5d-52adc8f3caeb | Login success | email=shree@gmail.com
2026-04-23 15:24:47,920 | INFO | app_logger | N/A | Response status: 200
2026-04-23 15:24:47,938 | INFO | app_logger | N/A | GET http://localhost:8000/auth/users
2026-04-23 15:24:47,943 | INFO | app_logger | 1f303384-7f70-4dc4-948c-2f517be9f27e | Fetch users API called
2026-04-23 15:24:47,945 | INFO | app_logger | 1f303384-7f70-4dc4-948c-2f517be9f27e | Fetch users | skip=0 limit=10
2026-04-23 15:24:47,947 | INFO | app_logger | N/A | Response status: 200
2026-04-23 15:24:47,953 | INFO | app_logger | N/A | GET http://localhost:8000/customers/?page=1&limit=5
2026-04-23 15:24:47,959 | INFO | app_logger | 8254520a-ad02-4d87-b800-f302984335e9 | Fetch customers | user=shree@gmail.com | page=1 limit=5
2026-04-23 15:24:47,961 | INFO | app_logger | 8254520a-ad02-4d87-b800-f302984335e9 | Fetch customers | page=1 limit=5
2026-04-23 15:24:47,972 | INFO | app_logger | N/A | Response status: 200
2026-04-23 15:24:47,980 | INFO | app_logger | N/A | GET http://localhost:8000/auth/users/count
2026-04-23 15:24:47,987 | INFO | app_logger | c249df88-4f4a-4ab9-b00f-8f9132d920a0 | User count API called
2026-04-23 15:24:47,996 | INFO | app_logger | c249df88-4f4a-4ab9-b00f-8f9132d920a0 | User count | total=1
2026-04-23 15:24:47,997 | INFO | app_logger | N/A | Response status: 200
2026-04-23 15:25:04,445 | INFO | app_logger | N/A | POST http://localhost:8000/customers/upload
2026-04-23 15:25:04,455 | INFO | app_logger | 5db482bc-a4ed-47fe-9cc9-486b11e346ed | Customer CSV upload | user=shree@gmail.com
2026-04-23 15:25:04,484 | INFO | app_logger | 5db482bc-a4ed-47fe-9cc9-486b11e346ed | CSV customers inserted | count=5
2026-04-23 15:25:04,484 | INFO | app_logger | 5db482bc-a4ed-47fe-9cc9-486b11e346ed | Customers uploaded successfully | count=5
2026-04-23 15:25:04,488 | INFO | app_logger | N/A | Response status: 200
2026-04-23 15:25:07,071 | INFO | app_logger | N/A | GET http://localhost:8000/customers/?page=1&limit=5
2026-04-23 15:25:07,072 | INFO | app_logger | N/A | GET http://localhost:8000/auth/users/count
2026-04-23 15:25:07,079 | INFO | app_logger | 78b56857-eeda-4c12-a7a0-9dbcd49c32eb | Fetch customers | user=shree@gmail.com | page=1 limit=5
2026-04-23 15:25:07,079 | INFO | app_logger | 2a14573d-a707-46be-9af8-7dc06189c9ad | User count API called
2026-04-23 15:25:07,079 | INFO | app_logger | 78b56857-eeda-4c12-a7a0-9dbcd49c32eb | Fetch customers | page=1 limit=5
2026-04-23 15:25:07,088 | INFO | app_logger | 2a14573d-a707-46be-9af8-7dc06189c9ad | User count | total=1
2026-04-23 15:25:07,093 | INFO | app_logger | N/A | Response status: 200
2026-04-23 15:25:07,187 | INFO | app_logger | N/A | Response status: 200
2026-04-23 15:25:40,015 | INFO | app_logger | N/A | POST http://localhost:8000/customers/upload
2026-04-23 15:25:40,022 | INFO | app_logger | 7a6716a3-5647-43c5-beb2-7de58b0d6922 | Customer CSV upload | user=shree@gmail.com
2026-04-23 15:25:40,022 | INFO | app_logger | 7a6716a3-5647-43c5-beb2-7de58b0d6922 | CSV customers inserted | count=0
2026-04-23 15:25:40,025 | INFO | app_logger | 7a6716a3-5647-43c5-beb2-7de58b0d6922 | Customers uploaded successfully | count=0
2026-04-23 15:25:40,028 | INFO | app_logger | N/A | Response status: 200
2026-04-23 15:25:41,892 | INFO | app_logger | N/A | GET http://localhost:8000/customers/?page=1&limit=5
2026-04-23 15:25:41,893 | INFO | app_logger | N/A | GET http://localhost:8000/auth/users/count
2026-04-23 15:25:41,900 | INFO | app_logger | 83e22135-623c-4c5f-bff6-d962f1cb3f9a | Fetch customers | user=shree@gmail.com | page=1 limit=5
2026-04-23 15:25:41,900 | INFO | app_logger | 9570438d-aaa1-4f9e-8718-fd26c3f90a00 | User count API called
2026-04-23 15:25:41,904 | INFO | app_logger | 83e22135-623c-4c5f-bff6-d962f1cb3f9a | Fetch customers | page=1 limit=5
2026-04-23 15:25:41,910 | INFO | app_logger | 9570438d-aaa1-4f9e-8718-fd26c3f90a00 | User count | total=1
2026-04-23 15:25:41,915 | INFO | app_logger | N/A | Response status: 200
2026-04-23 15:25:41,922 | INFO | app_logger | N/A | Response status: 200
2026-04-23 15:25:45,379 | INFO | app_logger | N/A | GET http://localhost:8000/customers/?page=2&limit=5
2026-04-23 15:25:45,385 | INFO | app_logger | 34e236b7-55ea-4771-953e-b2168d389a71 | Fetch customers | user=shree@gmail.com | page=2 limit=5
2026-04-23 15:25:45,388 | INFO | app_logger | 34e236b7-55ea-4771-953e-b2168d389a71 | Fetch customers | page=2 limit=5
2026-04-23 15:25:45,394 | INFO | app_logger | N/A | Response status: 200
2026-04-23 15:25:46,654 | INFO | app_logger | N/A | GET http://localhost:8000/customers/?page=1&limit=5
2026-04-23 15:25:46,660 | INFO | app_logger | a6acb86b-875d-4dad-846b-3a73d456f2d7 | Fetch customers | user=shree@gmail.com | page=1 limit=5
2026-04-23 15:25:46,661 | INFO | app_logger | a6acb86b-875d-4dad-846b-3a73d456f2d7 | Fetch customers | page=1 limit=5
2026-04-23 15:25:46,669 | INFO | app_logger | N/A | Response status: 200
2026-04-23 15:27:25,465 | INFO | app_logger | N/A | POST http://localhost:8000/customers/upload
2026-04-23 15:27:25,480 | INFO | app_logger | 3cee326b-78fc-4f80-a411-544a7612673c | Customer CSV upload | user=shree@gmail.com
2026-04-23 15:27:25,486 | INFO | app_logger | 3cee326b-78fc-4f80-a411-544a7612673c | CSV customers inserted | count=0
2026-04-23 15:27:25,488 | INFO | app_logger | 3cee326b-78fc-4f80-a411-544a7612673c | Customers uploaded successfully | count=0
2026-04-23 15:27:25,492 | INFO | app_logger | N/A | Response status: 200
2026-04-23 15:27:27,174 | INFO | app_logger | N/A | GET http://localhost:8000/customers/?page=1&limit=5
2026-04-23 15:27:27,179 | INFO | app_logger | N/A | GET http://localhost:8000/auth/users/count
2026-04-23 15:27:27,192 | INFO | app_logger | 7d7a663e-0822-4eda-9e04-b1471f2d0861 | User count API called
2026-04-23 15:27:27,192 | INFO | app_logger | 703c1186-8c51-4466-9e8e-d8b737e19938 | Fetch customers | user=shree@gmail.com | page=1 limit=5
2026-04-23 15:27:27,197 | INFO | app_logger | 703c1186-8c51-4466-9e8e-d8b737e19938 | Fetch customers | page=1 limit=5
2026-04-23 15:27:27,197 | INFO | app_logger | 7d7a663e-0822-4eda-9e04-b1471f2d0861 | User count | total=1
2026-04-23 15:27:27,202 | INFO | app_logger | N/A | Response status: 200
2026-04-23 15:27:27,214 | INFO | app_logger | N/A | Response status: 200
2026-04-23 15:27:29,488 | INFO | app_logger | N/A | GET http://localhost:8000/auth/users
2026-04-23 15:27:29,490 | INFO | app_logger | N/A | GET http://localhost:8000/customers/?page=1&limit=5
2026-04-23 15:27:29,500 | INFO | app_logger | 8efd5489-95c9-4f38-b62f-241938955cff | Fetch customers | user=shree@gmail.com | page=1 limit=5
2026-04-23 15:27:29,501 | INFO | app_logger | 200b179a-bd27-4a41-94e7-d0ae3fe571c2 | Fetch users API called
2026-04-23 15:27:29,502 | INFO | app_logger | 8efd5489-95c9-4f38-b62f-241938955cff | Fetch customers | page=1 limit=5
2026-04-23 15:27:29,502 | INFO | app_logger | 200b179a-bd27-4a41-94e7-d0ae3fe571c2 | Fetch users | skip=0 limit=10
2026-04-23 15:27:29,512 | INFO | app_logger | N/A | Response status: 200
2026-04-23 15:27:29,514 | INFO | app_logger | N/A | Response status: 200
2026-04-23 15:27:29,523 | INFO | app_logger | N/A | GET http://localhost:8000/auth/users/count
2026-04-23 15:27:29,533 | INFO | app_logger | 6dde41e2-cd50-49d5-908d-30773e482272 | User count API called
2026-04-23 15:27:29,538 | INFO | app_logger | 6dde41e2-cd50-49d5-908d-30773e482272 | User count | total=1
2026-04-23 15:27:29,542 | INFO | app_logger | N/A | Response status: 200
2026-04-23 15:27:29,627 | INFO | app_logger | N/A | GET http://localhost:8000/auth/users
2026-04-23 15:27:29,628 | INFO | app_logger | N/A | GET http://localhost:8000/customers/?page=1&limit=5
2026-04-23 15:27:29,633 | INFO | app_logger | 15fd53f5-c5d0-49c9-a600-b0cfc6e8dd0b | Fetch customers | user=shree@gmail.com | page=1 limit=5
2026-04-23 15:27:29,634 | INFO | app_logger | 8be3aac3-39a5-468d-9b36-5b74bec9d12c | Fetch users API called
2026-04-23 15:27:29,635 | INFO | app_logger | 15fd53f5-c5d0-49c9-a600-b0cfc6e8dd0b | Fetch customers | page=1 limit=5
2026-04-23 15:27:29,635 | INFO | app_logger | 8be3aac3-39a5-468d-9b36-5b74bec9d12c | Fetch users | skip=0 limit=10
2026-04-23 15:27:29,640 | INFO | app_logger | N/A | Response status: 200
2026-04-23 15:27:29,644 | INFO | app_logger | N/A | Response status: 200
2026-04-23 15:27:29,653 | INFO | app_logger | N/A | GET http://localhost:8000/auth/users/count
2026-04-23 15:27:29,659 | INFO | app_logger | adae4c42-deef-41ff-a5d3-44e670052307 | User count API called
2026-04-23 15:27:29,662 | INFO | app_logger | adae4c42-deef-41ff-a5d3-44e670052307 | User count | total=1
2026-04-23 15:27:29,664 | INFO | app_logger | N/A | Response status: 200
2026-04-23 15:27:29,761 | INFO | app_logger | N/A | GET http://localhost:8000/auth/users
2026-04-23 15:27:29,762 | INFO | app_logger | N/A | GET http://localhost:8000/customers/?page=1&limit=5
2026-04-23 15:27:29,769 | INFO | app_logger | ce2d62ea-5699-47f1-a2df-863aa5dcdeb5 | Fetch users API called
2026-04-23 15:27:29,769 | INFO | app_logger | 6f866afd-71c5-42c6-9518-adad1942402d | Fetch customers | user=shree@gmail.com | page=1 limit=5
2026-04-23 15:27:29,770 | INFO | app_logger | ce2d62ea-5699-47f1-a2df-863aa5dcdeb5 | Fetch users | skip=0 limit=10
2026-04-23 15:27:29,770 | INFO | app_logger | 6f866afd-71c5-42c6-9518-adad1942402d | Fetch customers | page=1 limit=5
2026-04-23 15:27:29,776 | INFO | app_logger | N/A | Response status: 200
2026-04-23 15:27:29,782 | INFO | app_logger | N/A | Response status: 200
2026-04-23 15:27:29,785 | INFO | app_logger | N/A | GET http://localhost:8000/auth/users/count
2026-04-23 15:27:29,795 | INFO | app_logger | 4946296f-7d3d-41b7-8997-d737bfae84e6 | User count API called
2026-04-23 15:27:29,798 | INFO | app_logger | 4946296f-7d3d-41b7-8997-d737bfae84e6 | User count | total=1
2026-04-23 15:27:29,800 | INFO | app_logger | N/A | Response status: 200
2026-04-23 15:27:33,151 | INFO | app_logger | N/A | GET http://localhost:8000/customers/?page=2&limit=5
2026-04-23 15:27:33,156 | INFO | app_logger | a4581803-f82b-432d-ad49-98e58d6fda0d | Fetch customers | user=shree@gmail.com | page=2 limit=5
2026-04-23 15:27:33,156 | INFO | app_logger | a4581803-f82b-432d-ad49-98e58d6fda0d | Fetch customers | page=2 limit=5
2026-04-23 15:27:33,164 | INFO | app_logger | N/A | Response status: 200
2026-04-23 15:27:34,502 | INFO | app_logger | N/A | GET http://localhost:8000/customers/?page=1&limit=5
2026-04-23 15:27:34,504 | INFO | app_logger | 48546c35-a8d3-4ea7-a2ee-87802a38a9e0 | Fetch customers | user=shree@gmail.com | page=1 limit=5
2026-04-23 15:27:34,504 | INFO | app_logger | 48546c35-a8d3-4ea7-a2ee-87802a38a9e0 | Fetch customers | page=1 limit=5
2026-04-23 15:27:34,517 | INFO | app_logger | N/A | Response status: 200
2026-04-23 15:27:36,943 | INFO | app_logger | N/A | GET http://localhost:8000/customers/?page=1&limit=20
2026-04-23 15:27:36,949 | INFO | app_logger | d9af7013-685c-4dd0-a40d-9e88c14c6ec1 | Fetch customers | user=shree@gmail.com | page=1 limit=20
2026-04-23 15:27:36,950 | INFO | app_logger | d9af7013-685c-4dd0-a40d-9e88c14c6ec1 | Fetch customers | page=1 limit=20
2026-04-23 15:27:36,959 | INFO | app_logger | N/A | Response status: 200
2026-04-23 15:27:49,529 | INFO | app_logger | N/A | POST http://localhost:8000/customers/upload
2026-04-23 15:27:49,538 | INFO | app_logger | 5bdc403a-bf76-42ab-b476-ddc85813beee | Customer CSV upload | user=shree@gmail.com
2026-04-23 15:27:49,539 | INFO | app_logger | 5bdc403a-bf76-42ab-b476-ddc85813beee | CSV customers inserted | count=0
2026-04-23 15:27:49,541 | INFO | app_logger | 5bdc403a-bf76-42ab-b476-ddc85813beee | Customers uploaded successfully | count=0
2026-04-23 15:27:49,544 | INFO | app_logger | N/A | Response status: 200
2026-04-23 15:27:51,163 | INFO | app_logger | N/A | GET http://localhost:8000/customers/?page=1&limit=20
2026-04-23 15:27:51,169 | INFO | app_logger | N/A | GET http://localhost:8000/auth/users/count
2026-04-23 15:27:51,178 | INFO | app_logger | c2e6ebce-2baa-4dc0-8572-9684e8eb18a1 | Fetch customers | user=shree@gmail.com | page=1 limit=20
2026-04-23 15:27:51,182 | INFO | app_logger | 64aa4553-3165-449f-9801-e78957f5eeb1 | User count API called
2026-04-23 15:27:51,182 | INFO | app_logger | c2e6ebce-2baa-4dc0-8572-9684e8eb18a1 | Fetch customers | page=1 limit=20
2026-04-23 15:27:51,184 | INFO | app_logger | 64aa4553-3165-449f-9801-e78957f5eeb1 | User count | total=1
2026-04-23 15:27:51,190 | INFO | app_logger | N/A | Response status: 200
2026-04-23 15:27:51,196 | INFO | app_logger | N/A | Response status: 200
2026-04-23 15:31:34,071 | INFO | app_logger | N/A | GET http://localhost:8000/auth/users
2026-04-23 15:31:34,072 | INFO | app_logger | N/A | GET http://localhost:8000/customers/?page=1&limit=5
2026-04-23 15:31:34,075 | INFO | app_logger | N/A | GET http://localhost:8000/auth/users/count
2026-04-23 15:31:34,082 | INFO | app_logger | 6c1e188a-b3ef-44c7-a636-e0e4d9afa424 | Fetch customers | user=shree@gmail.com | page=1 limit=5
2026-04-23 15:31:34,082 | INFO | app_logger | 2735084c-0e67-49ac-aea3-456821f07286 | Fetch users API called
2026-04-23 15:31:34,082 | INFO | app_logger | 359c6061-ea30-456e-a42f-b667ba2fcb41 | User count API called
2026-04-23 15:31:34,084 | INFO | app_logger | 6c1e188a-b3ef-44c7-a636-e0e4d9afa424 | Fetch customers | page=1 limit=5
2026-04-23 15:31:34,084 | INFO | app_logger | 2735084c-0e67-49ac-aea3-456821f07286 | Fetch users | skip=0 limit=10
2026-04-23 15:31:34,088 | INFO | app_logger | 359c6061-ea30-456e-a42f-b667ba2fcb41 | User count | total=1
2026-04-23 15:31:34,089 | ERROR | app_logger | 6c1e188a-b3ef-44c7-a636-e0e4d9afa424 | Fetch customers failed
Traceback (most recent call last):
  File "C:\Users\User\Desktop\customer_api\env\Lib\site-packages\sqlalchemy\engine\base.py", line 1967, in _exec_single_context
    self.dialect.do_execute(
  File "C:\Users\User\Desktop\customer_api\env\Lib\site-packages\sqlalchemy\engine\default.py", line 952, in do_execute
    cursor.execute(statement, parameters)
psycopg2.errors.UndefinedTable: relation "customers" does not exist
LINE 3: FROM customers 
             ^


The above exception was the direct cause of the following exception:

Traceback (most recent call last):
  File "C:\Users\User\Desktop\customer_api\backend\services\customer_service.py", line 169, in get_all_customers
    .all()
     ^^^^^
  File "C:\Users\User\Desktop\customer_api\env\Lib\site-packages\sqlalchemy\orm\query.py", line 2711, in all
    return self._iter().all()  # type: ignore
           ^^^^^^^^^^^^
  File "C:\Users\User\Desktop\customer_api\env\Lib\site-packages\sqlalchemy\orm\query.py", line 2864, in _iter
    result: Union[ScalarResult[_T], Result[_T]] = self.session.execute(
                                                  ^^^^^^^^^^^^^^^^^^^^^
  File "C:\Users\User\Desktop\customer_api\env\Lib\site-packages\sqlalchemy\orm\session.py", line 2351, in execute
    return self._execute_internal(
           ^^^^^^^^^^^^^^^^^^^^^^^
  File "C:\Users\User\Desktop\customer_api\env\Lib\site-packages\sqlalchemy\orm\session.py", line 2249, in _execute_internal
    result: Result[Any] = compile_state_cls.orm_execute_statement(
                          ^^^^^^^^^^^^^^^^^^^^^^^^^^^^^^^^^^^^^^^^
  File "C:\Users\User\Desktop\customer_api\env\Lib\site-packages\sqlalchemy\orm\context.py", line 306, in orm_execute_statement
    result = conn.execute(
             ^^^^^^^^^^^^^
  File "C:\Users\User\Desktop\customer_api\env\Lib\site-packages\sqlalchemy\engine\base.py", line 1419, in execute
    return meth(
           ^^^^^
  File "C:\Users\User\Desktop\customer_api\env\Lib\site-packages\sqlalchemy\sql\elements.py", line 527, in _execute_on_connection
    return connection._execute_clauseelement(
           ^^^^^^^^^^^^^^^^^^^^^^^^^^^^^^^^^^
  File "C:\Users\User\Desktop\customer_api\env\Lib\site-packages\sqlalchemy\engine\base.py", line 1641, in _execute_clauseelement
    ret = self._execute_context(
          ^^^^^^^^^^^^^^^^^^^^^^
  File "C:\Users\User\Desktop\customer_api\env\Lib\site-packages\sqlalchemy\engine\base.py", line 1846, in _execute_context
    return self._exec_single_context(
           ^^^^^^^^^^^^^^^^^^^^^^^^^^
  File "C:\Users\User\Desktop\customer_api\env\Lib\site-packages\sqlalchemy\engine\base.py", line 1986, in _exec_single_context
    self._handle_dbapi_exception(
  File "C:\Users\User\Desktop\customer_api\env\Lib\site-packages\sqlalchemy\engine\base.py", line 2363, in _handle_dbapi_exception
    raise sqlalchemy_exception.with_traceback(exc_info[2]) from e
  File "C:\Users\User\Desktop\customer_api\env\Lib\site-packages\sqlalchemy\engine\base.py", line 1967, in _exec_single_context
    self.dialect.do_execute(
  File "C:\Users\User\Desktop\customer_api\env\Lib\site-packages\sqlalchemy\engine\default.py", line 952, in do_execute
    cursor.execute(statement, parameters)
sqlalchemy.exc.ProgrammingError: (psycopg2.errors.UndefinedTable) relation "customers" does not exist
LINE 3: FROM customers 
             ^

[SQL: SELECT anon_1.customers_id AS anon_1_customers_id, anon_1.customers_name AS anon_1_customers_name, anon_1.customers_age AS anon_1_customers_age, anon_1.customers_gender AS anon_1_customers_gender, anon_1.customers_date_of_birth AS anon_1_customers_date_of_birth, anon_1.customers_email AS anon_1_customers_email, anon_1.customers_phone AS anon_1_customers_phone, anon_1.customers_alternate_phone AS anon_1_customers_alternate_phone, anon_1.customers_company AS anon_1_customers_company, anon_1.customers_job_title AS anon_1_customers_job_title, anon_1.customers_experience_years AS anon_1_customers_experience_years, anon_1.customers_customer_type AS anon_1_customers_customer_type, anon_1.customers_status AS anon_1_customers_status, anon_1.customers_created_at AS anon_1_customers_created_at, anon_1.customers_updated_at AS anon_1_customers_updated_at, anon_1.customers_notes AS anon_1_customers_notes, anon_1.customers_source AS anon_1_customers_source, addresses_1.id AS addresses_1_id, addresses_1.customer_id AS addresses_1_customer_id, addresses_1.city AS addresses_1_city, addresses_1.state AS addresses_1_state, addresses_1.pincode AS addresses_1_pincode 
FROM (SELECT customers.id AS customers_id, customers.name AS customers_name, customers.age AS customers_age, customers.gender AS customers_gender, customers.date_of_birth AS customers_date_of_birth, customers.email AS customers_email, customers.phone AS customers_phone, customers.alternate_phone AS customers_alternate_phone, customers.company AS customers_company, customers.job_title AS customers_job_title, customers.experience_years AS customers_experience_years, customers.customer_type AS customers_customer_type, customers.status AS customers_status, customers.created_at AS customers_created_at, customers.updated_at AS customers_updated_at, customers.notes AS customers_notes, customers.source AS customers_source 
FROM customers 
 LIMIT %(param_1)s OFFSET %(param_2)s) AS anon_1 LEFT OUTER JOIN addresses AS addresses_1 ON anon_1.customers_id = addresses_1.customer_id]
[parameters: {'param_1': 5, 'param_2': 0}]
(Background on this error at: https://sqlalche.me/e/20/f405)
2026-04-23 15:31:34,089 | INFO | app_logger | N/A | Response status: 200
2026-04-23 15:31:34,126 | ERROR | app_logger | 6c1e188a-b3ef-44c7-a636-e0e4d9afa424 | Failed to fetch customers | Status Code: 500
2026-04-23 15:31:34,126 | INFO | app_logger | N/A | Response status: 500
2026-04-23 15:31:34,213 | INFO | app_logger | N/A | Response status: 200
2026-04-23 15:31:35,994 | INFO | app_logger | N/A | GET http://localhost:8000/auth/users
2026-04-23 15:31:35,998 | INFO | app_logger | N/A | GET http://localhost:8000/customers/?page=1&limit=5
2026-04-23 15:31:36,000 | INFO | app_logger | N/A | GET http://localhost:8000/auth/users/count
2026-04-23 15:31:36,022 | INFO | app_logger | 6c1cb4b9-c61f-406e-9315-255a89a60d9f | Fetch users API called
2026-04-23 15:31:36,025 | INFO | app_logger | 50f8e17a-70fb-48ce-bfd6-816ff7b5ecd3 | Fetch customers | user=shree@gmail.com | page=1 limit=5
2026-04-23 15:31:36,026 | INFO | app_logger | 2f8c739a-94ac-480d-99b3-4c9f0c5d3f9c | User count API called
2026-04-23 15:31:36,026 | INFO | app_logger | 6c1cb4b9-c61f-406e-9315-255a89a60d9f | Fetch users | skip=0 limit=10
2026-04-23 15:31:36,029 | INFO | app_logger | 50f8e17a-70fb-48ce-bfd6-816ff7b5ecd3 | Fetch customers | page=1 limit=5
2026-04-23 15:31:36,037 | INFO | app_logger | 2f8c739a-94ac-480d-99b3-4c9f0c5d3f9c | User count | total=1
2026-04-23 15:31:36,040 | ERROR | app_logger | 50f8e17a-70fb-48ce-bfd6-816ff7b5ecd3 | Fetch customers failed
Traceback (most recent call last):
  File "C:\Users\User\Desktop\customer_api\env\Lib\site-packages\sqlalchemy\engine\base.py", line 1967, in _exec_single_context
    self.dialect.do_execute(
  File "C:\Users\User\Desktop\customer_api\env\Lib\site-packages\sqlalchemy\engine\default.py", line 952, in do_execute
    cursor.execute(statement, parameters)
psycopg2.errors.UndefinedTable: relation "customers" does not exist
LINE 3: FROM customers 
             ^


The above exception was the direct cause of the following exception:

Traceback (most recent call last):
  File "C:\Users\User\Desktop\customer_api\backend\services\customer_service.py", line 169, in get_all_customers
    .all()
     ^^^^^
  File "C:\Users\User\Desktop\customer_api\env\Lib\site-packages\sqlalchemy\orm\query.py", line 2711, in all
    return self._iter().all()  # type: ignore
           ^^^^^^^^^^^^
  File "C:\Users\User\Desktop\customer_api\env\Lib\site-packages\sqlalchemy\orm\query.py", line 2864, in _iter
    result: Union[ScalarResult[_T], Result[_T]] = self.session.execute(
                                                  ^^^^^^^^^^^^^^^^^^^^^
  File "C:\Users\User\Desktop\customer_api\env\Lib\site-packages\sqlalchemy\orm\session.py", line 2351, in execute
    return self._execute_internal(
           ^^^^^^^^^^^^^^^^^^^^^^^
  File "C:\Users\User\Desktop\customer_api\env\Lib\site-packages\sqlalchemy\orm\session.py", line 2249, in _execute_internal
    result: Result[Any] = compile_state_cls.orm_execute_statement(
                          ^^^^^^^^^^^^^^^^^^^^^^^^^^^^^^^^^^^^^^^^
  File "C:\Users\User\Desktop\customer_api\env\Lib\site-packages\sqlalchemy\orm\context.py", line 306, in orm_execute_statement
    result = conn.execute(
             ^^^^^^^^^^^^^
  File "C:\Users\User\Desktop\customer_api\env\Lib\site-packages\sqlalchemy\engine\base.py", line 1419, in execute
    return meth(
           ^^^^^
  File "C:\Users\User\Desktop\customer_api\env\Lib\site-packages\sqlalchemy\sql\elements.py", line 527, in _execute_on_connection
    return connection._execute_clauseelement(
           ^^^^^^^^^^^^^^^^^^^^^^^^^^^^^^^^^^
  File "C:\Users\User\Desktop\customer_api\env\Lib\site-packages\sqlalchemy\engine\base.py", line 1641, in _execute_clauseelement
    ret = self._execute_context(
          ^^^^^^^^^^^^^^^^^^^^^^
  File "C:\Users\User\Desktop\customer_api\env\Lib\site-packages\sqlalchemy\engine\base.py", line 1846, in _execute_context
    return self._exec_single_context(
           ^^^^^^^^^^^^^^^^^^^^^^^^^^
  File "C:\Users\User\Desktop\customer_api\env\Lib\site-packages\sqlalchemy\engine\base.py", line 1986, in _exec_single_context
    self._handle_dbapi_exception(
  File "C:\Users\User\Desktop\customer_api\env\Lib\site-packages\sqlalchemy\engine\base.py", line 2363, in _handle_dbapi_exception
    raise sqlalchemy_exception.with_traceback(exc_info[2]) from e
  File "C:\Users\User\Desktop\customer_api\env\Lib\site-packages\sqlalchemy\engine\base.py", line 1967, in _exec_single_context
    self.dialect.do_execute(
  File "C:\Users\User\Desktop\customer_api\env\Lib\site-packages\sqlalchemy\engine\default.py", line 952, in do_execute
    cursor.execute(statement, parameters)
sqlalchemy.exc.ProgrammingError: (psycopg2.errors.UndefinedTable) relation "customers" does not exist
LINE 3: FROM customers 
             ^

[SQL: SELECT anon_1.customers_id AS anon_1_customers_id, anon_1.customers_name AS anon_1_customers_name, anon_1.customers_age AS anon_1_customers_age, anon_1.customers_gender AS anon_1_customers_gender, anon_1.customers_date_of_birth AS anon_1_customers_date_of_birth, anon_1.customers_email AS anon_1_customers_email, anon_1.customers_phone AS anon_1_customers_phone, anon_1.customers_alternate_phone AS anon_1_customers_alternate_phone, anon_1.customers_company AS anon_1_customers_company, anon_1.customers_job_title AS anon_1_customers_job_title, anon_1.customers_experience_years AS anon_1_customers_experience_years, anon_1.customers_customer_type AS anon_1_customers_customer_type, anon_1.customers_status AS anon_1_customers_status, anon_1.customers_created_at AS anon_1_customers_created_at, anon_1.customers_updated_at AS anon_1_customers_updated_at, anon_1.customers_notes AS anon_1_customers_notes, anon_1.customers_source AS anon_1_customers_source, addresses_1.id AS addresses_1_id, addresses_1.customer_id AS addresses_1_customer_id, addresses_1.city AS addresses_1_city, addresses_1.state AS addresses_1_state, addresses_1.pincode AS addresses_1_pincode 
FROM (SELECT customers.id AS customers_id, customers.name AS customers_name, customers.age AS customers_age, customers.gender AS customers_gender, customers.date_of_birth AS customers_date_of_birth, customers.email AS customers_email, customers.phone AS customers_phone, customers.alternate_phone AS customers_alternate_phone, customers.company AS customers_company, customers.job_title AS customers_job_title, customers.experience_years AS customers_experience_years, customers.customer_type AS customers_customer_type, customers.status AS customers_status, customers.created_at AS customers_created_at, customers.updated_at AS customers_updated_at, customers.notes AS customers_notes, customers.source AS customers_source 
FROM customers 
 LIMIT %(param_1)s OFFSET %(param_2)s) AS anon_1 LEFT OUTER JOIN addresses AS addresses_1 ON anon_1.customers_id = addresses_1.customer_id]
[parameters: {'param_1': 5, 'param_2': 0}]
(Background on this error at: https://sqlalche.me/e/20/f405)
2026-04-23 15:31:36,042 | INFO | app_logger | N/A | Response status: 200
2026-04-23 15:31:36,050 | INFO | app_logger | N/A | Response status: 200
2026-04-23 15:31:36,057 | ERROR | app_logger | 50f8e17a-70fb-48ce-bfd6-816ff7b5ecd3 | Failed to fetch customers | Status Code: 500
2026-04-23 15:31:36,066 | INFO | app_logger | N/A | Response status: 500
2026-04-23 15:31:36,664 | INFO | app_logger | N/A | GET http://localhost:8000/auth/users
2026-04-23 15:31:36,668 | INFO | app_logger | N/A | GET http://localhost:8000/auth/users/count
2026-04-23 15:31:36,669 | INFO | app_logger | N/A | GET http://localhost:8000/customers/?page=1&limit=5
2026-04-23 15:31:36,682 | INFO | app_logger | 1287ea79-cd97-4c08-95ec-00eadde20c5c | Fetch users API called
2026-04-23 15:31:36,682 | INFO | app_logger | fd8b6bf1-b45d-4ad7-902e-516b6e751340 | Fetch customers | user=shree@gmail.com | page=1 limit=5
2026-04-23 15:31:36,682 | INFO | app_logger | 70c7572f-bc45-415a-b170-59c0facc38c1 | User count API called
2026-04-23 15:31:36,684 | INFO | app_logger | 1287ea79-cd97-4c08-95ec-00eadde20c5c | Fetch users | skip=0 limit=10
2026-04-23 15:31:36,684 | INFO | app_logger | fd8b6bf1-b45d-4ad7-902e-516b6e751340 | Fetch customers | page=1 limit=5
2026-04-23 15:31:36,690 | INFO | app_logger | 70c7572f-bc45-415a-b170-59c0facc38c1 | User count | total=1
2026-04-23 15:31:36,694 | INFO | app_logger | N/A | Response status: 200
2026-04-23 15:31:36,694 | ERROR | app_logger | fd8b6bf1-b45d-4ad7-902e-516b6e751340 | Fetch customers failed
Traceback (most recent call last):
  File "C:\Users\User\Desktop\customer_api\env\Lib\site-packages\sqlalchemy\engine\base.py", line 1967, in _exec_single_context
    self.dialect.do_execute(
  File "C:\Users\User\Desktop\customer_api\env\Lib\site-packages\sqlalchemy\engine\default.py", line 952, in do_execute
    cursor.execute(statement, parameters)
psycopg2.errors.UndefinedTable: relation "customers" does not exist
LINE 3: FROM customers 
             ^


The above exception was the direct cause of the following exception:

Traceback (most recent call last):
  File "C:\Users\User\Desktop\customer_api\backend\services\customer_service.py", line 169, in get_all_customers
    .all()
     ^^^^^
  File "C:\Users\User\Desktop\customer_api\env\Lib\site-packages\sqlalchemy\orm\query.py", line 2711, in all
    return self._iter().all()  # type: ignore
           ^^^^^^^^^^^^
  File "C:\Users\User\Desktop\customer_api\env\Lib\site-packages\sqlalchemy\orm\query.py", line 2864, in _iter
    result: Union[ScalarResult[_T], Result[_T]] = self.session.execute(
                                                  ^^^^^^^^^^^^^^^^^^^^^
  File "C:\Users\User\Desktop\customer_api\env\Lib\site-packages\sqlalchemy\orm\session.py", line 2351, in execute
    return self._execute_internal(
           ^^^^^^^^^^^^^^^^^^^^^^^
  File "C:\Users\User\Desktop\customer_api\env\Lib\site-packages\sqlalchemy\orm\session.py", line 2249, in _execute_internal
    result: Result[Any] = compile_state_cls.orm_execute_statement(
                          ^^^^^^^^^^^^^^^^^^^^^^^^^^^^^^^^^^^^^^^^
  File "C:\Users\User\Desktop\customer_api\env\Lib\site-packages\sqlalchemy\orm\context.py", line 306, in orm_execute_statement
    result = conn.execute(
             ^^^^^^^^^^^^^
  File "C:\Users\User\Desktop\customer_api\env\Lib\site-packages\sqlalchemy\engine\base.py", line 1419, in execute
    return meth(
           ^^^^^
  File "C:\Users\User\Desktop\customer_api\env\Lib\site-packages\sqlalchemy\sql\elements.py", line 527, in _execute_on_connection
    return connection._execute_clauseelement(
           ^^^^^^^^^^^^^^^^^^^^^^^^^^^^^^^^^^
  File "C:\Users\User\Desktop\customer_api\env\Lib\site-packages\sqlalchemy\engine\base.py", line 1641, in _execute_clauseelement
    ret = self._execute_context(
          ^^^^^^^^^^^^^^^^^^^^^^
  File "C:\Users\User\Desktop\customer_api\env\Lib\site-packages\sqlalchemy\engine\base.py", line 1846, in _execute_context
    return self._exec_single_context(
           ^^^^^^^^^^^^^^^^^^^^^^^^^^
  File "C:\Users\User\Desktop\customer_api\env\Lib\site-packages\sqlalchemy\engine\base.py", line 1986, in _exec_single_context
    self._handle_dbapi_exception(
  File "C:\Users\User\Desktop\customer_api\env\Lib\site-packages\sqlalchemy\engine\base.py", line 2363, in _handle_dbapi_exception
    raise sqlalchemy_exception.with_traceback(exc_info[2]) from e
  File "C:\Users\User\Desktop\customer_api\env\Lib\site-packages\sqlalchemy\engine\base.py", line 1967, in _exec_single_context
    self.dialect.do_execute(
  File "C:\Users\User\Desktop\customer_api\env\Lib\site-packages\sqlalchemy\engine\default.py", line 952, in do_execute
    cursor.execute(statement, parameters)
sqlalchemy.exc.ProgrammingError: (psycopg2.errors.UndefinedTable) relation "customers" does not exist
LINE 3: FROM customers 
             ^

[SQL: SELECT anon_1.customers_id AS anon_1_customers_id, anon_1.customers_name AS anon_1_customers_name, anon_1.customers_age AS anon_1_customers_age, anon_1.customers_gender AS anon_1_customers_gender, anon_1.customers_date_of_birth AS anon_1_customers_date_of_birth, anon_1.customers_email AS anon_1_customers_email, anon_1.customers_phone AS anon_1_customers_phone, anon_1.customers_alternate_phone AS anon_1_customers_alternate_phone, anon_1.customers_company AS anon_1_customers_company, anon_1.customers_job_title AS anon_1_customers_job_title, anon_1.customers_experience_years AS anon_1_customers_experience_years, anon_1.customers_customer_type AS anon_1_customers_customer_type, anon_1.customers_status AS anon_1_customers_status, anon_1.customers_created_at AS anon_1_customers_created_at, anon_1.customers_updated_at AS anon_1_customers_updated_at, anon_1.customers_notes AS anon_1_customers_notes, anon_1.customers_source AS anon_1_customers_source, addresses_1.id AS addresses_1_id, addresses_1.customer_id AS addresses_1_customer_id, addresses_1.city AS addresses_1_city, addresses_1.state AS addresses_1_state, addresses_1.pincode AS addresses_1_pincode 
FROM (SELECT customers.id AS customers_id, customers.name AS customers_name, customers.age AS customers_age, customers.gender AS customers_gender, customers.date_of_birth AS customers_date_of_birth, customers.email AS customers_email, customers.phone AS customers_phone, customers.alternate_phone AS customers_alternate_phone, customers.company AS customers_company, customers.job_title AS customers_job_title, customers.experience_years AS customers_experience_years, customers.customer_type AS customers_customer_type, customers.status AS customers_status, customers.created_at AS customers_created_at, customers.updated_at AS customers_updated_at, customers.notes AS customers_notes, customers.source AS customers_source 
FROM customers 
 LIMIT %(param_1)s OFFSET %(param_2)s) AS anon_1 LEFT OUTER JOIN addresses AS addresses_1 ON anon_1.customers_id = addresses_1.customer_id]
[parameters: {'param_1': 5, 'param_2': 0}]
(Background on this error at: https://sqlalche.me/e/20/f405)
2026-04-23 15:31:36,716 | INFO | app_logger | N/A | Response status: 200
2026-04-23 15:31:36,734 | ERROR | app_logger | fd8b6bf1-b45d-4ad7-902e-516b6e751340 | Failed to fetch customers | Status Code: 500
2026-04-23 15:31:36,736 | INFO | app_logger | N/A | Response status: 500
2026-04-23 15:31:36,846 | INFO | app_logger | N/A | GET http://localhost:8000/auth/users
2026-04-23 15:31:36,847 | INFO | app_logger | N/A | GET http://localhost:8000/customers/?page=1&limit=5
2026-04-23 15:31:36,851 | INFO | app_logger | N/A | GET http://localhost:8000/auth/users/count
2026-04-23 15:31:36,862 | INFO | app_logger | 32e4ae5c-0a24-4e54-9460-61c0c28809c8 | Fetch customers | user=shree@gmail.com | page=1 limit=5
2026-04-23 15:31:36,863 | INFO | app_logger | a73f07b6-6119-48de-9567-15ac8c6e8994 | User count API called
2026-04-23 15:31:36,863 | INFO | app_logger | 32f123a3-f04b-4e48-a027-f06b42d9372a | Fetch users API called
2026-04-23 15:31:36,863 | INFO | app_logger | 32e4ae5c-0a24-4e54-9460-61c0c28809c8 | Fetch customers | page=1 limit=5
2026-04-23 15:31:36,869 | INFO | app_logger | a73f07b6-6119-48de-9567-15ac8c6e8994 | User count | total=1
2026-04-23 15:31:36,869 | INFO | app_logger | 32f123a3-f04b-4e48-a027-f06b42d9372a | Fetch users | skip=0 limit=10
2026-04-23 15:31:36,872 | ERROR | app_logger | 32e4ae5c-0a24-4e54-9460-61c0c28809c8 | Fetch customers failed
Traceback (most recent call last):
  File "C:\Users\User\Desktop\customer_api\env\Lib\site-packages\sqlalchemy\engine\base.py", line 1967, in _exec_single_context
    self.dialect.do_execute(
  File "C:\Users\User\Desktop\customer_api\env\Lib\site-packages\sqlalchemy\engine\default.py", line 952, in do_execute
    cursor.execute(statement, parameters)
psycopg2.errors.UndefinedTable: relation "customers" does not exist
LINE 3: FROM customers 
             ^


The above exception was the direct cause of the following exception:

Traceback (most recent call last):
  File "C:\Users\User\Desktop\customer_api\backend\services\customer_service.py", line 169, in get_all_customers
    .all()
     ^^^^^
  File "C:\Users\User\Desktop\customer_api\env\Lib\site-packages\sqlalchemy\orm\query.py", line 2711, in all
    return self._iter().all()  # type: ignore
           ^^^^^^^^^^^^
  File "C:\Users\User\Desktop\customer_api\env\Lib\site-packages\sqlalchemy\orm\query.py", line 2864, in _iter
    result: Union[ScalarResult[_T], Result[_T]] = self.session.execute(
                                                  ^^^^^^^^^^^^^^^^^^^^^
  File "C:\Users\User\Desktop\customer_api\env\Lib\site-packages\sqlalchemy\orm\session.py", line 2351, in execute
    return self._execute_internal(
           ^^^^^^^^^^^^^^^^^^^^^^^
  File "C:\Users\User\Desktop\customer_api\env\Lib\site-packages\sqlalchemy\orm\session.py", line 2249, in _execute_internal
    result: Result[Any] = compile_state_cls.orm_execute_statement(
                          ^^^^^^^^^^^^^^^^^^^^^^^^^^^^^^^^^^^^^^^^
  File "C:\Users\User\Desktop\customer_api\env\Lib\site-packages\sqlalchemy\orm\context.py", line 306, in orm_execute_statement
    result = conn.execute(
             ^^^^^^^^^^^^^
  File "C:\Users\User\Desktop\customer_api\env\Lib\site-packages\sqlalchemy\engine\base.py", line 1419, in execute
    return meth(
           ^^^^^
  File "C:\Users\User\Desktop\customer_api\env\Lib\site-packages\sqlalchemy\sql\elements.py", line 527, in _execute_on_connection
    return connection._execute_clauseelement(
           ^^^^^^^^^^^^^^^^^^^^^^^^^^^^^^^^^^
  File "C:\Users\User\Desktop\customer_api\env\Lib\site-packages\sqlalchemy\engine\base.py", line 1641, in _execute_clauseelement
    ret = self._execute_context(
          ^^^^^^^^^^^^^^^^^^^^^^
  File "C:\Users\User\Desktop\customer_api\env\Lib\site-packages\sqlalchemy\engine\base.py", line 1846, in _execute_context
    return self._exec_single_context(
           ^^^^^^^^^^^^^^^^^^^^^^^^^^
  File "C:\Users\User\Desktop\customer_api\env\Lib\site-packages\sqlalchemy\engine\base.py", line 1986, in _exec_single_context
    self._handle_dbapi_exception(
  File "C:\Users\User\Desktop\customer_api\env\Lib\site-packages\sqlalchemy\engine\base.py", line 2363, in _handle_dbapi_exception
    raise sqlalchemy_exception.with_traceback(exc_info[2]) from e
  File "C:\Users\User\Desktop\customer_api\env\Lib\site-packages\sqlalchemy\engine\base.py", line 1967, in _exec_single_context
    self.dialect.do_execute(
  File "C:\Users\User\Desktop\customer_api\env\Lib\site-packages\sqlalchemy\engine\default.py", line 952, in do_execute
    cursor.execute(statement, parameters)
sqlalchemy.exc.ProgrammingError: (psycopg2.errors.UndefinedTable) relation "customers" does not exist
LINE 3: FROM customers 
             ^

[SQL: SELECT anon_1.customers_id AS anon_1_customers_id, anon_1.customers_name AS anon_1_customers_name, anon_1.customers_age AS anon_1_customers_age, anon_1.customers_gender AS anon_1_customers_gender, anon_1.customers_date_of_birth AS anon_1_customers_date_of_birth, anon_1.customers_email AS anon_1_customers_email, anon_1.customers_phone AS anon_1_customers_phone, anon_1.customers_alternate_phone AS anon_1_customers_alternate_phone, anon_1.customers_company AS anon_1_customers_company, anon_1.customers_job_title AS anon_1_customers_job_title, anon_1.customers_experience_years AS anon_1_customers_experience_years, anon_1.customers_customer_type AS anon_1_customers_customer_type, anon_1.customers_status AS anon_1_customers_status, anon_1.customers_created_at AS anon_1_customers_created_at, anon_1.customers_updated_at AS anon_1_customers_updated_at, anon_1.customers_notes AS anon_1_customers_notes, anon_1.customers_source AS anon_1_customers_source, addresses_1.id AS addresses_1_id, addresses_1.customer_id AS addresses_1_customer_id, addresses_1.city AS addresses_1_city, addresses_1.state AS addresses_1_state, addresses_1.pincode AS addresses_1_pincode 
FROM (SELECT customers.id AS customers_id, customers.name AS customers_name, customers.age AS customers_age, customers.gender AS customers_gender, customers.date_of_birth AS customers_date_of_birth, customers.email AS customers_email, customers.phone AS customers_phone, customers.alternate_phone AS customers_alternate_phone, customers.company AS customers_company, customers.job_title AS customers_job_title, customers.experience_years AS customers_experience_years, customers.customer_type AS customers_customer_type, customers.status AS customers_status, customers.created_at AS customers_created_at, customers.updated_at AS customers_updated_at, customers.notes AS customers_notes, customers.source AS customers_source 
FROM customers 
 LIMIT %(param_1)s OFFSET %(param_2)s) AS anon_1 LEFT OUTER JOIN addresses AS addresses_1 ON anon_1.customers_id = addresses_1.customer_id]
[parameters: {'param_1': 5, 'param_2': 0}]
(Background on this error at: https://sqlalche.me/e/20/f405)
2026-04-23 15:31:36,874 | INFO | app_logger | N/A | Response status: 200
2026-04-23 15:31:36,896 | INFO | app_logger | N/A | Response status: 200
2026-04-23 15:31:36,898 | ERROR | app_logger | 32e4ae5c-0a24-4e54-9460-61c0c28809c8 | Failed to fetch customers | Status Code: 500
2026-04-23 15:31:36,902 | INFO | app_logger | N/A | Response status: 500
2026-04-23 15:31:37,122 | INFO | app_logger | N/A | GET http://localhost:8000/auth/users
2026-04-23 15:31:37,123 | INFO | app_logger | N/A | GET http://localhost:8000/auth/users/count
2026-04-23 15:31:37,125 | INFO | app_logger | N/A | GET http://localhost:8000/customers/?page=1&limit=5
2026-04-23 15:31:37,138 | INFO | app_logger | 4135cd7b-0ee0-4b9a-9287-3efad3537032 | User count API called
2026-04-23 15:31:37,138 | INFO | app_logger | 9ec25861-7b22-4b20-88cd-29a419b26cc7 | Fetch users API called
2026-04-23 15:31:37,138 | INFO | app_logger | 5ceea2e2-ce49-465e-8941-cc9866df423a | Fetch customers | user=shree@gmail.com | page=1 limit=5
2026-04-23 15:31:37,140 | INFO | app_logger | 9ec25861-7b22-4b20-88cd-29a419b26cc7 | Fetch users | skip=0 limit=10
2026-04-23 15:31:37,142 | INFO | app_logger | 5ceea2e2-ce49-465e-8941-cc9866df423a | Fetch customers | page=1 limit=5
2026-04-23 15:31:37,143 | INFO | app_logger | 4135cd7b-0ee0-4b9a-9287-3efad3537032 | User count | total=1
2026-04-23 15:31:37,149 | ERROR | app_logger | 5ceea2e2-ce49-465e-8941-cc9866df423a | Fetch customers failed
Traceback (most recent call last):
  File "C:\Users\User\Desktop\customer_api\env\Lib\site-packages\sqlalchemy\engine\base.py", line 1967, in _exec_single_context
    self.dialect.do_execute(
  File "C:\Users\User\Desktop\customer_api\env\Lib\site-packages\sqlalchemy\engine\default.py", line 952, in do_execute
    cursor.execute(statement, parameters)
psycopg2.errors.UndefinedTable: relation "customers" does not exist
LINE 3: FROM customers 
             ^


The above exception was the direct cause of the following exception:

Traceback (most recent call last):
  File "C:\Users\User\Desktop\customer_api\backend\services\customer_service.py", line 169, in get_all_customers
    .all()
     ^^^^^
  File "C:\Users\User\Desktop\customer_api\env\Lib\site-packages\sqlalchemy\orm\query.py", line 2711, in all
    return self._iter().all()  # type: ignore
           ^^^^^^^^^^^^
  File "C:\Users\User\Desktop\customer_api\env\Lib\site-packages\sqlalchemy\orm\query.py", line 2864, in _iter
    result: Union[ScalarResult[_T], Result[_T]] = self.session.execute(
                                                  ^^^^^^^^^^^^^^^^^^^^^
  File "C:\Users\User\Desktop\customer_api\env\Lib\site-packages\sqlalchemy\orm\session.py", line 2351, in execute
    return self._execute_internal(
           ^^^^^^^^^^^^^^^^^^^^^^^
  File "C:\Users\User\Desktop\customer_api\env\Lib\site-packages\sqlalchemy\orm\session.py", line 2249, in _execute_internal
    result: Result[Any] = compile_state_cls.orm_execute_statement(
                          ^^^^^^^^^^^^^^^^^^^^^^^^^^^^^^^^^^^^^^^^
  File "C:\Users\User\Desktop\customer_api\env\Lib\site-packages\sqlalchemy\orm\context.py", line 306, in orm_execute_statement
    result = conn.execute(
             ^^^^^^^^^^^^^
  File "C:\Users\User\Desktop\customer_api\env\Lib\site-packages\sqlalchemy\engine\base.py", line 1419, in execute
    return meth(
           ^^^^^
  File "C:\Users\User\Desktop\customer_api\env\Lib\site-packages\sqlalchemy\sql\elements.py", line 527, in _execute_on_connection
    return connection._execute_clauseelement(
           ^^^^^^^^^^^^^^^^^^^^^^^^^^^^^^^^^^
  File "C:\Users\User\Desktop\customer_api\env\Lib\site-packages\sqlalchemy\engine\base.py", line 1641, in _execute_clauseelement
    ret = self._execute_context(
          ^^^^^^^^^^^^^^^^^^^^^^
  File "C:\Users\User\Desktop\customer_api\env\Lib\site-packages\sqlalchemy\engine\base.py", line 1846, in _execute_context
    return self._exec_single_context(
           ^^^^^^^^^^^^^^^^^^^^^^^^^^
  File "C:\Users\User\Desktop\customer_api\env\Lib\site-packages\sqlalchemy\engine\base.py", line 1986, in _exec_single_context
    self._handle_dbapi_exception(
  File "C:\Users\User\Desktop\customer_api\env\Lib\site-packages\sqlalchemy\engine\base.py", line 2363, in _handle_dbapi_exception
    raise sqlalchemy_exception.with_traceback(exc_info[2]) from e
  File "C:\Users\User\Desktop\customer_api\env\Lib\site-packages\sqlalchemy\engine\base.py", line 1967, in _exec_single_context
    self.dialect.do_execute(
  File "C:\Users\User\Desktop\customer_api\env\Lib\site-packages\sqlalchemy\engine\default.py", line 952, in do_execute
    cursor.execute(statement, parameters)
sqlalchemy.exc.ProgrammingError: (psycopg2.errors.UndefinedTable) relation "customers" does not exist
LINE 3: FROM customers 
             ^

[SQL: SELECT anon_1.customers_id AS anon_1_customers_id, anon_1.customers_name AS anon_1_customers_name, anon_1.customers_age AS anon_1_customers_age, anon_1.customers_gender AS anon_1_customers_gender, anon_1.customers_date_of_birth AS anon_1_customers_date_of_birth, anon_1.customers_email AS anon_1_customers_email, anon_1.customers_phone AS anon_1_customers_phone, anon_1.customers_alternate_phone AS anon_1_customers_alternate_phone, anon_1.customers_company AS anon_1_customers_company, anon_1.customers_job_title AS anon_1_customers_job_title, anon_1.customers_experience_years AS anon_1_customers_experience_years, anon_1.customers_customer_type AS anon_1_customers_customer_type, anon_1.customers_status AS anon_1_customers_status, anon_1.customers_created_at AS anon_1_customers_created_at, anon_1.customers_updated_at AS anon_1_customers_updated_at, anon_1.customers_notes AS anon_1_customers_notes, anon_1.customers_source AS anon_1_customers_source, addresses_1.id AS addresses_1_id, addresses_1.customer_id AS addresses_1_customer_id, addresses_1.city AS addresses_1_city, addresses_1.state AS addresses_1_state, addresses_1.pincode AS addresses_1_pincode 
FROM (SELECT customers.id AS customers_id, customers.name AS customers_name, customers.age AS customers_age, customers.gender AS customers_gender, customers.date_of_birth AS customers_date_of_birth, customers.email AS customers_email, customers.phone AS customers_phone, customers.alternate_phone AS customers_alternate_phone, customers.company AS customers_company, customers.job_title AS customers_job_title, customers.experience_years AS customers_experience_years, customers.customer_type AS customers_customer_type, customers.status AS customers_status, customers.created_at AS customers_created_at, customers.updated_at AS customers_updated_at, customers.notes AS customers_notes, customers.source AS customers_source 
FROM customers 
 LIMIT %(param_1)s OFFSET %(param_2)s) AS anon_1 LEFT OUTER JOIN addresses AS addresses_1 ON anon_1.customers_id = addresses_1.customer_id]
[parameters: {'param_1': 5, 'param_2': 0}]
(Background on this error at: https://sqlalche.me/e/20/f405)
2026-04-23 15:31:37,150 | INFO | app_logger | N/A | Response status: 200
2026-04-23 15:31:37,160 | INFO | app_logger | N/A | Response status: 200
2026-04-23 15:31:37,172 | ERROR | app_logger | 5ceea2e2-ce49-465e-8941-cc9866df423a | Failed to fetch customers | Status Code: 500
2026-04-23 15:31:37,183 | INFO | app_logger | N/A | Response status: 500
2026-04-23 15:31:37,317 | INFO | app_logger | N/A | GET http://localhost:8000/auth/users
2026-04-23 15:31:37,319 | INFO | app_logger | N/A | GET http://localhost:8000/customers/?page=1&limit=5
2026-04-23 15:31:37,319 | INFO | app_logger | N/A | GET http://localhost:8000/auth/users/count
2026-04-23 15:31:37,331 | INFO | app_logger | 73cdca1a-7e9e-4691-8dcf-8dbc07edebc2 | Fetch users API called
2026-04-23 15:31:37,331 | INFO | app_logger | 1b561b99-5420-4470-b146-9fb15012ff66 | User count API called
2026-04-23 15:31:37,331 | INFO | app_logger | b44ed9c4-4570-4fd4-9967-6bf83066dfae | Fetch customers | user=shree@gmail.com | page=1 limit=5
2026-04-23 15:31:37,333 | INFO | app_logger | 73cdca1a-7e9e-4691-8dcf-8dbc07edebc2 | Fetch users | skip=0 limit=10
2026-04-23 15:31:37,336 | INFO | app_logger | 1b561b99-5420-4470-b146-9fb15012ff66 | User count | total=1
2026-04-23 15:31:37,336 | INFO | app_logger | b44ed9c4-4570-4fd4-9967-6bf83066dfae | Fetch customers | page=1 limit=5
2026-04-23 15:31:37,346 | INFO | app_logger | N/A | Response status: 200
2026-04-23 15:31:37,347 | ERROR | app_logger | b44ed9c4-4570-4fd4-9967-6bf83066dfae | Fetch customers failed
Traceback (most recent call last):
  File "C:\Users\User\Desktop\customer_api\env\Lib\site-packages\sqlalchemy\engine\base.py", line 1967, in _exec_single_context
    self.dialect.do_execute(
  File "C:\Users\User\Desktop\customer_api\env\Lib\site-packages\sqlalchemy\engine\default.py", line 952, in do_execute
    cursor.execute(statement, parameters)
psycopg2.errors.UndefinedTable: relation "customers" does not exist
LINE 3: FROM customers 
             ^


The above exception was the direct cause of the following exception:

Traceback (most recent call last):
  File "C:\Users\User\Desktop\customer_api\backend\services\customer_service.py", line 169, in get_all_customers
    .all()
     ^^^^^
  File "C:\Users\User\Desktop\customer_api\env\Lib\site-packages\sqlalchemy\orm\query.py", line 2711, in all
    return self._iter().all()  # type: ignore
           ^^^^^^^^^^^^
  File "C:\Users\User\Desktop\customer_api\env\Lib\site-packages\sqlalchemy\orm\query.py", line 2864, in _iter
    result: Union[ScalarResult[_T], Result[_T]] = self.session.execute(
                                                  ^^^^^^^^^^^^^^^^^^^^^
  File "C:\Users\User\Desktop\customer_api\env\Lib\site-packages\sqlalchemy\orm\session.py", line 2351, in execute
    return self._execute_internal(
           ^^^^^^^^^^^^^^^^^^^^^^^
  File "C:\Users\User\Desktop\customer_api\env\Lib\site-packages\sqlalchemy\orm\session.py", line 2249, in _execute_internal
    result: Result[Any] = compile_state_cls.orm_execute_statement(
                          ^^^^^^^^^^^^^^^^^^^^^^^^^^^^^^^^^^^^^^^^
  File "C:\Users\User\Desktop\customer_api\env\Lib\site-packages\sqlalchemy\orm\context.py", line 306, in orm_execute_statement
    result = conn.execute(
             ^^^^^^^^^^^^^
  File "C:\Users\User\Desktop\customer_api\env\Lib\site-packages\sqlalchemy\engine\base.py", line 1419, in execute
    return meth(
           ^^^^^
  File "C:\Users\User\Desktop\customer_api\env\Lib\site-packages\sqlalchemy\sql\elements.py", line 527, in _execute_on_connection
    return connection._execute_clauseelement(
           ^^^^^^^^^^^^^^^^^^^^^^^^^^^^^^^^^^
  File "C:\Users\User\Desktop\customer_api\env\Lib\site-packages\sqlalchemy\engine\base.py", line 1641, in _execute_clauseelement
    ret = self._execute_context(
          ^^^^^^^^^^^^^^^^^^^^^^
  File "C:\Users\User\Desktop\customer_api\env\Lib\site-packages\sqlalchemy\engine\base.py", line 1846, in _execute_context
    return self._exec_single_context(
           ^^^^^^^^^^^^^^^^^^^^^^^^^^
  File "C:\Users\User\Desktop\customer_api\env\Lib\site-packages\sqlalchemy\engine\base.py", line 1986, in _exec_single_context
    self._handle_dbapi_exception(
  File "C:\Users\User\Desktop\customer_api\env\Lib\site-packages\sqlalchemy\engine\base.py", line 2363, in _handle_dbapi_exception
    raise sqlalchemy_exception.with_traceback(exc_info[2]) from e
  File "C:\Users\User\Desktop\customer_api\env\Lib\site-packages\sqlalchemy\engine\base.py", line 1967, in _exec_single_context
    self.dialect.do_execute(
  File "C:\Users\User\Desktop\customer_api\env\Lib\site-packages\sqlalchemy\engine\default.py", line 952, in do_execute
    cursor.execute(statement, parameters)
sqlalchemy.exc.ProgrammingError: (psycopg2.errors.UndefinedTable) relation "customers" does not exist
LINE 3: FROM customers 
             ^

[SQL: SELECT anon_1.customers_id AS anon_1_customers_id, anon_1.customers_name AS anon_1_customers_name, anon_1.customers_age AS anon_1_customers_age, anon_1.customers_gender AS anon_1_customers_gender, anon_1.customers_date_of_birth AS anon_1_customers_date_of_birth, anon_1.customers_email AS anon_1_customers_email, anon_1.customers_phone AS anon_1_customers_phone, anon_1.customers_alternate_phone AS anon_1_customers_alternate_phone, anon_1.customers_company AS anon_1_customers_company, anon_1.customers_job_title AS anon_1_customers_job_title, anon_1.customers_experience_years AS anon_1_customers_experience_years, anon_1.customers_customer_type AS anon_1_customers_customer_type, anon_1.customers_status AS anon_1_customers_status, anon_1.customers_created_at AS anon_1_customers_created_at, anon_1.customers_updated_at AS anon_1_customers_updated_at, anon_1.customers_notes AS anon_1_customers_notes, anon_1.customers_source AS anon_1_customers_source, addresses_1.id AS addresses_1_id, addresses_1.customer_id AS addresses_1_customer_id, addresses_1.city AS addresses_1_city, addresses_1.state AS addresses_1_state, addresses_1.pincode AS addresses_1_pincode 
FROM (SELECT customers.id AS customers_id, customers.name AS customers_name, customers.age AS customers_age, customers.gender AS customers_gender, customers.date_of_birth AS customers_date_of_birth, customers.email AS customers_email, customers.phone AS customers_phone, customers.alternate_phone AS customers_alternate_phone, customers.company AS customers_company, customers.job_title AS customers_job_title, customers.experience_years AS customers_experience_years, customers.customer_type AS customers_customer_type, customers.status AS customers_status, customers.created_at AS customers_created_at, customers.updated_at AS customers_updated_at, customers.notes AS customers_notes, customers.source AS customers_source 
FROM customers 
 LIMIT %(param_1)s OFFSET %(param_2)s) AS anon_1 LEFT OUTER JOIN addresses AS addresses_1 ON anon_1.customers_id = addresses_1.customer_id]
[parameters: {'param_1': 5, 'param_2': 0}]
(Background on this error at: https://sqlalche.me/e/20/f405)
2026-04-23 15:31:37,348 | INFO | app_logger | N/A | Response status: 200
2026-04-23 15:31:37,366 | ERROR | app_logger | b44ed9c4-4570-4fd4-9967-6bf83066dfae | Failed to fetch customers | Status Code: 500
2026-04-23 15:31:37,367 | INFO | app_logger | N/A | Response status: 500
2026-04-23 15:31:37,567 | INFO | app_logger | N/A | GET http://localhost:8000/auth/users
2026-04-23 15:31:37,571 | INFO | app_logger | N/A | GET http://localhost:8000/auth/users/count
2026-04-23 15:31:37,572 | INFO | app_logger | N/A | GET http://localhost:8000/customers/?page=1&limit=5
2026-04-23 15:31:37,579 | INFO | app_logger | 9adf9906-7ca1-4be8-9eb8-761caf60a1a4 | Fetch users API called
2026-04-23 15:31:37,579 | INFO | app_logger | 9540f84f-e0bd-4066-a7a7-8b2140a50723 | User count API called
2026-04-23 15:31:37,579 | INFO | app_logger | 29bf0d0f-0f5d-4eb2-b2d3-74ee46ccb278 | Fetch customers | user=shree@gmail.com | page=1 limit=5
2026-04-23 15:31:37,580 | INFO | app_logger | 9adf9906-7ca1-4be8-9eb8-761caf60a1a4 | Fetch users | skip=0 limit=10
2026-04-23 15:31:37,586 | INFO | app_logger | 9540f84f-e0bd-4066-a7a7-8b2140a50723 | User count | total=1
2026-04-23 15:31:37,586 | INFO | app_logger | 29bf0d0f-0f5d-4eb2-b2d3-74ee46ccb278 | Fetch customers | page=1 limit=5
2026-04-23 15:31:37,596 | INFO | app_logger | N/A | Response status: 200
2026-04-23 15:31:37,596 | ERROR | app_logger | 29bf0d0f-0f5d-4eb2-b2d3-74ee46ccb278 | Fetch customers failed
Traceback (most recent call last):
  File "C:\Users\User\Desktop\customer_api\env\Lib\site-packages\sqlalchemy\engine\base.py", line 1967, in _exec_single_context
    self.dialect.do_execute(
  File "C:\Users\User\Desktop\customer_api\env\Lib\site-packages\sqlalchemy\engine\default.py", line 952, in do_execute
    cursor.execute(statement, parameters)
psycopg2.errors.UndefinedTable: relation "customers" does not exist
LINE 3: FROM customers 
             ^


The above exception was the direct cause of the following exception:

Traceback (most recent call last):
  File "C:\Users\User\Desktop\customer_api\backend\services\customer_service.py", line 169, in get_all_customers
    .all()
     ^^^^^
  File "C:\Users\User\Desktop\customer_api\env\Lib\site-packages\sqlalchemy\orm\query.py", line 2711, in all
    return self._iter().all()  # type: ignore
           ^^^^^^^^^^^^
  File "C:\Users\User\Desktop\customer_api\env\Lib\site-packages\sqlalchemy\orm\query.py", line 2864, in _iter
    result: Union[ScalarResult[_T], Result[_T]] = self.session.execute(
                                                  ^^^^^^^^^^^^^^^^^^^^^
  File "C:\Users\User\Desktop\customer_api\env\Lib\site-packages\sqlalchemy\orm\session.py", line 2351, in execute
    return self._execute_internal(
           ^^^^^^^^^^^^^^^^^^^^^^^
  File "C:\Users\User\Desktop\customer_api\env\Lib\site-packages\sqlalchemy\orm\session.py", line 2249, in _execute_internal
    result: Result[Any] = compile_state_cls.orm_execute_statement(
                          ^^^^^^^^^^^^^^^^^^^^^^^^^^^^^^^^^^^^^^^^
  File "C:\Users\User\Desktop\customer_api\env\Lib\site-packages\sqlalchemy\orm\context.py", line 306, in orm_execute_statement
    result = conn.execute(
             ^^^^^^^^^^^^^
  File "C:\Users\User\Desktop\customer_api\env\Lib\site-packages\sqlalchemy\engine\base.py", line 1419, in execute
    return meth(
           ^^^^^
  File "C:\Users\User\Desktop\customer_api\env\Lib\site-packages\sqlalchemy\sql\elements.py", line 527, in _execute_on_connection
    return connection._execute_clauseelement(
           ^^^^^^^^^^^^^^^^^^^^^^^^^^^^^^^^^^
  File "C:\Users\User\Desktop\customer_api\env\Lib\site-packages\sqlalchemy\engine\base.py", line 1641, in _execute_clauseelement
    ret = self._execute_context(
          ^^^^^^^^^^^^^^^^^^^^^^
  File "C:\Users\User\Desktop\customer_api\env\Lib\site-packages\sqlalchemy\engine\base.py", line 1846, in _execute_context
    return self._exec_single_context(
           ^^^^^^^^^^^^^^^^^^^^^^^^^^
  File "C:\Users\User\Desktop\customer_api\env\Lib\site-packages\sqlalchemy\engine\base.py", line 1986, in _exec_single_context
    self._handle_dbapi_exception(
  File "C:\Users\User\Desktop\customer_api\env\Lib\site-packages\sqlalchemy\engine\base.py", line 2363, in _handle_dbapi_exception
    raise sqlalchemy_exception.with_traceback(exc_info[2]) from e
  File "C:\Users\User\Desktop\customer_api\env\Lib\site-packages\sqlalchemy\engine\base.py", line 1967, in _exec_single_context
    self.dialect.do_execute(
  File "C:\Users\User\Desktop\customer_api\env\Lib\site-packages\sqlalchemy\engine\default.py", line 952, in do_execute
    cursor.execute(statement, parameters)
sqlalchemy.exc.ProgrammingError: (psycopg2.errors.UndefinedTable) relation "customers" does not exist
LINE 3: FROM customers 
             ^

[SQL: SELECT anon_1.customers_id AS anon_1_customers_id, anon_1.customers_name AS anon_1_customers_name, anon_1.customers_age AS anon_1_customers_age, anon_1.customers_gender AS anon_1_customers_gender, anon_1.customers_date_of_birth AS anon_1_customers_date_of_birth, anon_1.customers_email AS anon_1_customers_email, anon_1.customers_phone AS anon_1_customers_phone, anon_1.customers_alternate_phone AS anon_1_customers_alternate_phone, anon_1.customers_company AS anon_1_customers_company, anon_1.customers_job_title AS anon_1_customers_job_title, anon_1.customers_experience_years AS anon_1_customers_experience_years, anon_1.customers_customer_type AS anon_1_customers_customer_type, anon_1.customers_status AS anon_1_customers_status, anon_1.customers_created_at AS anon_1_customers_created_at, anon_1.customers_updated_at AS anon_1_customers_updated_at, anon_1.customers_notes AS anon_1_customers_notes, anon_1.customers_source AS anon_1_customers_source, addresses_1.id AS addresses_1_id, addresses_1.customer_id AS addresses_1_customer_id, addresses_1.city AS addresses_1_city, addresses_1.state AS addresses_1_state, addresses_1.pincode AS addresses_1_pincode 
FROM (SELECT customers.id AS customers_id, customers.name AS customers_name, customers.age AS customers_age, customers.gender AS customers_gender, customers.date_of_birth AS customers_date_of_birth, customers.email AS customers_email, customers.phone AS customers_phone, customers.alternate_phone AS customers_alternate_phone, customers.company AS customers_company, customers.job_title AS customers_job_title, customers.experience_years AS customers_experience_years, customers.customer_type AS customers_customer_type, customers.status AS customers_status, customers.created_at AS customers_created_at, customers.updated_at AS customers_updated_at, customers.notes AS customers_notes, customers.source AS customers_source 
FROM customers 
 LIMIT %(param_1)s OFFSET %(param_2)s) AS anon_1 LEFT OUTER JOIN addresses AS addresses_1 ON anon_1.customers_id = addresses_1.customer_id]
[parameters: {'param_1': 5, 'param_2': 0}]
(Background on this error at: https://sqlalche.me/e/20/f405)
2026-04-23 15:31:37,597 | INFO | app_logger | N/A | Response status: 200
2026-04-23 15:31:37,613 | ERROR | app_logger | 29bf0d0f-0f5d-4eb2-b2d3-74ee46ccb278 | Failed to fetch customers | Status Code: 500
2026-04-23 15:31:37,619 | INFO | app_logger | N/A | Response status: 500
2026-04-23 15:31:37,812 | INFO | app_logger | N/A | GET http://localhost:8000/auth/users
2026-04-23 15:31:37,815 | INFO | app_logger | N/A | GET http://localhost:8000/customers/?page=1&limit=5
2026-04-23 15:31:37,815 | INFO | app_logger | N/A | GET http://localhost:8000/auth/users/count
2026-04-23 15:31:37,827 | INFO | app_logger | e8dd296c-6c0f-4580-9f88-ed1d27e8a9eb | Fetch customers | user=shree@gmail.com | page=1 limit=5
2026-04-23 15:31:37,830 | INFO | app_logger | e8dd296c-6c0f-4580-9f88-ed1d27e8a9eb | Fetch customers | page=1 limit=5
2026-04-23 15:31:37,830 | INFO | app_logger | 661495aa-f36f-4a7a-a524-17df0cc75c50 | Fetch users API called
2026-04-23 15:31:37,831 | INFO | app_logger | 7e436efa-f888-4ee1-bf18-e2fea1c4ae80 | User count API called
2026-04-23 15:31:37,833 | INFO | app_logger | 661495aa-f36f-4a7a-a524-17df0cc75c50 | Fetch users | skip=0 limit=10
2026-04-23 15:31:37,834 | ERROR | app_logger | e8dd296c-6c0f-4580-9f88-ed1d27e8a9eb | Fetch customers failed
Traceback (most recent call last):
  File "C:\Users\User\Desktop\customer_api\env\Lib\site-packages\sqlalchemy\engine\base.py", line 1967, in _exec_single_context
    self.dialect.do_execute(
  File "C:\Users\User\Desktop\customer_api\env\Lib\site-packages\sqlalchemy\engine\default.py", line 952, in do_execute
    cursor.execute(statement, parameters)
psycopg2.errors.UndefinedTable: relation "customers" does not exist
LINE 3: FROM customers 
             ^


The above exception was the direct cause of the following exception:

Traceback (most recent call last):
  File "C:\Users\User\Desktop\customer_api\backend\services\customer_service.py", line 169, in get_all_customers
    .all()
     ^^^^^
  File "C:\Users\User\Desktop\customer_api\env\Lib\site-packages\sqlalchemy\orm\query.py", line 2711, in all
    return self._iter().all()  # type: ignore
           ^^^^^^^^^^^^
  File "C:\Users\User\Desktop\customer_api\env\Lib\site-packages\sqlalchemy\orm\query.py", line 2864, in _iter
    result: Union[ScalarResult[_T], Result[_T]] = self.session.execute(
                                                  ^^^^^^^^^^^^^^^^^^^^^
  File "C:\Users\User\Desktop\customer_api\env\Lib\site-packages\sqlalchemy\orm\session.py", line 2351, in execute
    return self._execute_internal(
           ^^^^^^^^^^^^^^^^^^^^^^^
  File "C:\Users\User\Desktop\customer_api\env\Lib\site-packages\sqlalchemy\orm\session.py", line 2249, in _execute_internal
    result: Result[Any] = compile_state_cls.orm_execute_statement(
                          ^^^^^^^^^^^^^^^^^^^^^^^^^^^^^^^^^^^^^^^^
  File "C:\Users\User\Desktop\customer_api\env\Lib\site-packages\sqlalchemy\orm\context.py", line 306, in orm_execute_statement
    result = conn.execute(
             ^^^^^^^^^^^^^
  File "C:\Users\User\Desktop\customer_api\env\Lib\site-packages\sqlalchemy\engine\base.py", line 1419, in execute
    return meth(
           ^^^^^
  File "C:\Users\User\Desktop\customer_api\env\Lib\site-packages\sqlalchemy\sql\elements.py", line 527, in _execute_on_connection
    return connection._execute_clauseelement(
           ^^^^^^^^^^^^^^^^^^^^^^^^^^^^^^^^^^
  File "C:\Users\User\Desktop\customer_api\env\Lib\site-packages\sqlalchemy\engine\base.py", line 1641, in _execute_clauseelement
    ret = self._execute_context(
          ^^^^^^^^^^^^^^^^^^^^^^
  File "C:\Users\User\Desktop\customer_api\env\Lib\site-packages\sqlalchemy\engine\base.py", line 1846, in _execute_context
    return self._exec_single_context(
           ^^^^^^^^^^^^^^^^^^^^^^^^^^
  File "C:\Users\User\Desktop\customer_api\env\Lib\site-packages\sqlalchemy\engine\base.py", line 1986, in _exec_single_context
    self._handle_dbapi_exception(
  File "C:\Users\User\Desktop\customer_api\env\Lib\site-packages\sqlalchemy\engine\base.py", line 2363, in _handle_dbapi_exception
    raise sqlalchemy_exception.with_traceback(exc_info[2]) from e
  File "C:\Users\User\Desktop\customer_api\env\Lib\site-packages\sqlalchemy\engine\base.py", line 1967, in _exec_single_context
    self.dialect.do_execute(
  File "C:\Users\User\Desktop\customer_api\env\Lib\site-packages\sqlalchemy\engine\default.py", line 952, in do_execute
    cursor.execute(statement, parameters)
sqlalchemy.exc.ProgrammingError: (psycopg2.errors.UndefinedTable) relation "customers" does not exist
LINE 3: FROM customers 
             ^

[SQL: SELECT anon_1.customers_id AS anon_1_customers_id, anon_1.customers_name AS anon_1_customers_name, anon_1.customers_age AS anon_1_customers_age, anon_1.customers_gender AS anon_1_customers_gender, anon_1.customers_date_of_birth AS anon_1_customers_date_of_birth, anon_1.customers_email AS anon_1_customers_email, anon_1.customers_phone AS anon_1_customers_phone, anon_1.customers_alternate_phone AS anon_1_customers_alternate_phone, anon_1.customers_company AS anon_1_customers_company, anon_1.customers_job_title AS anon_1_customers_job_title, anon_1.customers_experience_years AS anon_1_customers_experience_years, anon_1.customers_customer_type AS anon_1_customers_customer_type, anon_1.customers_status AS anon_1_customers_status, anon_1.customers_created_at AS anon_1_customers_created_at, anon_1.customers_updated_at AS anon_1_customers_updated_at, anon_1.customers_notes AS anon_1_customers_notes, anon_1.customers_source AS anon_1_customers_source, addresses_1.id AS addresses_1_id, addresses_1.customer_id AS addresses_1_customer_id, addresses_1.city AS addresses_1_city, addresses_1.state AS addresses_1_state, addresses_1.pincode AS addresses_1_pincode 
FROM (SELECT customers.id AS customers_id, customers.name AS customers_name, customers.age AS customers_age, customers.gender AS customers_gender, customers.date_of_birth AS customers_date_of_birth, customers.email AS customers_email, customers.phone AS customers_phone, customers.alternate_phone AS customers_alternate_phone, customers.company AS customers_company, customers.job_title AS customers_job_title, customers.experience_years AS customers_experience_years, customers.customer_type AS customers_customer_type, customers.status AS customers_status, customers.created_at AS customers_created_at, customers.updated_at AS customers_updated_at, customers.notes AS customers_notes, customers.source AS customers_source 
FROM customers 
 LIMIT %(param_1)s OFFSET %(param_2)s) AS anon_1 LEFT OUTER JOIN addresses AS addresses_1 ON anon_1.customers_id = addresses_1.customer_id]
[parameters: {'param_1': 5, 'param_2': 0}]
(Background on this error at: https://sqlalche.me/e/20/f405)
2026-04-23 15:31:37,838 | INFO | app_logger | 7e436efa-f888-4ee1-bf18-e2fea1c4ae80 | User count | total=1
2026-04-23 15:31:37,841 | INFO | app_logger | N/A | Response status: 200
2026-04-23 15:31:37,855 | INFO | app_logger | N/A | Response status: 200
2026-04-23 15:31:37,856 | ERROR | app_logger | e8dd296c-6c0f-4580-9f88-ed1d27e8a9eb | Failed to fetch customers | Status Code: 500
2026-04-23 15:31:37,868 | INFO | app_logger | N/A | Response status: 500
2026-04-23 15:31:38,068 | INFO | app_logger | N/A | GET http://localhost:8000/auth/users
2026-04-23 15:31:38,069 | INFO | app_logger | N/A | GET http://localhost:8000/customers/?page=1&limit=5
2026-04-23 15:31:38,072 | INFO | app_logger | N/A | GET http://localhost:8000/auth/users/count
2026-04-23 15:31:38,092 | INFO | app_logger | f2477670-7d15-4a80-988b-b57d3e06f7aa | Fetch users API called
2026-04-23 15:31:38,092 | INFO | app_logger | 02ee8040-2a04-43f5-9e73-83cbbe7c8d60 | Fetch customers | user=shree@gmail.com | page=1 limit=5
2026-04-23 15:31:38,092 | INFO | app_logger | 68fc51d3-c7a9-4fa4-b01a-20d38c8dfa70 | User count API called
2026-04-23 15:31:38,094 | INFO | app_logger | f2477670-7d15-4a80-988b-b57d3e06f7aa | Fetch users | skip=0 limit=10
2026-04-23 15:31:38,094 | INFO | app_logger | 02ee8040-2a04-43f5-9e73-83cbbe7c8d60 | Fetch customers | page=1 limit=5
2026-04-23 15:31:38,111 | INFO | app_logger | 68fc51d3-c7a9-4fa4-b01a-20d38c8dfa70 | User count | total=1
2026-04-23 15:31:38,114 | INFO | app_logger | N/A | Response status: 200
2026-04-23 15:31:38,127 | ERROR | app_logger | 02ee8040-2a04-43f5-9e73-83cbbe7c8d60 | Fetch customers failed
Traceback (most recent call last):
  File "C:\Users\User\Desktop\customer_api\env\Lib\site-packages\sqlalchemy\engine\base.py", line 1967, in _exec_single_context
    self.dialect.do_execute(
  File "C:\Users\User\Desktop\customer_api\env\Lib\site-packages\sqlalchemy\engine\default.py", line 952, in do_execute
    cursor.execute(statement, parameters)
psycopg2.errors.UndefinedTable: relation "customers" does not exist
LINE 3: FROM customers 
             ^


The above exception was the direct cause of the following exception:

Traceback (most recent call last):
  File "C:\Users\User\Desktop\customer_api\backend\services\customer_service.py", line 169, in get_all_customers
    .all()
     ^^^^^
  File "C:\Users\User\Desktop\customer_api\env\Lib\site-packages\sqlalchemy\orm\query.py", line 2711, in all
    return self._iter().all()  # type: ignore
           ^^^^^^^^^^^^
  File "C:\Users\User\Desktop\customer_api\env\Lib\site-packages\sqlalchemy\orm\query.py", line 2864, in _iter
    result: Union[ScalarResult[_T], Result[_T]] = self.session.execute(
                                                  ^^^^^^^^^^^^^^^^^^^^^
  File "C:\Users\User\Desktop\customer_api\env\Lib\site-packages\sqlalchemy\orm\session.py", line 2351, in execute
    return self._execute_internal(
           ^^^^^^^^^^^^^^^^^^^^^^^
  File "C:\Users\User\Desktop\customer_api\env\Lib\site-packages\sqlalchemy\orm\session.py", line 2249, in _execute_internal
    result: Result[Any] = compile_state_cls.orm_execute_statement(
                          ^^^^^^^^^^^^^^^^^^^^^^^^^^^^^^^^^^^^^^^^
  File "C:\Users\User\Desktop\customer_api\env\Lib\site-packages\sqlalchemy\orm\context.py", line 306, in orm_execute_statement
    result = conn.execute(
             ^^^^^^^^^^^^^
  File "C:\Users\User\Desktop\customer_api\env\Lib\site-packages\sqlalchemy\engine\base.py", line 1419, in execute
    return meth(
           ^^^^^
  File "C:\Users\User\Desktop\customer_api\env\Lib\site-packages\sqlalchemy\sql\elements.py", line 527, in _execute_on_connection
    return connection._execute_clauseelement(
           ^^^^^^^^^^^^^^^^^^^^^^^^^^^^^^^^^^
  File "C:\Users\User\Desktop\customer_api\env\Lib\site-packages\sqlalchemy\engine\base.py", line 1641, in _execute_clauseelement
    ret = self._execute_context(
          ^^^^^^^^^^^^^^^^^^^^^^
  File "C:\Users\User\Desktop\customer_api\env\Lib\site-packages\sqlalchemy\engine\base.py", line 1846, in _execute_context
    return self._exec_single_context(
           ^^^^^^^^^^^^^^^^^^^^^^^^^^
  File "C:\Users\User\Desktop\customer_api\env\Lib\site-packages\sqlalchemy\engine\base.py", line 1986, in _exec_single_context
    self._handle_dbapi_exception(
  File "C:\Users\User\Desktop\customer_api\env\Lib\site-packages\sqlalchemy\engine\base.py", line 2363, in _handle_dbapi_exception
    raise sqlalchemy_exception.with_traceback(exc_info[2]) from e
  File "C:\Users\User\Desktop\customer_api\env\Lib\site-packages\sqlalchemy\engine\base.py", line 1967, in _exec_single_context
    self.dialect.do_execute(
  File "C:\Users\User\Desktop\customer_api\env\Lib\site-packages\sqlalchemy\engine\default.py", line 952, in do_execute
    cursor.execute(statement, parameters)
sqlalchemy.exc.ProgrammingError: (psycopg2.errors.UndefinedTable) relation "customers" does not exist
LINE 3: FROM customers 
             ^

[SQL: SELECT anon_1.customers_id AS anon_1_customers_id, anon_1.customers_name AS anon_1_customers_name, anon_1.customers_age AS anon_1_customers_age, anon_1.customers_gender AS anon_1_customers_gender, anon_1.customers_date_of_birth AS anon_1_customers_date_of_birth, anon_1.customers_email AS anon_1_customers_email, anon_1.customers_phone AS anon_1_customers_phone, anon_1.customers_alternate_phone AS anon_1_customers_alternate_phone, anon_1.customers_company AS anon_1_customers_company, anon_1.customers_job_title AS anon_1_customers_job_title, anon_1.customers_experience_years AS anon_1_customers_experience_years, anon_1.customers_customer_type AS anon_1_customers_customer_type, anon_1.customers_status AS anon_1_customers_status, anon_1.customers_created_at AS anon_1_customers_created_at, anon_1.customers_updated_at AS anon_1_customers_updated_at, anon_1.customers_notes AS anon_1_customers_notes, anon_1.customers_source AS anon_1_customers_source, addresses_1.id AS addresses_1_id, addresses_1.customer_id AS addresses_1_customer_id, addresses_1.city AS addresses_1_city, addresses_1.state AS addresses_1_state, addresses_1.pincode AS addresses_1_pincode 
FROM (SELECT customers.id AS customers_id, customers.name AS customers_name, customers.age AS customers_age, customers.gender AS customers_gender, customers.date_of_birth AS customers_date_of_birth, customers.email AS customers_email, customers.phone AS customers_phone, customers.alternate_phone AS customers_alternate_phone, customers.company AS customers_company, customers.job_title AS customers_job_title, customers.experience_years AS customers_experience_years, customers.customer_type AS customers_customer_type, customers.status AS customers_status, customers.created_at AS customers_created_at, customers.updated_at AS customers_updated_at, customers.notes AS customers_notes, customers.source AS customers_source 
FROM customers 
 LIMIT %(param_1)s OFFSET %(param_2)s) AS anon_1 LEFT OUTER JOIN addresses AS addresses_1 ON anon_1.customers_id = addresses_1.customer_id]
[parameters: {'param_1': 5, 'param_2': 0}]
(Background on this error at: https://sqlalche.me/e/20/f405)
2026-04-23 15:31:38,152 | INFO | app_logger | N/A | Response status: 200
2026-04-23 15:31:38,159 | ERROR | app_logger | 02ee8040-2a04-43f5-9e73-83cbbe7c8d60 | Failed to fetch customers | Status Code: 500
2026-04-23 15:31:38,166 | INFO | app_logger | N/A | Response status: 500
2026-04-23 15:31:55,822 | INFO | app_logger | N/A | POST http://localhost:8000/auth/login
2026-04-23 15:31:55,829 | INFO | app_logger | 743b7592-e958-4cbe-9c42-148cf8fa40e9 | Login API called | email=shree@gmail.com
2026-04-23 15:31:55,829 | INFO | app_logger | 743b7592-e958-4cbe-9c42-148cf8fa40e9 | Login attempt | email=shree@gmail.com
2026-04-23 15:31:56,425 | WARNING | app_logger | 743b7592-e958-4cbe-9c42-148cf8fa40e9 | Invalid login | email=shree@gmail.com
2026-04-23 15:31:56,426 | ERROR | app_logger | 743b7592-e958-4cbe-9c42-148cf8fa40e9 | Invalid credentials | Status Code: 401
2026-04-23 15:31:56,429 | INFO | app_logger | N/A | Response status: 401
2026-04-23 15:32:02,730 | INFO | app_logger | N/A | POST http://localhost:8000/auth/login
2026-04-23 15:32:02,740 | INFO | app_logger | 9d6f19ee-be9c-4837-85a7-682f73663e82 | Login API called | email=shree@gmail.com
2026-04-23 15:32:02,743 | INFO | app_logger | 9d6f19ee-be9c-4837-85a7-682f73663e82 | Login attempt | email=shree@gmail.com
2026-04-23 15:32:03,350 | INFO | app_logger | 9d6f19ee-be9c-4837-85a7-682f73663e82 | Login success | email=shree@gmail.com
2026-04-23 15:32:03,354 | INFO | app_logger | N/A | Response status: 200
2026-04-23 15:32:03,364 | INFO | app_logger | N/A | GET http://localhost:8000/auth/users
2026-04-23 15:32:03,366 | INFO | app_logger | N/A | GET http://localhost:8000/customers/?page=1&limit=5
2026-04-23 15:32:03,374 | INFO | app_logger | ecc7a98e-c308-4933-a7ec-4efe1f4c6445 | Fetch users API called
2026-04-23 15:32:03,374 | INFO | app_logger | 2590d4d9-eaff-4b59-9db7-7e88087c7891 | Fetch customers | user=shree@gmail.com | page=1 limit=5
2026-04-23 15:32:03,374 | INFO | app_logger | ecc7a98e-c308-4933-a7ec-4efe1f4c6445 | Fetch users | skip=0 limit=10
2026-04-23 15:32:03,377 | INFO | app_logger | 2590d4d9-eaff-4b59-9db7-7e88087c7891 | Fetch customers | page=1 limit=5
2026-04-23 15:32:03,380 | ERROR | app_logger | 2590d4d9-eaff-4b59-9db7-7e88087c7891 | Fetch customers failed
Traceback (most recent call last):
  File "C:\Users\User\Desktop\customer_api\env\Lib\site-packages\sqlalchemy\engine\base.py", line 1967, in _exec_single_context
    self.dialect.do_execute(
  File "C:\Users\User\Desktop\customer_api\env\Lib\site-packages\sqlalchemy\engine\default.py", line 952, in do_execute
    cursor.execute(statement, parameters)
psycopg2.errors.UndefinedTable: relation "customers" does not exist
LINE 3: FROM customers 
             ^


The above exception was the direct cause of the following exception:

Traceback (most recent call last):
  File "C:\Users\User\Desktop\customer_api\backend\services\customer_service.py", line 169, in get_all_customers
    .all()
     ^^^^^
  File "C:\Users\User\Desktop\customer_api\env\Lib\site-packages\sqlalchemy\orm\query.py", line 2711, in all
    return self._iter().all()  # type: ignore
           ^^^^^^^^^^^^
  File "C:\Users\User\Desktop\customer_api\env\Lib\site-packages\sqlalchemy\orm\query.py", line 2864, in _iter
    result: Union[ScalarResult[_T], Result[_T]] = self.session.execute(
                                                  ^^^^^^^^^^^^^^^^^^^^^
  File "C:\Users\User\Desktop\customer_api\env\Lib\site-packages\sqlalchemy\orm\session.py", line 2351, in execute
    return self._execute_internal(
           ^^^^^^^^^^^^^^^^^^^^^^^
  File "C:\Users\User\Desktop\customer_api\env\Lib\site-packages\sqlalchemy\orm\session.py", line 2249, in _execute_internal
    result: Result[Any] = compile_state_cls.orm_execute_statement(
                          ^^^^^^^^^^^^^^^^^^^^^^^^^^^^^^^^^^^^^^^^
  File "C:\Users\User\Desktop\customer_api\env\Lib\site-packages\sqlalchemy\orm\context.py", line 306, in orm_execute_statement
    result = conn.execute(
             ^^^^^^^^^^^^^
  File "C:\Users\User\Desktop\customer_api\env\Lib\site-packages\sqlalchemy\engine\base.py", line 1419, in execute
    return meth(
           ^^^^^
  File "C:\Users\User\Desktop\customer_api\env\Lib\site-packages\sqlalchemy\sql\elements.py", line 527, in _execute_on_connection
    return connection._execute_clauseelement(
           ^^^^^^^^^^^^^^^^^^^^^^^^^^^^^^^^^^
  File "C:\Users\User\Desktop\customer_api\env\Lib\site-packages\sqlalchemy\engine\base.py", line 1641, in _execute_clauseelement
    ret = self._execute_context(
          ^^^^^^^^^^^^^^^^^^^^^^
  File "C:\Users\User\Desktop\customer_api\env\Lib\site-packages\sqlalchemy\engine\base.py", line 1846, in _execute_context
    return self._exec_single_context(
           ^^^^^^^^^^^^^^^^^^^^^^^^^^
  File "C:\Users\User\Desktop\customer_api\env\Lib\site-packages\sqlalchemy\engine\base.py", line 1986, in _exec_single_context
    self._handle_dbapi_exception(
  File "C:\Users\User\Desktop\customer_api\env\Lib\site-packages\sqlalchemy\engine\base.py", line 2363, in _handle_dbapi_exception
    raise sqlalchemy_exception.with_traceback(exc_info[2]) from e
  File "C:\Users\User\Desktop\customer_api\env\Lib\site-packages\sqlalchemy\engine\base.py", line 1967, in _exec_single_context
    self.dialect.do_execute(
  File "C:\Users\User\Desktop\customer_api\env\Lib\site-packages\sqlalchemy\engine\default.py", line 952, in do_execute
    cursor.execute(statement, parameters)
sqlalchemy.exc.ProgrammingError: (psycopg2.errors.UndefinedTable) relation "customers" does not exist
LINE 3: FROM customers 
             ^

[SQL: SELECT anon_1.customers_id AS anon_1_customers_id, anon_1.customers_name AS anon_1_customers_name, anon_1.customers_age AS anon_1_customers_age, anon_1.customers_gender AS anon_1_customers_gender, anon_1.customers_date_of_birth AS anon_1_customers_date_of_birth, anon_1.customers_email AS anon_1_customers_email, anon_1.customers_phone AS anon_1_customers_phone, anon_1.customers_alternate_phone AS anon_1_customers_alternate_phone, anon_1.customers_company AS anon_1_customers_company, anon_1.customers_job_title AS anon_1_customers_job_title, anon_1.customers_experience_years AS anon_1_customers_experience_years, anon_1.customers_customer_type AS anon_1_customers_customer_type, anon_1.customers_status AS anon_1_customers_status, anon_1.customers_created_at AS anon_1_customers_created_at, anon_1.customers_updated_at AS anon_1_customers_updated_at, anon_1.customers_notes AS anon_1_customers_notes, anon_1.customers_source AS anon_1_customers_source, addresses_1.id AS addresses_1_id, addresses_1.customer_id AS addresses_1_customer_id, addresses_1.city AS addresses_1_city, addresses_1.state AS addresses_1_state, addresses_1.pincode AS addresses_1_pincode 
FROM (SELECT customers.id AS customers_id, customers.name AS customers_name, customers.age AS customers_age, customers.gender AS customers_gender, customers.date_of_birth AS customers_date_of_birth, customers.email AS customers_email, customers.phone AS customers_phone, customers.alternate_phone AS customers_alternate_phone, customers.company AS customers_company, customers.job_title AS customers_job_title, customers.experience_years AS customers_experience_years, customers.customer_type AS customers_customer_type, customers.status AS customers_status, customers.created_at AS customers_created_at, customers.updated_at AS customers_updated_at, customers.notes AS customers_notes, customers.source AS customers_source 
FROM customers 
 LIMIT %(param_1)s OFFSET %(param_2)s) AS anon_1 LEFT OUTER JOIN addresses AS addresses_1 ON anon_1.customers_id = addresses_1.customer_id]
[parameters: {'param_1': 5, 'param_2': 0}]
(Background on this error at: https://sqlalche.me/e/20/f405)
2026-04-23 15:32:03,380 | INFO | app_logger | N/A | Response status: 200
2026-04-23 15:32:03,390 | ERROR | app_logger | 2590d4d9-eaff-4b59-9db7-7e88087c7891 | Failed to fetch customers | Status Code: 500
2026-04-23 15:32:03,393 | INFO | app_logger | N/A | GET http://localhost:8000/auth/users/count
2026-04-23 15:32:03,396 | INFO | app_logger | N/A | Response status: 500
2026-04-23 15:32:03,404 | INFO | app_logger | b8aa739f-1627-4dac-8abf-972bd504b0d8 | User count API called
2026-04-23 15:32:03,404 | INFO | app_logger | b8aa739f-1627-4dac-8abf-972bd504b0d8 | User count | total=1
2026-04-23 15:32:03,410 | INFO | app_logger | N/A | Response status: 200
2026-04-23 15:32:05,388 | INFO | app_logger | N/A | GET http://localhost:8000/auth/users
2026-04-23 15:32:05,393 | INFO | app_logger | N/A | GET http://localhost:8000/customers/?page=1&limit=5
2026-04-23 15:32:05,397 | INFO | app_logger | N/A | GET http://localhost:8000/auth/users/count
2026-04-23 15:32:05,422 | INFO | app_logger | N/A | Response status: 429
2026-04-23 15:32:05,428 | INFO | app_logger | N/A | Response status: 429
2026-04-23 15:32:05,432 | INFO | app_logger | N/A | Response status: 429
2026-04-23 15:32:05,963 | INFO | app_logger | N/A | GET http://localhost:8000/auth/users
2026-04-23 15:32:05,967 | INFO | app_logger | N/A | GET http://localhost:8000/customers/?page=1&limit=5
2026-04-23 15:32:05,967 | INFO | app_logger | N/A | GET http://localhost:8000/auth/users/count
2026-04-23 15:32:05,983 | INFO | app_logger | N/A | Response status: 429
2026-04-23 15:32:05,985 | INFO | app_logger | N/A | Response status: 429
2026-04-23 15:32:05,992 | INFO | app_logger | N/A | Response status: 429
2026-04-23 15:32:06,149 | INFO | app_logger | N/A | GET http://localhost:8000/auth/users
2026-04-23 15:32:06,152 | INFO | app_logger | N/A | GET http://localhost:8000/customers/?page=1&limit=5
2026-04-23 15:32:06,160 | INFO | app_logger | N/A | GET http://localhost:8000/auth/users/count
2026-04-23 15:32:06,192 | INFO | app_logger | N/A | Response status: 429
2026-04-23 15:32:06,216 | INFO | app_logger | N/A | Response status: 429
2026-04-23 15:32:06,247 | INFO | app_logger | N/A | Response status: 429
2026-04-23 15:32:06,619 | INFO | app_logger | N/A | GET http://localhost:8000/auth/users
2026-04-23 15:32:06,621 | INFO | app_logger | N/A | GET http://localhost:8000/customers/?page=1&limit=5
2026-04-23 15:32:06,622 | INFO | app_logger | N/A | GET http://localhost:8000/auth/users/count
2026-04-23 15:32:06,634 | INFO | app_logger | N/A | Response status: 429
2026-04-23 15:32:06,634 | INFO | app_logger | N/A | Response status: 429
2026-04-23 15:32:06,642 | INFO | app_logger | N/A | Response status: 429
2026-04-23 15:32:06,802 | INFO | app_logger | N/A | GET http://localhost:8000/auth/users
2026-04-23 15:32:06,804 | INFO | app_logger | N/A | GET http://localhost:8000/customers/?page=1&limit=5
2026-04-23 15:32:06,810 | INFO | app_logger | N/A | GET http://localhost:8000/auth/users/count
2026-04-23 15:32:06,832 | INFO | app_logger | N/A | Response status: 429
2026-04-23 15:32:06,837 | INFO | app_logger | N/A | Response status: 429
2026-04-23 15:32:06,839 | INFO | app_logger | N/A | Response status: 429
2026-04-23 15:33:23,762 | INFO | app_logger | N/A | POST http://localhost:8000/customers/
2026-04-23 15:33:23,782 | INFO | app_logger | cdb88443-275c-450e-8717-7cadaa29bb2d | Create customer | user=shree@gmail.com | email=abc@gmail.com
2026-04-23 15:33:23,786 | INFO | app_logger | cdb88443-275c-450e-8717-7cadaa29bb2d | Create customer | email=abc@gmail.com
2026-04-23 15:33:23,793 | ERROR | app_logger | cdb88443-275c-450e-8717-7cadaa29bb2d | Create customer failed
Traceback (most recent call last):
  File "C:\Users\User\Desktop\customer_api\env\Lib\site-packages\sqlalchemy\engine\base.py", line 1967, in _exec_single_context
    self.dialect.do_execute(
  File "C:\Users\User\Desktop\customer_api\env\Lib\site-packages\sqlalchemy\engine\default.py", line 952, in do_execute
    cursor.execute(statement, parameters)
psycopg2.errors.UndefinedTable: relation "customers" does not exist
LINE 2: FROM customers 
             ^


The above exception was the direct cause of the following exception:

Traceback (most recent call last):
  File "C:\Users\User\Desktop\customer_api\backend\services\customer_service.py", line 102, in create_customer
    existing = db.query(Customer).filter(Customer.email == email).first()
               ^^^^^^^^^^^^^^^^^^^^^^^^^^^^^^^^^^^^^^^^^^^^^^^^^^^^^^^^^^
  File "C:\Users\User\Desktop\customer_api\env\Lib\site-packages\sqlalchemy\orm\query.py", line 2766, in first
    return self.limit(1)._iter().first()  # type: ignore
           ^^^^^^^^^^^^^^^^^^^^^
  File "C:\Users\User\Desktop\customer_api\env\Lib\site-packages\sqlalchemy\orm\query.py", line 2864, in _iter
    result: Union[ScalarResult[_T], Result[_T]] = self.session.execute(
                                                  ^^^^^^^^^^^^^^^^^^^^^
  File "C:\Users\User\Desktop\customer_api\env\Lib\site-packages\sqlalchemy\orm\session.py", line 2351, in execute
    return self._execute_internal(
           ^^^^^^^^^^^^^^^^^^^^^^^
  File "C:\Users\User\Desktop\customer_api\env\Lib\site-packages\sqlalchemy\orm\session.py", line 2249, in _execute_internal
    result: Result[Any] = compile_state_cls.orm_execute_statement(
                          ^^^^^^^^^^^^^^^^^^^^^^^^^^^^^^^^^^^^^^^^
  File "C:\Users\User\Desktop\customer_api\env\Lib\site-packages\sqlalchemy\orm\context.py", line 306, in orm_execute_statement
    result = conn.execute(
             ^^^^^^^^^^^^^
  File "C:\Users\User\Desktop\customer_api\env\Lib\site-packages\sqlalchemy\engine\base.py", line 1419, in execute
    return meth(
           ^^^^^
  File "C:\Users\User\Desktop\customer_api\env\Lib\site-packages\sqlalchemy\sql\elements.py", line 527, in _execute_on_connection
    return connection._execute_clauseelement(
           ^^^^^^^^^^^^^^^^^^^^^^^^^^^^^^^^^^
  File "C:\Users\User\Desktop\customer_api\env\Lib\site-packages\sqlalchemy\engine\base.py", line 1641, in _execute_clauseelement
    ret = self._execute_context(
          ^^^^^^^^^^^^^^^^^^^^^^
  File "C:\Users\User\Desktop\customer_api\env\Lib\site-packages\sqlalchemy\engine\base.py", line 1846, in _execute_context
    return self._exec_single_context(
           ^^^^^^^^^^^^^^^^^^^^^^^^^^
  File "C:\Users\User\Desktop\customer_api\env\Lib\site-packages\sqlalchemy\engine\base.py", line 1986, in _exec_single_context
    self._handle_dbapi_exception(
  File "C:\Users\User\Desktop\customer_api\env\Lib\site-packages\sqlalchemy\engine\base.py", line 2363, in _handle_dbapi_exception
    raise sqlalchemy_exception.with_traceback(exc_info[2]) from e
  File "C:\Users\User\Desktop\customer_api\env\Lib\site-packages\sqlalchemy\engine\base.py", line 1967, in _exec_single_context
    self.dialect.do_execute(
  File "C:\Users\User\Desktop\customer_api\env\Lib\site-packages\sqlalchemy\engine\default.py", line 952, in do_execute
    cursor.execute(statement, parameters)
sqlalchemy.exc.ProgrammingError: (psycopg2.errors.UndefinedTable) relation "customers" does not exist
LINE 2: FROM customers 
             ^

[SQL: SELECT customers.id AS customers_id, customers.name AS customers_name, customers.age AS customers_age, customers.gender AS customers_gender, customers.date_of_birth AS customers_date_of_birth, customers.email AS customers_email, customers.phone AS customers_phone, customers.alternate_phone AS customers_alternate_phone, customers.company AS customers_company, customers.job_title AS customers_job_title, customers.experience_years AS customers_experience_years, customers.customer_type AS customers_customer_type, customers.status AS customers_status, customers.created_at AS customers_created_at, customers.updated_at AS customers_updated_at, customers.notes AS customers_notes, customers.source AS customers_source 
FROM customers 
WHERE customers.email = %(email_1)s 
 LIMIT %(param_1)s]
[parameters: {'email_1': 'abc@gmail.com', 'param_1': 1}]
(Background on this error at: https://sqlalche.me/e/20/f405)
2026-04-23 15:33:23,805 | ERROR | app_logger | cdb88443-275c-450e-8717-7cadaa29bb2d | Failed to create customer | Status Code: 500
2026-04-23 15:33:23,807 | INFO | app_logger | N/A | Response status: 500
2026-04-23 15:34:43,997 | INFO | app_logger | N/A | Application started successfully
2026-04-23 15:34:47,676 | INFO | app_logger | N/A | GET http://localhost:8000/auth/users
2026-04-23 15:34:47,679 | INFO | app_logger | N/A | GET http://localhost:8000/customers/?page=1&limit=5
2026-04-23 15:34:47,681 | INFO | app_logger | N/A | GET http://localhost:8000/auth/users/count
2026-04-23 15:34:47,713 | INFO | app_logger | 63674b9b-6a5d-4bca-8298-dd0faabaea31 | User count API called
2026-04-23 15:34:47,716 | INFO | app_logger | 42621691-1211-4d3b-9c89-1bf63a62166f | Fetch users API called
2026-04-23 15:34:47,716 | INFO | app_logger | b1622344-8122-466e-8443-074ff22beb63 | Fetch customers | user=shree@gmail.com | page=1 limit=5
2026-04-23 15:34:47,738 | INFO | app_logger | 42621691-1211-4d3b-9c89-1bf63a62166f | Fetch users | skip=0 limit=10
2026-04-23 15:34:47,740 | INFO | app_logger | b1622344-8122-466e-8443-074ff22beb63 | Fetch customers | page=1 limit=5
2026-04-23 15:34:47,743 | INFO | app_logger | 63674b9b-6a5d-4bca-8298-dd0faabaea31 | User count | total=1
2026-04-23 15:34:47,751 | INFO | app_logger | N/A | Response status: 200
2026-04-23 15:34:47,874 | INFO | app_logger | N/A | Response status: 200
2026-04-23 15:34:47,891 | INFO | app_logger | N/A | Response status: 200
2026-04-23 15:35:38,119 | INFO | app_logger | N/A | POST http://localhost:8000/customers/
2026-04-23 15:35:38,129 | INFO | app_logger | fffae362-debb-4839-9f62-225e93fc2cf9 | Create customer | user=shree@gmail.com | email=shree@gmail.com
2026-04-23 15:35:38,134 | INFO | app_logger | fffae362-debb-4839-9f62-225e93fc2cf9 | Create customer | email=shree@gmail.com
2026-04-23 15:35:38,146 | ERROR | app_logger | fffae362-debb-4839-9f62-225e93fc2cf9 | Create customer failed
Traceback (most recent call last):
  File "C:\Users\User\Desktop\customer_api\backend\services\customer_service.py", line 106, in create_customer
    new_customer = Customer(
                   ^^^^^^^^^
TypeError: models.customer.Customer() got multiple values for keyword argument 'email'
2026-04-23 15:35:38,150 | ERROR | app_logger | fffae362-debb-4839-9f62-225e93fc2cf9 | Failed to create customer | Status Code: 500
2026-04-23 15:35:38,151 | INFO | app_logger | N/A | Response status: 500
2026-04-23 15:36:04,603 | INFO | app_logger | N/A | POST http://localhost:8000/customers/
2026-04-23 15:36:04,610 | INFO | app_logger | 4185b7c6-1900-45e5-bc32-7ddf5f3ef9ce | Create customer | user=shree@gmail.com | email=shree1@gmail.com
2026-04-23 15:36:04,611 | INFO | app_logger | 4185b7c6-1900-45e5-bc32-7ddf5f3ef9ce | Create customer | email=shree1@gmail.com
2026-04-23 15:36:04,619 | ERROR | app_logger | 4185b7c6-1900-45e5-bc32-7ddf5f3ef9ce | Create customer failed
Traceback (most recent call last):
  File "C:\Users\User\Desktop\customer_api\backend\services\customer_service.py", line 106, in create_customer
    new_customer = Customer(
                   ^^^^^^^^^
TypeError: models.customer.Customer() got multiple values for keyword argument 'email'
2026-04-23 15:36:04,622 | ERROR | app_logger | 4185b7c6-1900-45e5-bc32-7ddf5f3ef9ce | Failed to create customer | Status Code: 500
2026-04-23 15:36:04,625 | INFO | app_logger | N/A | Response status: 500
2026-04-23 15:38:39,932 | INFO | app_logger | N/A | Application started successfully
2026-04-23 15:38:50,161 | INFO | app_logger | N/A | Application started successfully
2026-04-23 15:39:16,517 | INFO | app_logger | N/A | Application started successfully
2026-04-23 15:40:05,056 | INFO | app_logger | N/A | GET http://localhost:8000/auth/users
2026-04-23 15:40:05,065 | INFO | app_logger | N/A | GET http://localhost:8000/auth/users/count
2026-04-23 15:40:05,068 | INFO | app_logger | N/A | GET http://localhost:8000/customers/?page=1&limit=5
2026-04-23 15:40:05,100 | INFO | app_logger | 75418b01-3465-46c4-bd1b-5ac3441285bd | Fetch customers | user=shree@gmail.com | page=1 limit=5
2026-04-23 15:40:05,100 | INFO | app_logger | 2de20e9f-26e2-4361-8082-e661e289a21c | User count API called
2026-04-23 15:40:05,100 | INFO | app_logger | 78d7be2a-bc98-400d-a54d-a67472e24c95 | Fetch users API called
2026-04-23 15:40:05,102 | INFO | app_logger | 75418b01-3465-46c4-bd1b-5ac3441285bd | Fetch customers | page=1 limit=5
2026-04-23 15:40:05,138 | INFO | app_logger | 78d7be2a-bc98-400d-a54d-a67472e24c95 | Fetch users | skip=0 limit=10
2026-04-23 15:40:05,142 | INFO | app_logger | 2de20e9f-26e2-4361-8082-e661e289a21c | User count | total=1
2026-04-23 15:40:05,148 | INFO | app_logger | N/A | Response status: 200
2026-04-23 15:40:05,271 | INFO | app_logger | N/A | Response status: 200
2026-04-23 15:40:05,275 | INFO | app_logger | N/A | Response status: 200
2026-04-23 15:40:05,613 | INFO | app_logger | N/A | GET http://localhost:8000/auth/users
2026-04-23 15:40:05,613 | INFO | app_logger | N/A | GET http://localhost:8000/customers/?page=1&limit=5
2026-04-23 15:40:05,615 | INFO | app_logger | N/A | GET http://localhost:8000/auth/users/count
2026-04-23 15:40:05,619 | INFO | app_logger | f8075818-cdb2-4cf9-ad4e-16e057204f6f | Fetch users API called
2026-04-23 15:40:05,619 | INFO | app_logger | a8c5fc27-8e1e-41c6-a13d-a49d21c262a1 | Fetch customers | user=shree@gmail.com | page=1 limit=5
2026-04-23 15:40:05,619 | INFO | app_logger | f8075818-cdb2-4cf9-ad4e-16e057204f6f | Fetch users | skip=0 limit=10
2026-04-23 15:40:05,621 | INFO | app_logger | a8c5fc27-8e1e-41c6-a13d-a49d21c262a1 | Fetch customers | page=1 limit=5
2026-04-23 15:40:05,635 | INFO | app_logger | N/A | Response status: 200
2026-04-23 15:40:05,635 | INFO | app_logger | d3172e91-f8c4-4ef9-bffb-39cffb421ea7 | User count API called
2026-04-23 15:40:05,640 | INFO | app_logger | N/A | Response status: 200
2026-04-23 15:40:05,642 | INFO | app_logger | d3172e91-f8c4-4ef9-bffb-39cffb421ea7 | User count | total=1
2026-04-23 15:40:05,653 | INFO | app_logger | N/A | Response status: 200
2026-04-23 15:40:05,764 | INFO | app_logger | N/A | GET http://localhost:8000/auth/users
2026-04-23 15:40:05,765 | INFO | app_logger | N/A | GET http://localhost:8000/auth/users/count
2026-04-23 15:40:05,767 | INFO | app_logger | N/A | GET http://localhost:8000/customers/?page=1&limit=5
2026-04-23 15:40:05,776 | INFO | app_logger | 731bc246-cbc3-4bd3-8cae-9125dacefb2c | Fetch customers | user=shree@gmail.com | page=1 limit=5
2026-04-23 15:40:05,776 | INFO | app_logger | bfa98b3c-fbfc-4f1e-aa85-1a4e170d38f7 | Fetch users API called
2026-04-23 15:40:05,776 | INFO | app_logger | 3d056361-2b36-4018-9ac7-128b779f63d8 | User count API called
2026-04-23 15:40:05,776 | INFO | app_logger | 731bc246-cbc3-4bd3-8cae-9125dacefb2c | Fetch customers | page=1 limit=5
2026-04-23 15:40:05,776 | INFO | app_logger | bfa98b3c-fbfc-4f1e-aa85-1a4e170d38f7 | Fetch users | skip=0 limit=10
2026-04-23 15:40:05,782 | INFO | app_logger | 3d056361-2b36-4018-9ac7-128b779f63d8 | User count | total=1
2026-04-23 15:40:05,788 | INFO | app_logger | N/A | Response status: 200
2026-04-23 15:40:05,793 | INFO | app_logger | N/A | Response status: 200
2026-04-23 15:40:05,794 | INFO | app_logger | N/A | Response status: 200
2026-04-23 15:40:05,958 | INFO | app_logger | N/A | GET http://localhost:8000/auth/users
2026-04-23 15:40:05,960 | INFO | app_logger | N/A | GET http://localhost:8000/auth/users/count
2026-04-23 15:40:05,961 | INFO | app_logger | N/A | GET http://localhost:8000/customers/?page=1&limit=5
2026-04-23 15:40:05,972 | INFO | app_logger | 3fa25dc6-d9bf-4080-94bb-a76127f084d5 | Fetch customers | user=shree@gmail.com | page=1 limit=5
2026-04-23 15:40:05,972 | INFO | app_logger | b3009f98-558e-4add-a657-71ca7cf29bba | Fetch users API called
2026-04-23 15:40:05,972 | INFO | app_logger | 5901d27c-598b-4d4d-879e-ecf797742fd5 | User count API called
2026-04-23 15:40:05,976 | INFO | app_logger | 3fa25dc6-d9bf-4080-94bb-a76127f084d5 | Fetch customers | page=1 limit=5
2026-04-23 15:40:05,978 | INFO | app_logger | b3009f98-558e-4add-a657-71ca7cf29bba | Fetch users | skip=0 limit=10
2026-04-23 15:40:05,984 | INFO | app_logger | 5901d27c-598b-4d4d-879e-ecf797742fd5 | User count | total=1
2026-04-23 15:40:05,988 | INFO | app_logger | N/A | Response status: 200
2026-04-23 15:40:05,993 | INFO | app_logger | N/A | Response status: 200
2026-04-23 15:40:05,993 | INFO | app_logger | N/A | Response status: 200
2026-04-23 15:40:06,347 | INFO | app_logger | N/A | GET http://localhost:8000/auth/users
2026-04-23 15:40:06,350 | INFO | app_logger | N/A | GET http://localhost:8000/customers/?page=1&limit=5
2026-04-23 15:40:06,350 | INFO | app_logger | N/A | GET http://localhost:8000/auth/users/count
2026-04-23 15:40:06,367 | INFO | app_logger | da9db7f2-f47f-4c2f-9c1d-b99bf4809366 | Fetch customers | user=shree@gmail.com | page=1 limit=5
2026-04-23 15:40:06,367 | INFO | app_logger | e5ad77b5-7128-43e9-b986-2bb886352e67 | User count API called
2026-04-23 15:40:06,367 | INFO | app_logger | 4cf8029f-5e6a-4e93-b6fe-2dcd0a8aecfe | Fetch users API called
2026-04-23 15:40:06,369 | INFO | app_logger | da9db7f2-f47f-4c2f-9c1d-b99bf4809366 | Fetch customers | page=1 limit=5
2026-04-23 15:40:06,372 | INFO | app_logger | e5ad77b5-7128-43e9-b986-2bb886352e67 | User count | total=1
2026-04-23 15:40:06,372 | INFO | app_logger | 4cf8029f-5e6a-4e93-b6fe-2dcd0a8aecfe | Fetch users | skip=0 limit=10
2026-04-23 15:40:06,377 | INFO | app_logger | N/A | Response status: 200
2026-04-23 15:40:06,385 | INFO | app_logger | N/A | Response status: 200
2026-04-23 15:40:06,385 | INFO | app_logger | N/A | Response status: 200
2026-04-23 15:40:06,472 | INFO | app_logger | N/A | GET http://localhost:8000/auth/users
2026-04-23 15:40:06,472 | INFO | app_logger | N/A | GET http://localhost:8000/auth/users/count
2026-04-23 15:40:06,472 | INFO | app_logger | N/A | GET http://localhost:8000/customers/?page=1&limit=5
2026-04-23 15:40:06,483 | INFO | app_logger | f6467252-7c89-4903-9236-020fa0afcd62 | Fetch users API called
2026-04-23 15:40:06,483 | INFO | app_logger | ae70106e-b076-48b8-b350-f026dbb3b3da | User count API called
2026-04-23 15:40:06,484 | INFO | app_logger | 68618e61-7630-4877-b7f5-d127fd17ba5b | Fetch customers | user=shree@gmail.com | page=1 limit=5
2026-04-23 15:40:06,485 | INFO | app_logger | f6467252-7c89-4903-9236-020fa0afcd62 | Fetch users | skip=0 limit=10
2026-04-23 15:40:06,488 | INFO | app_logger | ae70106e-b076-48b8-b350-f026dbb3b3da | User count | total=1
2026-04-23 15:40:06,488 | INFO | app_logger | 68618e61-7630-4877-b7f5-d127fd17ba5b | Fetch customers | page=1 limit=5
2026-04-23 15:40:06,493 | INFO | app_logger | N/A | Response status: 200
2026-04-23 15:40:06,496 | INFO | app_logger | N/A | Response status: 200
2026-04-23 15:40:06,505 | INFO | app_logger | N/A | Response status: 200
2026-04-23 15:40:06,695 | INFO | app_logger | N/A | GET http://localhost:8000/auth/users
2026-04-23 15:40:06,697 | INFO | app_logger | N/A | GET http://localhost:8000/customers/?page=1&limit=5
2026-04-23 15:40:06,697 | INFO | app_logger | N/A | GET http://localhost:8000/auth/users/count
2026-04-23 15:40:06,717 | INFO | app_logger | e97fd839-ccdf-444b-820b-c8fbcbc6f282 | Fetch customers | user=shree@gmail.com | page=1 limit=5
2026-04-23 15:40:06,717 | INFO | app_logger | a5cffe47-ba20-432f-952f-6a44232c8563 | User count API called
2026-04-23 15:40:06,717 | INFO | app_logger | 6b2cda23-2400-438d-9fe6-edc295ad9096 | Fetch users API called
2026-04-23 15:40:06,719 | INFO | app_logger | e97fd839-ccdf-444b-820b-c8fbcbc6f282 | Fetch customers | page=1 limit=5
2026-04-23 15:40:06,722 | INFO | app_logger | 6b2cda23-2400-438d-9fe6-edc295ad9096 | Fetch users | skip=0 limit=10
2026-04-23 15:40:06,722 | INFO | app_logger | a5cffe47-ba20-432f-952f-6a44232c8563 | User count | total=1
2026-04-23 15:40:06,730 | INFO | app_logger | N/A | Response status: 200
2026-04-23 15:40:06,738 | INFO | app_logger | N/A | Response status: 200
2026-04-23 15:40:06,743 | INFO | app_logger | N/A | Response status: 200
2026-04-23 15:40:48,190 | INFO | app_logger | N/A | Application started successfully
2026-04-23 15:40:58,319 | INFO | app_logger | N/A | GET http://localhost:8000/auth/users/count
2026-04-23 15:40:58,326 | INFO | app_logger | N/A | GET http://localhost:8000/auth/users
2026-04-23 15:40:58,329 | INFO | app_logger | N/A | GET http://localhost:8000/customers/?page=1&limit=5
2026-04-23 15:40:58,394 | INFO | app_logger | aa220e7d-479e-418a-ab7b-dd9113330d8b | Fetch users API called
2026-04-23 15:40:58,394 | INFO | app_logger | 7ad46a8c-e2b0-46b4-b461-289c5bda2cb8 | Fetch customers | user=shree@gmail.com | page=1 limit=5
2026-04-23 15:40:58,395 | INFO | app_logger | 4853c100-0d02-4c75-aa38-092fa5627446 | User count API called
2026-04-23 15:40:58,396 | INFO | app_logger | aa220e7d-479e-418a-ab7b-dd9113330d8b | Fetch users | skip=0 limit=10
2026-04-23 15:40:58,398 | INFO | app_logger | 7ad46a8c-e2b0-46b4-b461-289c5bda2cb8 | Fetch customers | page=1 limit=5
2026-04-23 15:40:58,465 | INFO | app_logger | 4853c100-0d02-4c75-aa38-092fa5627446 | User count | total=1
2026-04-23 15:40:58,468 | INFO | app_logger | N/A | Response status: 200
2026-04-23 15:40:58,552 | INFO | app_logger | N/A | Response status: 200
2026-04-23 15:40:58,577 | INFO | app_logger | N/A | Response status: 200
2026-04-23 15:42:06,888 | INFO | app_logger | N/A | POST http://localhost:8000/customers/
2026-04-23 15:42:06,900 | INFO | app_logger | d4ec2a83-a6cf-4f22-b1bc-e1e75714952e | Create customer | user=shree@gmail.com | email=raghunandan@gmail.com
2026-04-23 15:42:06,901 | INFO | app_logger | d4ec2a83-a6cf-4f22-b1bc-e1e75714952e | Create customer | email=raghunandan@gmail.com
2026-04-23 15:42:06,929 | INFO | app_logger | d4ec2a83-a6cf-4f22-b1bc-e1e75714952e | Customer created | id=1
2026-04-23 15:42:06,946 | INFO | app_logger | N/A | Response status: 201
2026-04-23 15:42:06,956 | INFO | app_logger | N/A | GET http://localhost:8000/customers/?page=1&limit=5
2026-04-23 15:42:06,965 | INFO | app_logger | 2d77a841-dd75-41f9-8395-30d2d74e8244 | Fetch customers | user=shree@gmail.com | page=1 limit=5
2026-04-23 15:42:06,965 | INFO | app_logger | 2d77a841-dd75-41f9-8395-30d2d74e8244 | Fetch customers | page=1 limit=5
2026-04-23 15:42:06,970 | INFO | app_logger | N/A | Response status: 200
2026-04-23 15:42:13,919 | INFO | app_logger | N/A | GET http://localhost:8000/customers/?page=1&limit=20
2026-04-23 15:42:13,928 | INFO | app_logger | 5cabb5da-af9e-46d8-92be-5c6d9438069e | Fetch customers | user=shree@gmail.com | page=1 limit=20
2026-04-23 15:42:13,929 | INFO | app_logger | 5cabb5da-af9e-46d8-92be-5c6d9438069e | Fetch customers | page=1 limit=20
2026-04-23 15:42:13,938 | INFO | app_logger | N/A | Response status: 200
2026-04-23 15:42:29,506 | INFO | app_logger | N/A | POST http://localhost:8000/addresses/
2026-04-23 15:42:29,529 | INFO | app_logger | 353eb8b3-770d-49cf-a830-03a9ad044fd7 | Add address | customer_id=1 | user=shree@gmail.com
2026-04-23 15:42:29,529 | INFO | app_logger | 353eb8b3-770d-49cf-a830-03a9ad044fd7 | Create address | customer_id=1
2026-04-23 15:42:29,565 | INFO | app_logger | N/A | Response status: 201
2026-04-23 15:42:29,573 | INFO | app_logger | N/A | GET http://localhost:8000/customers/?page=1&limit=20
2026-04-23 15:42:29,578 | INFO | app_logger | d7ce6ba0-ff24-4183-8386-9e2b51d793ee | Fetch customers | user=shree@gmail.com | page=1 limit=20
2026-04-23 15:42:29,579 | INFO | app_logger | d7ce6ba0-ff24-4183-8386-9e2b51d793ee | Fetch customers | page=1 limit=20
2026-04-23 15:42:29,586 | INFO | app_logger | N/A | Response status: 200
2026-04-23 15:45:20,878 | INFO | app_logger | N/A | POST http://localhost:8000/customers/upload
2026-04-23 15:45:20,890 | INFO | app_logger | 52e5c68d-251b-415a-8397-33e023180388 | Customer CSV upload | user=shree@gmail.com
2026-04-23 15:45:20,912 | INFO | app_logger | 52e5c68d-251b-415a-8397-33e023180388 | CSV customers inserted | count=4
2026-04-23 15:45:20,913 | INFO | app_logger | 52e5c68d-251b-415a-8397-33e023180388 | Customers uploaded successfully | count=4
2026-04-23 15:45:20,914 | INFO | app_logger | N/A | Response status: 200
2026-04-23 15:45:22,935 | INFO | app_logger | N/A | GET http://localhost:8000/customers/?page=1&limit=20
2026-04-23 15:45:22,940 | INFO | app_logger | N/A | GET http://localhost:8000/auth/users/count
2026-04-23 15:45:22,946 | INFO | app_logger | 724b95a6-ff2e-4191-9e63-18ca97b1cad5 | User count API called
2026-04-23 15:45:22,947 | INFO | app_logger | 39a539cd-8c30-4898-a11c-741337a2d79b | Fetch customers | user=shree@gmail.com | page=1 limit=20
2026-04-23 15:45:22,952 | INFO | app_logger | 39a539cd-8c30-4898-a11c-741337a2d79b | Fetch customers | page=1 limit=20
2026-04-23 15:45:22,954 | INFO | app_logger | 724b95a6-ff2e-4191-9e63-18ca97b1cad5 | User count | total=1
2026-04-23 15:45:22,958 | INFO | app_logger | N/A | Response status: 200
2026-04-23 15:45:22,967 | INFO | app_logger | N/A | Response status: 200
2026-04-23 15:46:23,201 | INFO | app_logger | N/A | POST http://localhost:8000/customers/upload
2026-04-23 15:46:23,215 | INFO | app_logger | 658f5f65-e036-435e-8a60-bc1edf56dd7d | Customer CSV upload | user=shree@gmail.com
2026-04-23 15:46:23,218 | INFO | app_logger | 658f5f65-e036-435e-8a60-bc1edf56dd7d | CSV customers inserted | count=0
2026-04-23 15:46:23,219 | INFO | app_logger | 658f5f65-e036-435e-8a60-bc1edf56dd7d | Customers uploaded successfully | count=0
2026-04-23 15:46:23,222 | INFO | app_logger | N/A | Response status: 200
2026-04-23 15:46:25,650 | INFO | app_logger | N/A | GET http://localhost:8000/customers/?page=1&limit=20
2026-04-23 15:46:25,653 | INFO | app_logger | N/A | GET http://localhost:8000/auth/users/count
2026-04-23 15:46:25,662 | INFO | app_logger | faf258a1-bb28-437e-ad4b-c8518f47d2d5 | User count API called
2026-04-23 15:46:25,662 | INFO | app_logger | 37fd29d6-06ee-4d85-bcf6-d78d3ba4073d | Fetch customers | user=shree@gmail.com | page=1 limit=20
2026-04-23 15:46:25,665 | INFO | app_logger | 37fd29d6-06ee-4d85-bcf6-d78d3ba4073d | Fetch customers | page=1 limit=20
2026-04-23 15:46:25,665 | INFO | app_logger | faf258a1-bb28-437e-ad4b-c8518f47d2d5 | User count | total=1
2026-04-23 15:46:25,669 | INFO | app_logger | N/A | Response status: 200
2026-04-23 15:46:25,676 | INFO | app_logger | N/A | Response status: 200
2026-04-23 15:46:27,879 | INFO | app_logger | N/A | GET http://localhost:8000/auth/users
2026-04-23 15:46:27,879 | INFO | app_logger | N/A | GET http://localhost:8000/customers/?page=1&limit=5
2026-04-23 15:46:27,888 | INFO | app_logger | 7dd39eb6-7030-4e04-afad-d6f50237ca4b | Fetch users API called
2026-04-23 15:46:27,889 | INFO | app_logger | 26a963db-f526-4a0d-90bb-e07acb52ebca | Fetch customers | user=shree@gmail.com | page=1 limit=5
2026-04-23 15:46:27,890 | INFO | app_logger | 7dd39eb6-7030-4e04-afad-d6f50237ca4b | Fetch users | skip=0 limit=10
2026-04-23 15:46:27,894 | INFO | app_logger | 26a963db-f526-4a0d-90bb-e07acb52ebca | Fetch customers | page=1 limit=5
2026-04-23 15:46:27,979 | INFO | app_logger | N/A | Response status: 200
2026-04-23 15:46:27,993 | INFO | app_logger | N/A | GET http://localhost:8000/auth/users/count
2026-04-23 15:46:28,000 | INFO | app_logger | N/A | Response status: 200
2026-04-23 15:46:28,062 | INFO | app_logger | 024f7dd8-0df3-44cc-a07d-c9313d136596 | User count API called
2026-04-23 15:46:28,088 | INFO | app_logger | 024f7dd8-0df3-44cc-a07d-c9313d136596 | User count | total=1
2026-04-23 15:46:28,100 | INFO | app_logger | N/A | Response status: 200
2026-04-23 15:46:28,681 | INFO | app_logger | N/A | GET http://localhost:8000/auth/users
2026-04-23 15:46:28,682 | INFO | app_logger | N/A | GET http://localhost:8000/customers/?page=1&limit=5
2026-04-23 15:46:28,682 | INFO | app_logger | N/A | GET http://localhost:8000/auth/users/count
2026-04-23 15:46:28,690 | INFO | app_logger | f10dc653-8f1f-4cc8-97d9-3c3600efc24b | User count API called
2026-04-23 15:46:28,690 | INFO | app_logger | cf9deb19-97f2-4d24-bb3b-3f1619238f68 | Fetch users API called
2026-04-23 15:46:28,690 | INFO | app_logger | 75c3f73e-dfd8-4bf9-981c-f0db4f082aae | Fetch customers | user=shree@gmail.com | page=1 limit=5
2026-04-23 15:46:28,695 | INFO | app_logger | cf9deb19-97f2-4d24-bb3b-3f1619238f68 | Fetch users | skip=0 limit=10
2026-04-23 15:46:28,696 | INFO | app_logger | f10dc653-8f1f-4cc8-97d9-3c3600efc24b | User count | total=1
2026-04-23 15:46:28,696 | INFO | app_logger | 75c3f73e-dfd8-4bf9-981c-f0db4f082aae | Fetch customers | page=1 limit=5
2026-04-23 15:46:28,701 | INFO | app_logger | N/A | Response status: 200
2026-04-23 15:46:28,705 | INFO | app_logger | N/A | Response status: 200
2026-04-23 15:46:28,715 | INFO | app_logger | N/A | Response status: 200
2026-04-23 15:46:29,327 | INFO | app_logger | N/A | GET http://localhost:8000/auth/users
2026-04-23 15:46:29,329 | INFO | app_logger | N/A | GET http://localhost:8000/customers/?page=1&limit=5
2026-04-23 15:46:29,330 | INFO | app_logger | N/A | GET http://localhost:8000/auth/users/count
2026-04-23 15:46:29,341 | INFO | app_logger | 3e6cbff0-5cc8-439f-a830-199daf245e0c | Fetch users API called
2026-04-23 15:46:29,343 | INFO | app_logger | c675dc0b-1aab-4c43-ae9e-040feadebd6a | Fetch customers | user=shree@gmail.com | page=1 limit=5
2026-04-23 15:46:29,343 | INFO | app_logger | 25b3fd09-be71-422f-9e50-0c8bc81bd731 | User count API called
2026-04-23 15:46:29,343 | INFO | app_logger | 3e6cbff0-5cc8-439f-a830-199daf245e0c | Fetch users | skip=0 limit=10
2026-04-23 15:46:29,345 | INFO | app_logger | c675dc0b-1aab-4c43-ae9e-040feadebd6a | Fetch customers | page=1 limit=5
2026-04-23 15:46:29,347 | INFO | app_logger | 25b3fd09-be71-422f-9e50-0c8bc81bd731 | User count | total=1
2026-04-23 15:46:29,350 | INFO | app_logger | N/A | Response status: 200
2026-04-23 15:46:29,353 | INFO | app_logger | N/A | Response status: 200
2026-04-23 15:46:29,363 | INFO | app_logger | N/A | Response status: 200
2026-04-23 15:46:35,511 | INFO | app_logger | N/A | GET http://localhost:8000/customers/?page=2&limit=5
2026-04-23 15:46:35,519 | INFO | app_logger | 4277c422-cfc6-4862-95e8-f195cae65272 | Fetch customers | user=shree@gmail.com | page=2 limit=5
2026-04-23 15:46:35,519 | INFO | app_logger | 4277c422-cfc6-4862-95e8-f195cae65272 | Fetch customers | page=2 limit=5
2026-04-23 15:46:35,526 | INFO | app_logger | N/A | Response status: 200
2026-04-23 15:46:37,104 | INFO | app_logger | N/A | GET http://localhost:8000/customers/?page=1&limit=5
2026-04-23 15:46:37,117 | INFO | app_logger | fcbbff65-22cc-46ac-a5fb-b36c32e615a5 | Fetch customers | user=shree@gmail.com | page=1 limit=5
2026-04-23 15:46:37,122 | INFO | app_logger | fcbbff65-22cc-46ac-a5fb-b36c32e615a5 | Fetch customers | page=1 limit=5
2026-04-23 15:46:37,130 | INFO | app_logger | N/A | Response status: 200
2026-04-23 15:49:26,662 | INFO | app_logger | N/A | DELETE http://localhost:8000/customers/3
2026-04-23 15:49:26,676 | ERROR | app_logger | 36dbfb51-b81e-4d6b-8d6d-f45aa5be4a6c | Invalid or expired token | Status Code: 401
2026-04-23 15:49:26,679 | INFO | app_logger | N/A | Response status: 401
2026-04-23 15:49:30,732 | INFO | app_logger | N/A | DELETE http://localhost:8000/customers/3
2026-04-23 15:49:30,740 | ERROR | app_logger | 8306770b-cbfe-4426-9ed2-747e76348119 | Invalid or expired token | Status Code: 401
2026-04-23 15:49:30,740 | INFO | app_logger | N/A | Response status: 401
2026-04-23 15:49:36,622 | INFO | app_logger | N/A | DELETE http://localhost:8000/customers/3
2026-04-23 15:49:36,648 | ERROR | app_logger | b9c0b48b-6f84-403b-83db-07b071f4d2a8 | Invalid or expired token | Status Code: 401
2026-04-23 15:49:36,655 | INFO | app_logger | N/A | Response status: 401
2026-04-23 15:50:50,322 | INFO | app_logger | N/A | Application started successfully
2026-04-23 15:51:05,117 | INFO | app_logger | N/A | GET http://localhost:8000/auth/users
2026-04-23 15:51:05,127 | INFO | app_logger | N/A | GET http://localhost:8000/customers/?page=1&limit=5
2026-04-23 15:51:05,140 | INFO | app_logger | N/A | GET http://localhost:8000/auth/users/count
2026-04-23 15:51:05,162 | ERROR | app_logger | 48d649d1-83e4-4c83-aae2-5c8f85b19680 | Invalid or expired token | Status Code: 401
2026-04-23 15:51:05,164 | ERROR | app_logger | 7d28c058-7dc4-4058-adbc-84ad37bc8cbd | Invalid or expired token | Status Code: 401
2026-04-23 15:51:05,164 | ERROR | app_logger | 7c459a50-a3ea-4cc9-b63c-569b946dd45b | Invalid or expired token | Status Code: 401
2026-04-23 15:51:05,166 | INFO | app_logger | N/A | Response status: 401
2026-04-23 15:51:05,167 | INFO | app_logger | N/A | Response status: 401
2026-04-23 15:51:05,169 | INFO | app_logger | N/A | Response status: 401
2026-04-23 15:51:06,550 | INFO | app_logger | N/A | GET http://localhost:8000/auth/users
2026-04-23 15:51:06,554 | INFO | app_logger | N/A | GET http://localhost:8000/auth/users/count
2026-04-23 15:51:06,556 | INFO | app_logger | N/A | GET http://localhost:8000/customers/?page=1&limit=5
2026-04-23 15:51:06,569 | ERROR | app_logger | 545f2e23-0e36-473f-980f-d2ec45614488 | Invalid or expired token | Status Code: 401
2026-04-23 15:51:06,576 | ERROR | app_logger | ef77f5e0-5c68-4795-8a0e-d79409d04a98 | Invalid or expired token | Status Code: 401
2026-04-23 15:51:06,578 | INFO | app_logger | N/A | Response status: 401
2026-04-23 15:51:06,578 | INFO | app_logger | N/A | Response status: 401
2026-04-23 15:51:06,580 | ERROR | app_logger | cfe05903-9c85-48b9-9cac-09661f7431e2 | Invalid or expired token | Status Code: 401
2026-04-23 15:51:06,584 | INFO | app_logger | N/A | Response status: 401
2026-04-23 15:51:07,629 | INFO | app_logger | N/A | GET http://localhost:8000/auth/users
2026-04-23 15:51:07,633 | INFO | app_logger | N/A | GET http://localhost:8000/auth/users/count
2026-04-23 15:51:07,634 | INFO | app_logger | N/A | GET http://localhost:8000/customers/?page=1&limit=5
2026-04-23 15:51:07,643 | ERROR | app_logger | 8592c239-9b09-4df1-8e6e-f26d86a8f131 | Invalid or expired token | Status Code: 401
2026-04-23 15:51:07,646 | ERROR | app_logger | 46d97fae-f109-46b9-b89d-99f232abf2ba | Invalid or expired token | Status Code: 401
2026-04-23 15:51:07,647 | ERROR | app_logger | 293d79a2-f430-46f3-8adc-d2bbda9e3da9 | Invalid or expired token | Status Code: 401
2026-04-23 15:51:07,649 | INFO | app_logger | N/A | Response status: 401
2026-04-23 15:51:07,655 | INFO | app_logger | N/A | Response status: 401
2026-04-23 15:51:07,659 | INFO | app_logger | N/A | Response status: 401
2026-04-23 15:51:08,778 | INFO | app_logger | N/A | GET http://localhost:8000/auth/users
2026-04-23 15:51:08,782 | INFO | app_logger | N/A | GET http://localhost:8000/customers/?page=1&limit=5
2026-04-23 15:51:08,784 | INFO | app_logger | N/A | GET http://localhost:8000/auth/users/count
2026-04-23 15:51:08,791 | ERROR | app_logger | 0cb7cbaa-3dcf-4aff-a321-dded81a85a40 | Invalid or expired token | Status Code: 401
2026-04-23 15:51:08,796 | INFO | app_logger | N/A | Response status: 401
2026-04-23 15:51:08,797 | ERROR | app_logger | 7de8d300-5a32-4c24-99bd-5b5dfdd4f4dc | Invalid or expired token | Status Code: 401
2026-04-23 15:51:08,800 | ERROR | app_logger | 82495c82-68b1-4697-98c8-4cf0b59ae5c3 | Invalid or expired token | Status Code: 401
2026-04-23 15:51:08,807 | INFO | app_logger | N/A | Response status: 401
2026-04-23 15:51:08,809 | INFO | app_logger | N/A | Response status: 401
2026-04-23 15:51:30,072 | INFO | app_logger | N/A | POST http://localhost:8000/auth/login
2026-04-23 15:51:30,143 | INFO | app_logger | 0656cfd2-35dd-43f4-affc-cfd346bb3f17 | Login API called | email=shree@gmail.com
2026-04-23 15:51:30,145 | INFO | app_logger | 0656cfd2-35dd-43f4-affc-cfd346bb3f17 | Login attempt | email=shree@gmail.com
2026-04-23 15:51:30,812 | WARNING | app_logger | 0656cfd2-35dd-43f4-affc-cfd346bb3f17 | Invalid login | email=shree@gmail.com
2026-04-23 15:51:30,815 | ERROR | app_logger | 0656cfd2-35dd-43f4-affc-cfd346bb3f17 | Invalid credentials | Status Code: 401
2026-04-23 15:51:30,815 | INFO | app_logger | N/A | Response status: 401
2026-04-23 15:51:44,429 | INFO | app_logger | N/A | POST http://localhost:8000/auth/login
2026-04-23 15:51:44,435 | INFO | app_logger | e9075af7-db5d-4886-8bca-28b1f106c74d | Login API called | email=shree@gmail.com
2026-04-23 15:51:44,435 | INFO | app_logger | e9075af7-db5d-4886-8bca-28b1f106c74d | Login attempt | email=shree@gmail.com
2026-04-23 15:51:45,025 | WARNING | app_logger | e9075af7-db5d-4886-8bca-28b1f106c74d | Invalid login | email=shree@gmail.com
2026-04-23 15:51:45,027 | ERROR | app_logger | e9075af7-db5d-4886-8bca-28b1f106c74d | Invalid credentials | Status Code: 401
2026-04-23 15:51:45,029 | INFO | app_logger | N/A | Response status: 401
2026-04-23 15:52:00,314 | INFO | app_logger | N/A | POST http://localhost:8000/auth/login
2026-04-23 15:52:00,319 | INFO | app_logger | 8703bafd-92bc-4d59-92b4-77f4571d56d1 | Login API called | email=shree@gmail.com
2026-04-23 15:52:00,321 | INFO | app_logger | 8703bafd-92bc-4d59-92b4-77f4571d56d1 | Login attempt | email=shree@gmail.com
2026-04-23 15:52:00,917 | WARNING | app_logger | 8703bafd-92bc-4d59-92b4-77f4571d56d1 | Invalid login | email=shree@gmail.com
2026-04-23 15:52:00,919 | ERROR | app_logger | 8703bafd-92bc-4d59-92b4-77f4571d56d1 | Invalid credentials | Status Code: 401
2026-04-23 15:52:00,921 | INFO | app_logger | N/A | Response status: 401
2026-04-23 15:52:30,504 | INFO | app_logger | N/A | POST http://localhost:8000/auth/register
2026-04-23 15:52:30,520 | INFO | app_logger | f88e2b2a-fd49-46d4-af1f-3521416d8139 | Register API called | email=raghu@gmail.com
2026-04-23 15:52:30,523 | INFO | app_logger | f88e2b2a-fd49-46d4-af1f-3521416d8139 | Register attempt | email=raghu@gmail.com username=raghu
2026-04-23 15:52:31,109 | INFO | app_logger | f88e2b2a-fd49-46d4-af1f-3521416d8139 | User registered successfully | email=raghu@gmail.com
2026-04-23 15:52:31,112 | INFO | app_logger | N/A | Response status: 201
2026-04-23 15:52:49,202 | INFO | app_logger | N/A | POST http://localhost:8000/auth/login
2026-04-23 15:52:49,203 | INFO | app_logger | 56b480df-9665-43b7-8b06-fc5896bcfe64 | Login API called | email=raghu@gmail.com
2026-04-23 15:52:49,209 | INFO | app_logger | 56b480df-9665-43b7-8b06-fc5896bcfe64 | Login attempt | email=raghu@gmail.com
2026-04-23 15:52:49,769 | INFO | app_logger | 56b480df-9665-43b7-8b06-fc5896bcfe64 | Login success | email=raghu@gmail.com
2026-04-23 15:52:49,772 | INFO | app_logger | N/A | Response status: 200
2026-04-23 15:52:49,782 | INFO | app_logger | N/A | GET http://localhost:8000/auth/users
2026-04-23 15:52:49,788 | INFO | app_logger | bc82c3f5-74c8-4bab-9c0d-54fd7b8748c2 | Fetch users API called
2026-04-23 15:52:49,788 | INFO | app_logger | bc82c3f5-74c8-4bab-9c0d-54fd7b8748c2 | Fetch users | skip=0 limit=10
2026-04-23 15:52:49,798 | INFO | app_logger | N/A | Response status: 200
2026-04-23 15:52:49,804 | INFO | app_logger | N/A | GET http://localhost:8000/customers/?page=1&limit=5
2026-04-23 15:52:49,804 | INFO | app_logger | 68f1b5db-6439-40a4-852e-ff78d8ee3dfb | Fetch customers | user=raghu@gmail.com | page=1 limit=5
2026-04-23 15:52:49,809 | INFO | app_logger | 68f1b5db-6439-40a4-852e-ff78d8ee3dfb | Fetch customers | page=1 limit=5
2026-04-23 15:52:49,832 | INFO | app_logger | N/A | Response status: 200
2026-04-23 15:52:49,836 | INFO | app_logger | N/A | GET http://localhost:8000/auth/users/count
2026-04-23 15:52:49,844 | INFO | app_logger | fd0188d2-0ca3-4284-89a0-a68893b0de0a | User count API called
2026-04-23 15:52:49,860 | INFO | app_logger | fd0188d2-0ca3-4284-89a0-a68893b0de0a | User count | total=2
2026-04-23 15:52:49,863 | INFO | app_logger | N/A | Response status: 200
2026-04-23 15:52:57,943 | INFO | app_logger | N/A | DELETE http://localhost:8000/auth/users/7
2026-04-23 15:52:57,956 | WARNING | app_logger | c0db2295-03d6-4f79-86dc-e4117b2689a6 | Delete user API called | user_id=7
2026-04-23 15:52:57,957 | INFO | app_logger | c0db2295-03d6-4f79-86dc-e4117b2689a6 | Delete user | id=7
2026-04-23 15:52:57,975 | INFO | app_logger | c0db2295-03d6-4f79-86dc-e4117b2689a6 | User deleted | id=7
2026-04-23 15:52:57,978 | INFO | app_logger | N/A | Response status: 200
2026-04-23 15:52:57,996 | INFO | app_logger | N/A | GET http://localhost:8000/auth/users
2026-04-23 15:52:57,997 | INFO | app_logger | N/A | GET http://localhost:8000/auth/users/count
2026-04-23 15:52:58,013 | INFO | app_logger | 9c164b12-9c04-4aec-b082-ec4561f9fac8 | Fetch users API called
2026-04-23 15:52:58,014 | INFO | app_logger | 6d2e2255-57d3-442f-aeda-0bab7bbd38fc | User count API called
2026-04-23 15:52:58,015 | INFO | app_logger | 9c164b12-9c04-4aec-b082-ec4561f9fac8 | Fetch users | skip=0 limit=10
2026-04-23 15:52:58,019 | INFO | app_logger | 6d2e2255-57d3-442f-aeda-0bab7bbd38fc | User count | total=1
2026-04-23 15:52:58,022 | INFO | app_logger | N/A | Response status: 200
2026-04-23 15:52:58,130 | INFO | app_logger | N/A | Response status: 200
2026-04-23 15:57:44,733 | INFO | app_logger | N/A | Application started successfully
2026-04-23 15:58:23,568 | INFO | app_logger | N/A | POST http://localhost:8000/auth/login
2026-04-23 15:58:23,594 | INFO | app_logger | a608a6cc-8e2e-460e-a67d-471ddede5732 | Login API called | email=raghu@gmail.com
2026-04-23 15:58:23,595 | INFO | app_logger | a608a6cc-8e2e-460e-a67d-471ddede5732 | Login attempt | email=raghu@gmail.com
2026-04-23 15:58:24,321 | INFO | app_logger | a608a6cc-8e2e-460e-a67d-471ddede5732 | Login success | email=raghu@gmail.com
2026-04-23 15:58:24,324 | INFO | app_logger | N/A | Response status: 200
2026-04-23 15:58:24,335 | INFO | app_logger | N/A | GET http://localhost:8000/auth/users
2026-04-23 15:58:24,340 | INFO | app_logger | N/A | GET http://localhost:8000/customers/?page=1&limit=5
2026-04-23 15:58:24,352 | INFO | app_logger | f233d469-1731-484b-8ab5-d8397d53ea0d | Fetch customers | user=raghu@gmail.com | page=1 limit=5
2026-04-23 15:58:24,352 | INFO | app_logger | fd409355-d513-4e1f-866d-4aaf6e7e1271 | Fetch users API called
2026-04-23 15:58:24,353 | INFO | app_logger | f233d469-1731-484b-8ab5-d8397d53ea0d | Fetch customers | page=1 limit=5
2026-04-23 15:58:24,353 | INFO | app_logger | fd409355-d513-4e1f-866d-4aaf6e7e1271 | Fetch users | skip=0 limit=10
2026-04-23 15:58:24,372 | INFO | app_logger | N/A | Response status: 200
2026-04-23 15:58:24,376 | INFO | app_logger | N/A | GET http://localhost:8000/auth/users/count
2026-04-23 15:58:24,383 | INFO | app_logger | 76d90427-805a-4759-b080-a21bdc5e639b | User count API called
2026-04-23 15:58:24,392 | INFO | app_logger | 76d90427-805a-4759-b080-a21bdc5e639b | User count | total=1
2026-04-23 15:58:24,394 | INFO | app_logger | N/A | Response status: 200
2026-04-23 15:58:24,447 | INFO | app_logger | N/A | Response status: 200
2026-04-23 16:01:30,348 | INFO | app_logger | N/A | POST http://localhost:8000/auth/login
2026-04-23 16:01:30,364 | INFO | app_logger | 83416153-b271-47e5-8d30-972215ce395a | Login API called | email=raghu@gmail.com
2026-04-23 16:01:30,366 | INFO | app_logger | 83416153-b271-47e5-8d30-972215ce395a | Login attempt | email=raghu@gmail.com
2026-04-23 16:01:31,103 | INFO | app_logger | 83416153-b271-47e5-8d30-972215ce395a | Login success | email=raghu@gmail.com
2026-04-23 16:01:31,106 | INFO | app_logger | N/A | Response status: 200
2026-04-23 16:01:31,120 | INFO | app_logger | N/A | GET http://localhost:8000/auth/users
2026-04-23 16:01:31,126 | INFO | app_logger | N/A | GET http://localhost:8000/customers/?page=1&limit=5
2026-04-23 16:01:31,126 | INFO | app_logger | N/A | GET http://localhost:8000/auth/users/count
2026-04-23 16:01:31,135 | INFO | app_logger | d568b09d-71e5-43b1-9606-4ec9da69f906 | User count API called
2026-04-23 16:01:31,135 | INFO | app_logger | e812750e-4ca8-4e9d-901f-8de7593548bc | Fetch users API called
2026-04-23 16:01:31,136 | INFO | app_logger | 992d2b82-2a8c-42e9-a427-761affa3dae8 | Fetch customers | user=raghu@gmail.com | page=1 limit=5
2026-04-23 16:01:31,138 | INFO | app_logger | e812750e-4ca8-4e9d-901f-8de7593548bc | Fetch users | skip=0 limit=10
2026-04-23 16:01:31,139 | INFO | app_logger | d568b09d-71e5-43b1-9606-4ec9da69f906 | User count | total=1
2026-04-23 16:01:31,139 | INFO | app_logger | 992d2b82-2a8c-42e9-a427-761affa3dae8 | Fetch customers | page=1 limit=5
2026-04-23 16:01:31,140 | INFO | app_logger | N/A | Response status: 200
2026-04-23 16:01:31,143 | INFO | app_logger | N/A | Response status: 200
2026-04-23 16:01:31,316 | INFO | app_logger | N/A | Response status: 200
2026-04-23 16:01:43,801 | INFO | app_logger | N/A | POST http://localhost:8000/addresses/upload
2026-04-23 16:01:43,818 | INFO | app_logger | 821973c0-9c91-4a9a-b9df-53aea5ce012b | Address CSV upload | user=raghu@gmail.com
2026-04-23 16:01:43,843 | INFO | app_logger | 821973c0-9c91-4a9a-b9df-53aea5ce012b | CSV addresses inserted | count=4
2026-04-23 16:01:43,845 | INFO | app_logger | 821973c0-9c91-4a9a-b9df-53aea5ce012b | Addresses uploaded | count=4
2026-04-23 16:01:43,845 | INFO | app_logger | N/A | Response status: 200
2026-04-23 16:01:43,869 | INFO | app_logger | N/A | GET http://localhost:8000/customers/?page=1&limit=5
2026-04-23 16:01:43,878 | INFO | app_logger | 585addf8-298e-41a0-827a-8af5c3c0df4e | Fetch customers | user=raghu@gmail.com | page=1 limit=5
2026-04-23 16:01:43,878 | INFO | app_logger | 585addf8-298e-41a0-827a-8af5c3c0df4e | Fetch customers | page=1 limit=5
2026-04-23 16:01:43,888 | INFO | app_logger | N/A | Response status: 200
2026-04-23 16:04:12,226 | INFO | app_logger | N/A | POST http://localhost:8000/addresses/upload
2026-04-23 16:04:12,238 | INFO | app_logger | 541abb95-132a-4424-8514-7dc35def3129 | Address CSV upload | user=raghu@gmail.com
2026-04-23 16:04:12,266 | INFO | app_logger | 541abb95-132a-4424-8514-7dc35def3129 | CSV addresses inserted | count=4
2026-04-23 16:04:12,269 | INFO | app_logger | 541abb95-132a-4424-8514-7dc35def3129 | Addresses uploaded | count=4
2026-04-23 16:04:12,271 | INFO | app_logger | N/A | Response status: 200
2026-04-23 16:04:12,289 | INFO | app_logger | N/A | GET http://localhost:8000/customers/?page=1&limit=5
2026-04-23 16:04:12,293 | INFO | app_logger | 0bd73192-2c98-4c29-88f4-a9a67d4cabf4 | Fetch customers | user=raghu@gmail.com | page=1 limit=5
2026-04-23 16:04:12,295 | INFO | app_logger | 0bd73192-2c98-4c29-88f4-a9a67d4cabf4 | Fetch customers | page=1 limit=5
2026-04-23 16:04:12,302 | INFO | app_logger | N/A | Response status: 200
2026-04-23 16:07:08,045 | INFO | app_logger | N/A | GET http://localhost:8000/auth/users
2026-04-23 16:07:08,047 | INFO | app_logger | N/A | GET http://localhost:8000/customers/?page=1&limit=5
2026-04-23 16:07:08,048 | INFO | app_logger | N/A | GET http://localhost:8000/auth/users/count
2026-04-23 16:07:08,051 | INFO | app_logger | d1347dc5-3127-466a-85e7-620a4ca4230b | Fetch customers | user=raghu@gmail.com | page=1 limit=5
2026-04-23 16:07:08,051 | INFO | app_logger | bba9c1dc-4721-456c-9027-61f0ef2a7bb9 | Fetch users API called
2026-04-23 16:07:08,051 | INFO | app_logger | 211f1f6d-a53a-4592-9084-ed0853ddc7f5 | User count API called
2026-04-23 16:07:08,051 | INFO | app_logger | d1347dc5-3127-466a-85e7-620a4ca4230b | Fetch customers | page=1 limit=5
2026-04-23 16:07:08,051 | INFO | app_logger | bba9c1dc-4721-456c-9027-61f0ef2a7bb9 | Fetch users | skip=0 limit=10
2026-04-23 16:07:08,058 | INFO | app_logger | 211f1f6d-a53a-4592-9084-ed0853ddc7f5 | User count | total=1
2026-04-23 16:07:08,064 | INFO | app_logger | N/A | Response status: 200
2026-04-23 16:07:08,095 | INFO | app_logger | N/A | Response status: 200
2026-04-23 16:07:08,097 | INFO | app_logger | N/A | Response status: 200
2026-04-23 16:07:57,104 | INFO | app_logger | N/A | DELETE http://localhost:8000/customers/3
2026-04-23 16:07:57,124 | WARNING | app_logger | 9b0ae8dc-f762-4f17-8a1d-dcea8b217cd2 | Delete customer | id=3 | user=raghu@gmail.com
2026-04-23 16:07:57,127 | INFO | app_logger | 9b0ae8dc-f762-4f17-8a1d-dcea8b217cd2 | Delete customer | id=3
2026-04-23 16:07:57,165 | INFO | app_logger | 9b0ae8dc-f762-4f17-8a1d-dcea8b217cd2 | Customer deleted | id=3
2026-04-23 16:07:57,168 | INFO | app_logger | N/A | Response status: 200
2026-04-23 16:07:58,414 | INFO | app_logger | N/A | GET http://localhost:8000/customers/?page=1&limit=5
2026-04-23 16:07:58,419 | INFO | app_logger | 54678e97-8aa3-4bac-8723-060da7626218 | Fetch customers | user=raghu@gmail.com | page=1 limit=5
2026-04-23 16:07:58,419 | INFO | app_logger | 54678e97-8aa3-4bac-8723-060da7626218 | Fetch customers | page=1 limit=5
2026-04-23 16:07:58,429 | INFO | app_logger | N/A | Response status: 200
2026-04-23 16:08:05,406 | INFO | app_logger | N/A | DELETE http://localhost:8000/customers/5
2026-04-23 16:08:05,414 | WARNING | app_logger | fe579925-c5f5-436d-b5fd-a35cbd78ed7e | Delete customer | id=5 | user=raghu@gmail.com
2026-04-23 16:08:05,418 | INFO | app_logger | fe579925-c5f5-436d-b5fd-a35cbd78ed7e | Delete customer | id=5
2026-04-23 16:08:05,431 | INFO | app_logger | fe579925-c5f5-436d-b5fd-a35cbd78ed7e | Customer deleted | id=5
2026-04-23 16:08:05,433 | INFO | app_logger | N/A | Response status: 200
2026-04-23 16:08:06,711 | INFO | app_logger | N/A | GET http://localhost:8000/customers/?page=1&limit=5
2026-04-23 16:08:06,721 | INFO | app_logger | 8d497265-bef6-4904-9441-6efad0af3cac | Fetch customers | user=raghu@gmail.com | page=1 limit=5
2026-04-23 16:08:06,724 | INFO | app_logger | 8d497265-bef6-4904-9441-6efad0af3cac | Fetch customers | page=1 limit=5
2026-04-23 16:08:06,735 | INFO | app_logger | N/A | Response status: 200
2026-04-23 16:08:09,556 | INFO | app_logger | N/A | DELETE http://localhost:8000/customers/4
2026-04-23 16:08:09,564 | WARNING | app_logger | 7f8a5af1-91a7-4fd4-b830-47210ba3e054 | Delete customer | id=4 | user=raghu@gmail.com
2026-04-23 16:08:09,567 | INFO | app_logger | 7f8a5af1-91a7-4fd4-b830-47210ba3e054 | Delete customer | id=4
2026-04-23 16:08:09,578 | INFO | app_logger | 7f8a5af1-91a7-4fd4-b830-47210ba3e054 | Customer deleted | id=4
2026-04-23 16:08:09,584 | INFO | app_logger | N/A | Response status: 200
2026-04-23 16:08:10,851 | INFO | app_logger | N/A | GET http://localhost:8000/customers/?page=1&limit=5
2026-04-23 16:08:10,876 | INFO | app_logger | 7d1ccad9-f6f3-4217-ad6d-3bb41d602986 | Fetch customers | user=raghu@gmail.com | page=1 limit=5
2026-04-23 16:08:10,890 | INFO | app_logger | 7d1ccad9-f6f3-4217-ad6d-3bb41d602986 | Fetch customers | page=1 limit=5
2026-04-23 16:08:10,926 | INFO | app_logger | N/A | Response status: 200
2026-04-23 16:08:13,255 | INFO | app_logger | N/A | DELETE http://localhost:8000/customers/2
2026-04-23 16:08:13,262 | WARNING | app_logger | 3b8ef4d4-df34-44a4-b4dc-ae9e114fb790 | Delete customer | id=2 | user=raghu@gmail.com
2026-04-23 16:08:13,265 | INFO | app_logger | 3b8ef4d4-df34-44a4-b4dc-ae9e114fb790 | Delete customer | id=2
2026-04-23 16:08:13,277 | INFO | app_logger | 3b8ef4d4-df34-44a4-b4dc-ae9e114fb790 | Customer deleted | id=2
2026-04-23 16:08:13,283 | INFO | app_logger | N/A | Response status: 200
2026-04-23 16:08:14,370 | INFO | app_logger | N/A | GET http://localhost:8000/customers/?page=1&limit=5
2026-04-23 16:08:14,377 | INFO | app_logger | 1fbc0d0e-b879-44ff-86fa-479a7e9848c1 | Fetch customers | user=raghu@gmail.com | page=1 limit=5
2026-04-23 16:08:14,379 | INFO | app_logger | 1fbc0d0e-b879-44ff-86fa-479a7e9848c1 | Fetch customers | page=1 limit=5
2026-04-23 16:08:14,385 | INFO | app_logger | N/A | Response status: 200
2026-04-23 16:08:30,524 | INFO | app_logger | N/A | POST http://localhost:8000/customers/upload
2026-04-23 16:08:30,535 | INFO | app_logger | d28e9cea-4e70-4399-95dc-b539cfe5a7d8 | Customer CSV upload | user=raghu@gmail.com
2026-04-23 16:08:30,557 | INFO | app_logger | d28e9cea-4e70-4399-95dc-b539cfe5a7d8 | CSV customers inserted | count=4
2026-04-23 16:08:30,557 | INFO | app_logger | d28e9cea-4e70-4399-95dc-b539cfe5a7d8 | Customers uploaded successfully | count=4
2026-04-23 16:08:30,560 | INFO | app_logger | N/A | Response status: 200
2026-04-23 16:08:32,136 | INFO | app_logger | N/A | GET http://localhost:8000/customers/?page=1&limit=5
2026-04-23 16:08:32,141 | INFO | app_logger | N/A | GET http://localhost:8000/auth/users/count
2026-04-23 16:08:32,155 | INFO | app_logger | eab7782e-79bf-4250-8112-716c9a4cfe3c | Fetch customers | user=raghu@gmail.com | page=1 limit=5
2026-04-23 16:08:32,157 | INFO | app_logger | ab8905ff-e38d-48e3-8896-f93f4d6089e6 | User count API called
2026-04-23 16:08:32,158 | INFO | app_logger | eab7782e-79bf-4250-8112-716c9a4cfe3c | Fetch customers | page=1 limit=5
2026-04-23 16:08:32,161 | INFO | app_logger | ab8905ff-e38d-48e3-8896-f93f4d6089e6 | User count | total=1
2026-04-23 16:08:32,166 | INFO | app_logger | N/A | Response status: 200
2026-04-23 16:08:32,175 | INFO | app_logger | N/A | Response status: 200
2026-04-23 16:09:22,565 | INFO | app_logger | N/A | GET http://localhost:8000/customers/?page=1&limit=5
2026-04-23 16:09:22,565 | INFO | app_logger | N/A | GET http://localhost:8000/auth/users/count
2026-04-23 16:09:22,568 | INFO | app_logger | N/A | GET http://localhost:8000/auth/users
2026-04-23 16:09:22,576 | INFO | app_logger | 64fc08bd-cca3-4395-a35c-cb9a07989398 | Fetch customers | user=raghu@gmail.com | page=1 limit=5
2026-04-23 16:09:22,577 | INFO | app_logger | 3f29e02e-572a-4723-bd86-0ec67646426a | Fetch users API called
2026-04-23 16:09:22,577 | INFO | app_logger | 46cde030-9402-459b-bac4-6d71b4c1e53a | User count API called
2026-04-23 16:09:22,577 | INFO | app_logger | 64fc08bd-cca3-4395-a35c-cb9a07989398 | Fetch customers | page=1 limit=5
2026-04-23 16:09:22,578 | INFO | app_logger | 3f29e02e-572a-4723-bd86-0ec67646426a | Fetch users | skip=0 limit=10
2026-04-23 16:09:22,581 | INFO | app_logger | 46cde030-9402-459b-bac4-6d71b4c1e53a | User count | total=1
2026-04-23 16:09:22,589 | INFO | app_logger | N/A | Response status: 200
2026-04-23 16:09:22,589 | INFO | app_logger | N/A | Response status: 200
2026-04-23 16:09:22,591 | INFO | app_logger | N/A | Response status: 200
2026-04-23 16:09:29,428 | INFO | app_logger | N/A | POST http://localhost:8000/addresses/upload
2026-04-23 16:09:29,437 | INFO | app_logger | eef639ca-cc14-4ef0-aa28-6333443191fe | Address CSV upload | user=raghu@gmail.com
2026-04-23 16:09:29,450 | INFO | app_logger | eef639ca-cc14-4ef0-aa28-6333443191fe | CSV addresses inserted | count=4
2026-04-23 16:09:29,450 | INFO | app_logger | eef639ca-cc14-4ef0-aa28-6333443191fe | Addresses uploaded | count=4
2026-04-23 16:09:29,450 | INFO | app_logger | N/A | Response status: 200
2026-04-23 16:09:30,901 | INFO | app_logger | N/A | GET http://localhost:8000/customers/?page=1&limit=5
2026-04-23 16:09:30,909 | INFO | app_logger | d132701c-bb7c-4cf6-8d7a-5b37e9bbc362 | Fetch customers | user=raghu@gmail.com | page=1 limit=5
2026-04-23 16:09:30,910 | INFO | app_logger | d132701c-bb7c-4cf6-8d7a-5b37e9bbc362 | Fetch customers | page=1 limit=5
2026-04-23 16:09:30,920 | INFO | app_logger | N/A | Response status: 200
2026-04-23 16:09:36,537 | INFO | app_logger | N/A | DELETE http://localhost:8000/customers/9
2026-04-23 16:09:36,556 | WARNING | app_logger | 457d299f-548a-4297-a1e3-8cea8f55558b | Delete customer | id=9 | user=raghu@gmail.com
2026-04-23 16:09:36,559 | INFO | app_logger | 457d299f-548a-4297-a1e3-8cea8f55558b | Delete customer | id=9
2026-04-23 16:09:36,585 | INFO | app_logger | 457d299f-548a-4297-a1e3-8cea8f55558b | Customer deleted | id=9
2026-04-23 16:09:36,591 | INFO | app_logger | N/A | Response status: 200
2026-04-23 16:09:38,208 | INFO | app_logger | N/A | GET http://localhost:8000/customers/?page=1&limit=5
2026-04-23 16:09:38,228 | INFO | app_logger | e5bd500d-9bbc-40ef-a9c9-e9efc9375a34 | Fetch customers | user=raghu@gmail.com | page=1 limit=5
2026-04-23 16:09:38,229 | INFO | app_logger | e5bd500d-9bbc-40ef-a9c9-e9efc9375a34 | Fetch customers | page=1 limit=5
2026-04-23 16:09:38,246 | INFO | app_logger | N/A | Response status: 200
2026-04-23 16:29:12,247 | INFO | app_logger | N/A | DELETE http://localhost:8000/customers/8
2026-04-23 16:29:12,262 | WARNING | app_logger | 84b39bf6-fd41-41cb-ac5b-15c2aba254e2 | Delete customer | id=8 | user=raghu@gmail.com
2026-04-23 16:29:12,265 | INFO | app_logger | 84b39bf6-fd41-41cb-ac5b-15c2aba254e2 | Delete customer | id=8
2026-04-23 16:29:12,285 | INFO | app_logger | 84b39bf6-fd41-41cb-ac5b-15c2aba254e2 | Customer deleted | id=8
2026-04-23 16:29:12,285 | INFO | app_logger | N/A | Response status: 200
2026-04-23 16:29:13,845 | INFO | app_logger | N/A | GET http://localhost:8000/customers/?page=1&limit=5
2026-04-23 16:29:13,851 | INFO | app_logger | f1cb72f7-6ed8-47ad-abe4-e69e87000b9c | Fetch customers | user=raghu@gmail.com | page=1 limit=5
2026-04-23 16:29:13,851 | INFO | app_logger | f1cb72f7-6ed8-47ad-abe4-e69e87000b9c | Fetch customers | page=1 limit=5
2026-04-23 16:29:13,861 | INFO | app_logger | N/A | Response status: 200
2026-04-23 16:35:42,573 | INFO | app_logger | N/A | Application started successfully
2026-04-23 16:36:57,935 | INFO | app_logger | N/A | GET http://127.0.0.1:8000/docs
2026-04-23 16:36:57,939 | INFO | app_logger | N/A | Response status: 200
2026-04-23 16:36:58,040 | INFO | app_logger | N/A | GET http://127.0.0.1:8000/openapi.json
2026-04-23 16:36:58,271 | INFO | app_logger | N/A | Response status: 200
2026-04-23 16:37:03,462 | INFO | app_logger | N/A | GET http://127.0.0.1:8000/docs
2026-04-23 16:37:03,467 | INFO | app_logger | N/A | Response status: 200
2026-04-23 16:37:03,641 | INFO | app_logger | N/A | GET http://127.0.0.1:8000/openapi.json
2026-04-23 16:37:03,643 | INFO | app_logger | N/A | Response status: 200
2026-04-23 16:37:05,428 | INFO | app_logger | N/A | GET http://127.0.0.1:8000/redoc
2026-04-23 16:37:05,430 | INFO | app_logger | N/A | Response status: 200
2026-04-23 16:37:05,549 | INFO | app_logger | N/A | GET http://127.0.0.1:8000/openapi.json
2026-04-23 16:37:05,552 | INFO | app_logger | N/A | Response status: 200
2026-04-23 16:38:17,827 | INFO | app_logger | N/A | GET http://localhost:8000/customers/?page=1&limit=10
2026-04-23 16:38:17,842 | INFO | app_logger | b90734a3-e019-48e9-889a-594b2106032b | Fetch customers | user=raghu@gmail.com | page=1 limit=10
2026-04-23 16:38:17,842 | INFO | app_logger | b90734a3-e019-48e9-889a-594b2106032b | Fetch customers | page=1 limit=10
2026-04-23 16:38:17,884 | CRITICAL | app_logger | N/A | Unhandled Exception: 10 validation errors:
  {'type': 'int_type', 'loc': ('response', 1, 'age'), 'msg': 'Input should be a valid integer', 'input': None}
  {'type': 'string_type', 'loc': ('response', 1, 'gender'), 'msg': 'Input should be a valid string', 'input': None}
  {'type': 'string_type', 'loc': ('response', 1, 'date_of_birth'), 'msg': 'Input should be a valid string', 'input': None}
  {'type': 'string_type', 'loc': ('response', 1, 'job_title'), 'msg': 'Input should be a valid string', 'input': None}
  {'type': 'int_type', 'loc': ('response', 1, 'experience_years'), 'msg': 'Input should be a valid integer', 'input': None}
  {'type': 'int_type', 'loc': ('response', 2, 'age'), 'msg': 'Input should be a valid integer', 'input': None}
  {'type': 'string_type', 'loc': ('response', 2, 'gender'), 'msg': 'Input should be a valid string', 'input': None}
  {'type': 'string_type', 'loc': ('response', 2, 'date_of_birth'), 'msg': 'Input should be a valid string', 'input': None}
  {'type': 'string_type', 'loc': ('response', 2, 'job_title'), 'msg': 'Input should be a valid string', 'input': None}
  {'type': 'int_type', 'loc': ('response', 2, 'experience_years'), 'msg': 'Input should be a valid integer', 'input': None}

  File "C:\Users\User\Desktop\customer_api\env\Lib\site-packages\slowapi\extension.py", line 100, in get_all
    GET /customers/
2026-04-23 16:38:31,845 | INFO | app_logger | N/A | GET http://localhost:8000/customers/?page=1&limit=5
2026-04-23 16:38:31,860 | INFO | app_logger | 5745775b-63f9-4263-a5e9-be4a5ce767e2 | Fetch customers | user=raghu@gmail.com | page=1 limit=5
2026-04-23 16:38:31,865 | INFO | app_logger | 5745775b-63f9-4263-a5e9-be4a5ce767e2 | Fetch customers | page=1 limit=5
2026-04-23 16:38:31,880 | CRITICAL | app_logger | N/A | Unhandled Exception: 10 validation errors:
  {'type': 'int_type', 'loc': ('response', 1, 'age'), 'msg': 'Input should be a valid integer', 'input': None}
  {'type': 'string_type', 'loc': ('response', 1, 'gender'), 'msg': 'Input should be a valid string', 'input': None}
  {'type': 'string_type', 'loc': ('response', 1, 'date_of_birth'), 'msg': 'Input should be a valid string', 'input': None}
  {'type': 'string_type', 'loc': ('response', 1, 'job_title'), 'msg': 'Input should be a valid string', 'input': None}
  {'type': 'int_type', 'loc': ('response', 1, 'experience_years'), 'msg': 'Input should be a valid integer', 'input': None}
  {'type': 'int_type', 'loc': ('response', 2, 'age'), 'msg': 'Input should be a valid integer', 'input': None}
  {'type': 'string_type', 'loc': ('response', 2, 'gender'), 'msg': 'Input should be a valid string', 'input': None}
  {'type': 'string_type', 'loc': ('response', 2, 'date_of_birth'), 'msg': 'Input should be a valid string', 'input': None}
  {'type': 'string_type', 'loc': ('response', 2, 'job_title'), 'msg': 'Input should be a valid string', 'input': None}
  {'type': 'int_type', 'loc': ('response', 2, 'experience_years'), 'msg': 'Input should be a valid integer', 'input': None}

  File "C:\Users\User\Desktop\customer_api\env\Lib\site-packages\slowapi\extension.py", line 100, in get_all
    GET /customers/
2026-04-23 16:38:32,143 | INFO | app_logger | N/A | GET http://localhost:8000/auth/users/count
2026-04-23 16:38:32,145 | INFO | app_logger | N/A | GET http://localhost:8000/auth/users
2026-04-23 16:38:32,152 | INFO | app_logger | 6cca424c-8bce-4dcf-af0b-a6802b2f1f5d | Fetch users API called
2026-04-23 16:38:32,152 | INFO | app_logger | dacea03c-7ba8-4e4d-8e16-0a1d0f2cb171 | User count API called
2026-04-23 16:38:32,152 | INFO | app_logger | 6cca424c-8bce-4dcf-af0b-a6802b2f1f5d | Fetch users | skip=0 limit=10
2026-04-23 16:38:32,160 | INFO | app_logger | dacea03c-7ba8-4e4d-8e16-0a1d0f2cb171 | User count | total=1
2026-04-23 16:38:32,162 | INFO | app_logger | N/A | Response status: 200
2026-04-23 16:38:32,229 | INFO | app_logger | N/A | Response status: 200
2026-04-23 16:38:47,001 | INFO | app_logger | N/A | Application started successfully
2026-04-23 16:38:54,754 | INFO | app_logger | N/A | GET http://localhost:8000/customers/?page=1&limit=5
2026-04-23 16:38:54,756 | INFO | app_logger | N/A | GET http://localhost:8000/auth/users/count
2026-04-23 16:38:54,758 | INFO | app_logger | N/A | GET http://localhost:8000/auth/users
2026-04-23 16:38:54,776 | INFO | app_logger | c2274197-e8e3-4416-bb05-496c9debf8c0 | Fetch users API called
2026-04-23 16:38:54,776 | INFO | app_logger | dc0207d4-07f8-4cfe-b917-bc92abbcdb1e | Fetch customers | user=raghu@gmail.com | page=1 limit=5
2026-04-23 16:38:54,776 | INFO | app_logger | 0151f9c1-1c62-44c4-a7cf-504a3ed142a1 | User count API called
2026-04-23 16:38:54,777 | INFO | app_logger | c2274197-e8e3-4416-bb05-496c9debf8c0 | Fetch users | skip=0 limit=10
2026-04-23 16:38:54,777 | INFO | app_logger | dc0207d4-07f8-4cfe-b917-bc92abbcdb1e | Fetch customers | page=1 limit=5
2026-04-23 16:38:54,800 | INFO | app_logger | 0151f9c1-1c62-44c4-a7cf-504a3ed142a1 | User count | total=1
2026-04-23 16:38:54,800 | INFO | app_logger | N/A | Response status: 200
2026-04-23 16:38:54,889 | INFO | app_logger | N/A | Response status: 200
2026-04-23 16:38:54,897 | CRITICAL | app_logger | N/A | Unhandled Exception: 10 validation errors:
  {'type': 'int_type', 'loc': ('response', 1, 'age'), 'msg': 'Input should be a valid integer', 'input': None}
  {'type': 'string_type', 'loc': ('response', 1, 'gender'), 'msg': 'Input should be a valid string', 'input': None}
  {'type': 'string_type', 'loc': ('response', 1, 'date_of_birth'), 'msg': 'Input should be a valid string', 'input': None}
  {'type': 'string_type', 'loc': ('response', 1, 'job_title'), 'msg': 'Input should be a valid string', 'input': None}
  {'type': 'int_type', 'loc': ('response', 1, 'experience_years'), 'msg': 'Input should be a valid integer', 'input': None}
  {'type': 'int_type', 'loc': ('response', 2, 'age'), 'msg': 'Input should be a valid integer', 'input': None}
  {'type': 'string_type', 'loc': ('response', 2, 'gender'), 'msg': 'Input should be a valid string', 'input': None}
  {'type': 'string_type', 'loc': ('response', 2, 'date_of_birth'), 'msg': 'Input should be a valid string', 'input': None}
  {'type': 'string_type', 'loc': ('response', 2, 'job_title'), 'msg': 'Input should be a valid string', 'input': None}
  {'type': 'int_type', 'loc': ('response', 2, 'experience_years'), 'msg': 'Input should be a valid integer', 'input': None}

  File "C:\Users\User\Desktop\customer_api\env\Lib\site-packages\slowapi\extension.py", line 100, in get_all
    GET /customers/
2026-04-23 16:39:19,436 | INFO | app_logger | N/A | POST http://localhost:8000/auth/login
2026-04-23 16:39:19,512 | INFO | app_logger | 836d9953-47bc-435d-8649-292b5de93e18 | Login API called | email=raghu@gmail.com
2026-04-23 16:39:19,513 | INFO | app_logger | 836d9953-47bc-435d-8649-292b5de93e18 | Login attempt | email=raghu@gmail.com
2026-04-23 16:39:20,165 | INFO | app_logger | 836d9953-47bc-435d-8649-292b5de93e18 | Login success | email=raghu@gmail.com
2026-04-23 16:39:20,165 | INFO | app_logger | N/A | Response status: 200
2026-04-23 16:39:20,178 | INFO | app_logger | N/A | GET http://localhost:8000/auth/users
2026-04-23 16:39:20,183 | INFO | app_logger | 8dde718a-b9ca-474c-8e96-f6f0d6f6e9b0 | Fetch users API called
2026-04-23 16:39:20,184 | INFO | app_logger | 8dde718a-b9ca-474c-8e96-f6f0d6f6e9b0 | Fetch users | skip=0 limit=10
2026-04-23 16:39:20,187 | INFO | app_logger | N/A | Response status: 200
2026-04-23 16:39:20,190 | INFO | app_logger | N/A | GET http://localhost:8000/auth/users/count
2026-04-23 16:39:20,194 | INFO | app_logger | 09efdf4b-1ae1-4f7e-9813-3ee10e5a7ac7 | User count API called
2026-04-23 16:39:20,195 | INFO | app_logger | 09efdf4b-1ae1-4f7e-9813-3ee10e5a7ac7 | User count | total=1
2026-04-23 16:39:20,197 | INFO | app_logger | N/A | Response status: 200
2026-04-23 16:39:20,201 | INFO | app_logger | N/A | GET http://localhost:8000/customers/?page=1&limit=5
2026-04-23 16:39:20,203 | INFO | app_logger | 340ec514-cb88-49b3-b16e-8febc2d89da1 | Fetch customers | user=raghu@gmail.com | page=1 limit=5
2026-04-23 16:39:20,203 | INFO | app_logger | 340ec514-cb88-49b3-b16e-8febc2d89da1 | Fetch customers | page=1 limit=5
2026-04-23 16:39:20,205 | CRITICAL | app_logger | N/A | Unhandled Exception: 10 validation errors:
  {'type': 'int_type', 'loc': ('response', 1, 'age'), 'msg': 'Input should be a valid integer', 'input': None}
  {'type': 'string_type', 'loc': ('response', 1, 'gender'), 'msg': 'Input should be a valid string', 'input': None}
  {'type': 'string_type', 'loc': ('response', 1, 'date_of_birth'), 'msg': 'Input should be a valid string', 'input': None}
  {'type': 'string_type', 'loc': ('response', 1, 'job_title'), 'msg': 'Input should be a valid string', 'input': None}
  {'type': 'int_type', 'loc': ('response', 1, 'experience_years'), 'msg': 'Input should be a valid integer', 'input': None}
  {'type': 'int_type', 'loc': ('response', 2, 'age'), 'msg': 'Input should be a valid integer', 'input': None}
  {'type': 'string_type', 'loc': ('response', 2, 'gender'), 'msg': 'Input should be a valid string', 'input': None}
  {'type': 'string_type', 'loc': ('response', 2, 'date_of_birth'), 'msg': 'Input should be a valid string', 'input': None}
  {'type': 'string_type', 'loc': ('response', 2, 'job_title'), 'msg': 'Input should be a valid string', 'input': None}
  {'type': 'int_type', 'loc': ('response', 2, 'experience_years'), 'msg': 'Input should be a valid integer', 'input': None}

  File "C:\Users\User\Desktop\customer_api\env\Lib\site-packages\slowapi\extension.py", line 100, in get_all
    GET /customers/
2026-04-23 16:39:22,031 | INFO | app_logger | N/A | GET http://localhost:8000/customers/?page=1&limit=5
2026-04-23 16:39:22,035 | INFO | app_logger | N/A | GET http://localhost:8000/auth/users
2026-04-23 16:39:22,035 | INFO | app_logger | N/A | GET http://localhost:8000/auth/users/count
2026-04-23 16:39:22,045 | INFO | app_logger | 2e741c96-9849-406f-b16e-ae23e792d824 | Fetch users API called
2026-04-23 16:39:22,045 | INFO | app_logger | 34a9fce4-da4a-4d27-84d5-57164dd30833 | Fetch customers | user=raghu@gmail.com | page=1 limit=5
2026-04-23 16:39:22,046 | INFO | app_logger | 2e741c96-9849-406f-b16e-ae23e792d824 | Fetch users | skip=0 limit=10
2026-04-23 16:39:22,046 | INFO | app_logger | acde2845-e9f9-4a8f-87af-d4645e73f5f1 | User count API called
2026-04-23 16:39:22,047 | INFO | app_logger | 34a9fce4-da4a-4d27-84d5-57164dd30833 | Fetch customers | page=1 limit=5
2026-04-23 16:39:22,053 | INFO | app_logger | acde2845-e9f9-4a8f-87af-d4645e73f5f1 | User count | total=1
2026-04-23 16:39:22,053 | INFO | app_logger | N/A | Response status: 200
2026-04-23 16:39:22,055 | INFO | app_logger | N/A | Response status: 200
2026-04-23 16:39:22,066 | CRITICAL | app_logger | N/A | Unhandled Exception: 10 validation errors:
  {'type': 'int_type', 'loc': ('response', 1, 'age'), 'msg': 'Input should be a valid integer', 'input': None}
  {'type': 'string_type', 'loc': ('response', 1, 'gender'), 'msg': 'Input should be a valid string', 'input': None}
  {'type': 'string_type', 'loc': ('response', 1, 'date_of_birth'), 'msg': 'Input should be a valid string', 'input': None}
  {'type': 'string_type', 'loc': ('response', 1, 'job_title'), 'msg': 'Input should be a valid string', 'input': None}
  {'type': 'int_type', 'loc': ('response', 1, 'experience_years'), 'msg': 'Input should be a valid integer', 'input': None}
  {'type': 'int_type', 'loc': ('response', 2, 'age'), 'msg': 'Input should be a valid integer', 'input': None}
  {'type': 'string_type', 'loc': ('response', 2, 'gender'), 'msg': 'Input should be a valid string', 'input': None}
  {'type': 'string_type', 'loc': ('response', 2, 'date_of_birth'), 'msg': 'Input should be a valid string', 'input': None}
  {'type': 'string_type', 'loc': ('response', 2, 'job_title'), 'msg': 'Input should be a valid string', 'input': None}
  {'type': 'int_type', 'loc': ('response', 2, 'experience_years'), 'msg': 'Input should be a valid integer', 'input': None}

  File "C:\Users\User\Desktop\customer_api\env\Lib\site-packages\slowapi\extension.py", line 100, in get_all
    GET /customers/
2026-04-23 16:39:22,477 | INFO | app_logger | N/A | GET http://localhost:8000/customers/?page=1&limit=5
2026-04-23 16:39:22,478 | INFO | app_logger | N/A | GET http://localhost:8000/auth/users
2026-04-23 16:39:22,484 | INFO | app_logger | 4846e087-614a-4a56-94fd-fdf843f79030 | Fetch users API called
2026-04-23 16:39:22,484 | INFO | app_logger | 98ff4a0c-f3b8-4c9a-b31f-8e8ec0a5aa50 | Fetch customers | user=raghu@gmail.com | page=1 limit=5
2026-04-23 16:39:22,485 | INFO | app_logger | 4846e087-614a-4a56-94fd-fdf843f79030 | Fetch users | skip=0 limit=10
2026-04-23 16:39:22,485 | INFO | app_logger | 98ff4a0c-f3b8-4c9a-b31f-8e8ec0a5aa50 | Fetch customers | page=1 limit=5
2026-04-23 16:39:22,489 | INFO | app_logger | N/A | Response status: 200
2026-04-23 16:39:22,495 | INFO | app_logger | N/A | GET http://localhost:8000/auth/users/count
2026-04-23 16:39:22,499 | CRITICAL | app_logger | N/A | Unhandled Exception: 10 validation errors:
  {'type': 'int_type', 'loc': ('response', 1, 'age'), 'msg': 'Input should be a valid integer', 'input': None}
  {'type': 'string_type', 'loc': ('response', 1, 'gender'), 'msg': 'Input should be a valid string', 'input': None}
  {'type': 'string_type', 'loc': ('response', 1, 'date_of_birth'), 'msg': 'Input should be a valid string', 'input': None}
  {'type': 'string_type', 'loc': ('response', 1, 'job_title'), 'msg': 'Input should be a valid string', 'input': None}
  {'type': 'int_type', 'loc': ('response', 1, 'experience_years'), 'msg': 'Input should be a valid integer', 'input': None}
  {'type': 'int_type', 'loc': ('response', 2, 'age'), 'msg': 'Input should be a valid integer', 'input': None}
  {'type': 'string_type', 'loc': ('response', 2, 'gender'), 'msg': 'Input should be a valid string', 'input': None}
  {'type': 'string_type', 'loc': ('response', 2, 'date_of_birth'), 'msg': 'Input should be a valid string', 'input': None}
  {'type': 'string_type', 'loc': ('response', 2, 'job_title'), 'msg': 'Input should be a valid string', 'input': None}
  {'type': 'int_type', 'loc': ('response', 2, 'experience_years'), 'msg': 'Input should be a valid integer', 'input': None}

  File "C:\Users\User\Desktop\customer_api\env\Lib\site-packages\slowapi\extension.py", line 100, in get_all
    GET /customers/
2026-04-23 16:39:22,521 | INFO | app_logger | 63d26a92-66ba-4014-9526-862c1790d2a4 | User count API called
2026-04-23 16:39:22,527 | INFO | app_logger | 63d26a92-66ba-4014-9526-862c1790d2a4 | User count | total=1
2026-04-23 16:39:22,528 | INFO | app_logger | N/A | Response status: 200
2026-04-23 16:39:22,757 | INFO | app_logger | N/A | GET http://localhost:8000/auth/users
2026-04-23 16:39:22,783 | INFO | app_logger | N/A | GET http://localhost:8000/customers/?page=1&limit=5
2026-04-23 16:39:22,787 | INFO | app_logger | 5631ceca-7c28-439e-b067-7be5836035a2 | Fetch users API called
2026-04-23 16:39:22,798 | INFO | app_logger | 5631ceca-7c28-439e-b067-7be5836035a2 | Fetch users | skip=0 limit=10
2026-04-23 16:39:22,844 | INFO | app_logger | N/A | Response status: 200
2026-04-23 16:39:22,901 | INFO | app_logger | d087873b-d468-4def-bff2-98a02466b70b | Fetch customers | user=raghu@gmail.com | page=1 limit=5
2026-04-23 16:39:22,903 | INFO | app_logger | d087873b-d468-4def-bff2-98a02466b70b | Fetch customers | page=1 limit=5
2026-04-23 16:39:22,930 | CRITICAL | app_logger | N/A | Unhandled Exception: 10 validation errors:
  {'type': 'int_type', 'loc': ('response', 1, 'age'), 'msg': 'Input should be a valid integer', 'input': None}
  {'type': 'string_type', 'loc': ('response', 1, 'gender'), 'msg': 'Input should be a valid string', 'input': None}
  {'type': 'string_type', 'loc': ('response', 1, 'date_of_birth'), 'msg': 'Input should be a valid string', 'input': None}
  {'type': 'string_type', 'loc': ('response', 1, 'job_title'), 'msg': 'Input should be a valid string', 'input': None}
  {'type': 'int_type', 'loc': ('response', 1, 'experience_years'), 'msg': 'Input should be a valid integer', 'input': None}
  {'type': 'int_type', 'loc': ('response', 2, 'age'), 'msg': 'Input should be a valid integer', 'input': None}
  {'type': 'string_type', 'loc': ('response', 2, 'gender'), 'msg': 'Input should be a valid string', 'input': None}
  {'type': 'string_type', 'loc': ('response', 2, 'date_of_birth'), 'msg': 'Input should be a valid string', 'input': None}
  {'type': 'string_type', 'loc': ('response', 2, 'job_title'), 'msg': 'Input should be a valid string', 'input': None}
  {'type': 'int_type', 'loc': ('response', 2, 'experience_years'), 'msg': 'Input should be a valid integer', 'input': None}

  File "C:\Users\User\Desktop\customer_api\env\Lib\site-packages\slowapi\extension.py", line 100, in get_all
    GET /customers/
2026-04-23 16:39:23,074 | INFO | app_logger | N/A | GET http://localhost:8000/auth/users
2026-04-23 16:39:23,076 | INFO | app_logger | N/A | GET http://localhost:8000/customers/?page=1&limit=5
2026-04-23 16:39:23,081 | INFO | app_logger | 40d61cbf-08e0-4117-9144-8d3bf5143797 | Fetch users API called
2026-04-23 16:39:23,081 | INFO | app_logger | 47fcb970-8026-4559-9d2f-297efdc8360b | Fetch customers | user=raghu@gmail.com | page=1 limit=5
2026-04-23 16:39:23,081 | INFO | app_logger | 40d61cbf-08e0-4117-9144-8d3bf5143797 | Fetch users | skip=0 limit=10
2026-04-23 16:39:23,083 | INFO | app_logger | 47fcb970-8026-4559-9d2f-297efdc8360b | Fetch customers | page=1 limit=5
2026-04-23 16:39:23,091 | INFO | app_logger | N/A | Response status: 200
2026-04-23 16:39:23,097 | INFO | app_logger | N/A | GET http://localhost:8000/auth/users/count
2026-04-23 16:39:23,105 | CRITICAL | app_logger | N/A | Unhandled Exception: 10 validation errors:
  {'type': 'int_type', 'loc': ('response', 1, 'age'), 'msg': 'Input should be a valid integer', 'input': None}
  {'type': 'string_type', 'loc': ('response', 1, 'gender'), 'msg': 'Input should be a valid string', 'input': None}
  {'type': 'string_type', 'loc': ('response', 1, 'date_of_birth'), 'msg': 'Input should be a valid string', 'input': None}
  {'type': 'string_type', 'loc': ('response', 1, 'job_title'), 'msg': 'Input should be a valid string', 'input': None}
  {'type': 'int_type', 'loc': ('response', 1, 'experience_years'), 'msg': 'Input should be a valid integer', 'input': None}
  {'type': 'int_type', 'loc': ('response', 2, 'age'), 'msg': 'Input should be a valid integer', 'input': None}
  {'type': 'string_type', 'loc': ('response', 2, 'gender'), 'msg': 'Input should be a valid string', 'input': None}
  {'type': 'string_type', 'loc': ('response', 2, 'date_of_birth'), 'msg': 'Input should be a valid string', 'input': None}
  {'type': 'string_type', 'loc': ('response', 2, 'job_title'), 'msg': 'Input should be a valid string', 'input': None}
  {'type': 'int_type', 'loc': ('response', 2, 'experience_years'), 'msg': 'Input should be a valid integer', 'input': None}

  File "C:\Users\User\Desktop\customer_api\env\Lib\site-packages\slowapi\extension.py", line 100, in get_all
    GET /customers/
2026-04-23 16:39:23,135 | INFO | app_logger | 473f5d14-4adf-4b3b-99d4-8c026af20c70 | User count API called
2026-04-23 16:39:23,139 | INFO | app_logger | 473f5d14-4adf-4b3b-99d4-8c026af20c70 | User count | total=1
2026-04-23 16:39:23,140 | INFO | app_logger | N/A | Response status: 200
2026-04-23 16:39:53,887 | INFO | app_logger | N/A | POST http://localhost:8000/auth/login
2026-04-23 16:39:53,895 | INFO | app_logger | 6df6fb6d-faaf-4d7b-b311-e5b3820bf196 | Login API called | email=raghu@gmail.com
2026-04-23 16:39:53,896 | INFO | app_logger | 6df6fb6d-faaf-4d7b-b311-e5b3820bf196 | Login attempt | email=raghu@gmail.com
2026-04-23 16:39:54,474 | INFO | app_logger | 6df6fb6d-faaf-4d7b-b311-e5b3820bf196 | Login success | email=raghu@gmail.com
2026-04-23 16:39:54,477 | INFO | app_logger | N/A | Response status: 200
2026-04-23 16:39:54,484 | INFO | app_logger | N/A | GET http://localhost:8000/customers/?page=1&limit=5
2026-04-23 16:39:54,488 | INFO | app_logger | N/A | GET http://localhost:8000/auth/users
2026-04-23 16:39:54,489 | INFO | app_logger | N/A | GET http://localhost:8000/auth/users/count
2026-04-23 16:39:54,498 | INFO | app_logger | 2ebda0ff-4e8e-424c-807d-23617eba8538 | Fetch customers | user=raghu@gmail.com | page=1 limit=5
2026-04-23 16:39:54,498 | INFO | app_logger | 7468c8a5-4d1c-4c00-abff-a555a35eba39 | User count API called
2026-04-23 16:39:54,498 | INFO | app_logger | f1740185-9354-4038-8f48-88a3ed92450c | Fetch users API called
2026-04-23 16:39:54,498 | INFO | app_logger | 2ebda0ff-4e8e-424c-807d-23617eba8538 | Fetch customers | page=1 limit=5
2026-04-23 16:39:54,500 | INFO | app_logger | f1740185-9354-4038-8f48-88a3ed92450c | Fetch users | skip=0 limit=10
2026-04-23 16:39:54,500 | INFO | app_logger | 7468c8a5-4d1c-4c00-abff-a555a35eba39 | User count | total=1
2026-04-23 16:39:54,505 | INFO | app_logger | N/A | Response status: 200
2026-04-23 16:39:54,510 | INFO | app_logger | N/A | Response status: 200
2026-04-23 16:39:54,515 | CRITICAL | app_logger | N/A | Unhandled Exception: 10 validation errors:
  {'type': 'int_type', 'loc': ('response', 1, 'age'), 'msg': 'Input should be a valid integer', 'input': None}
  {'type': 'string_type', 'loc': ('response', 1, 'gender'), 'msg': 'Input should be a valid string', 'input': None}
  {'type': 'string_type', 'loc': ('response', 1, 'date_of_birth'), 'msg': 'Input should be a valid string', 'input': None}
  {'type': 'string_type', 'loc': ('response', 1, 'job_title'), 'msg': 'Input should be a valid string', 'input': None}
  {'type': 'int_type', 'loc': ('response', 1, 'experience_years'), 'msg': 'Input should be a valid integer', 'input': None}
  {'type': 'int_type', 'loc': ('response', 2, 'age'), 'msg': 'Input should be a valid integer', 'input': None}
  {'type': 'string_type', 'loc': ('response', 2, 'gender'), 'msg': 'Input should be a valid string', 'input': None}
  {'type': 'string_type', 'loc': ('response', 2, 'date_of_birth'), 'msg': 'Input should be a valid string', 'input': None}
  {'type': 'string_type', 'loc': ('response', 2, 'job_title'), 'msg': 'Input should be a valid string', 'input': None}
  {'type': 'int_type', 'loc': ('response', 2, 'experience_years'), 'msg': 'Input should be a valid integer', 'input': None}

  File "C:\Users\User\Desktop\customer_api\env\Lib\site-packages\slowapi\extension.py", line 100, in get_all
    GET /customers/
2026-04-23 16:40:01,654 | INFO | app_logger | N/A | DELETE http://localhost:8000/auth/users/8
2026-04-23 16:40:01,669 | WARNING | app_logger | 0976d857-c1cb-4769-93b0-a73996659c36 | Delete user API called | user_id=8
2026-04-23 16:40:01,673 | INFO | app_logger | 0976d857-c1cb-4769-93b0-a73996659c36 | Delete user | id=8
2026-04-23 16:40:01,694 | INFO | app_logger | 0976d857-c1cb-4769-93b0-a73996659c36 | User deleted | id=8
2026-04-23 16:40:01,698 | INFO | app_logger | N/A | Response status: 200
2026-04-23 16:40:01,714 | INFO | app_logger | N/A | GET http://localhost:8000/auth/users
2026-04-23 16:40:01,727 | INFO | app_logger | 198f6f97-85d7-4772-96d8-270c88b67aa4 | Fetch users API called
2026-04-23 16:40:01,729 | INFO | app_logger | 198f6f97-85d7-4772-96d8-270c88b67aa4 | Fetch users | skip=0 limit=10
2026-04-23 16:40:01,737 | INFO | app_logger | N/A | Response status: 200
2026-04-23 16:40:01,747 | INFO | app_logger | N/A | GET http://localhost:8000/auth/users/count
2026-04-23 16:40:01,762 | INFO | app_logger | c7b6e531-b36f-4512-83c9-43cdf59f0d8f | User count API called
2026-04-23 16:40:01,771 | INFO | app_logger | c7b6e531-b36f-4512-83c9-43cdf59f0d8f | User count | total=0
2026-04-23 16:40:01,776 | INFO | app_logger | N/A | Response status: 200
2026-04-23 16:40:13,649 | INFO | app_logger | N/A | GET http://localhost:8000/customers/?page=1&limit=5
2026-04-23 16:40:13,651 | INFO | app_logger | N/A | GET http://localhost:8000/auth/users
2026-04-23 16:40:13,657 | INFO | app_logger | 00a8ae94-536e-41ce-b76d-f48ea6f1a0ec | Fetch customers | user=raghu@gmail.com | page=1 limit=5
2026-04-23 16:40:13,657 | INFO | app_logger | f7b47d24-025f-40fd-a02d-f900bacf7073 | Fetch users API called
2026-04-23 16:40:13,657 | INFO | app_logger | 00a8ae94-536e-41ce-b76d-f48ea6f1a0ec | Fetch customers | page=1 limit=5
2026-04-23 16:40:13,657 | INFO | app_logger | f7b47d24-025f-40fd-a02d-f900bacf7073 | Fetch users | skip=0 limit=10
2026-04-23 16:40:13,665 | INFO | app_logger | N/A | Response status: 200
2026-04-23 16:40:13,670 | INFO | app_logger | N/A | GET http://localhost:8000/auth/users/count
2026-04-23 16:40:13,674 | CRITICAL | app_logger | N/A | Unhandled Exception: 10 validation errors:
  {'type': 'int_type', 'loc': ('response', 1, 'age'), 'msg': 'Input should be a valid integer', 'input': None}
  {'type': 'string_type', 'loc': ('response', 1, 'gender'), 'msg': 'Input should be a valid string', 'input': None}
  {'type': 'string_type', 'loc': ('response', 1, 'date_of_birth'), 'msg': 'Input should be a valid string', 'input': None}
  {'type': 'string_type', 'loc': ('response', 1, 'job_title'), 'msg': 'Input should be a valid string', 'input': None}
  {'type': 'int_type', 'loc': ('response', 1, 'experience_years'), 'msg': 'Input should be a valid integer', 'input': None}
  {'type': 'int_type', 'loc': ('response', 2, 'age'), 'msg': 'Input should be a valid integer', 'input': None}
  {'type': 'string_type', 'loc': ('response', 2, 'gender'), 'msg': 'Input should be a valid string', 'input': None}
  {'type': 'string_type', 'loc': ('response', 2, 'date_of_birth'), 'msg': 'Input should be a valid string', 'input': None}
  {'type': 'string_type', 'loc': ('response', 2, 'job_title'), 'msg': 'Input should be a valid string', 'input': None}
  {'type': 'int_type', 'loc': ('response', 2, 'experience_years'), 'msg': 'Input should be a valid integer', 'input': None}

  File "C:\Users\User\Desktop\customer_api\env\Lib\site-packages\slowapi\extension.py", line 100, in get_all
    GET /customers/
2026-04-23 16:40:13,695 | INFO | app_logger | 50af4379-8136-4955-8f44-c94fed8d9f08 | User count API called
2026-04-23 16:40:13,700 | INFO | app_logger | 50af4379-8136-4955-8f44-c94fed8d9f08 | User count | total=0
2026-04-23 16:40:13,700 | INFO | app_logger | N/A | Response status: 200
2026-04-23 16:40:18,078 | INFO | app_logger | N/A | GET http://localhost:8000/auth/users
2026-04-23 16:40:18,081 | INFO | app_logger | N/A | GET http://localhost:8000/customers/?page=1&limit=5
2026-04-23 16:40:18,089 | INFO | app_logger | ebec28f1-410b-48cf-8604-95ca4e8d29a9 | Fetch customers | user=raghu@gmail.com | page=1 limit=5
2026-04-23 16:40:18,089 | INFO | app_logger | 48098446-c662-4635-a114-921ef2282f73 | Fetch users API called
2026-04-23 16:40:18,089 | INFO | app_logger | ebec28f1-410b-48cf-8604-95ca4e8d29a9 | Fetch customers | page=1 limit=5
2026-04-23 16:40:18,089 | INFO | app_logger | 48098446-c662-4635-a114-921ef2282f73 | Fetch users | skip=0 limit=10
2026-04-23 16:40:18,097 | INFO | app_logger | N/A | Response status: 200
2026-04-23 16:40:18,101 | INFO | app_logger | N/A | GET http://localhost:8000/auth/users/count
2026-04-23 16:40:18,103 | CRITICAL | app_logger | N/A | Unhandled Exception: 10 validation errors:
  {'type': 'int_type', 'loc': ('response', 1, 'age'), 'msg': 'Input should be a valid integer', 'input': None}
  {'type': 'string_type', 'loc': ('response', 1, 'gender'), 'msg': 'Input should be a valid string', 'input': None}
  {'type': 'string_type', 'loc': ('response', 1, 'date_of_birth'), 'msg': 'Input should be a valid string', 'input': None}
  {'type': 'string_type', 'loc': ('response', 1, 'job_title'), 'msg': 'Input should be a valid string', 'input': None}
  {'type': 'int_type', 'loc': ('response', 1, 'experience_years'), 'msg': 'Input should be a valid integer', 'input': None}
  {'type': 'int_type', 'loc': ('response', 2, 'age'), 'msg': 'Input should be a valid integer', 'input': None}
  {'type': 'string_type', 'loc': ('response', 2, 'gender'), 'msg': 'Input should be a valid string', 'input': None}
  {'type': 'string_type', 'loc': ('response', 2, 'date_of_birth'), 'msg': 'Input should be a valid string', 'input': None}
  {'type': 'string_type', 'loc': ('response', 2, 'job_title'), 'msg': 'Input should be a valid string', 'input': None}
  {'type': 'int_type', 'loc': ('response', 2, 'experience_years'), 'msg': 'Input should be a valid integer', 'input': None}

  File "C:\Users\User\Desktop\customer_api\env\Lib\site-packages\slowapi\extension.py", line 100, in get_all
    GET /customers/
2026-04-23 16:40:18,129 | INFO | app_logger | b7056efe-926d-4b5a-bd1e-50ca6d2fa108 | User count API called
2026-04-23 16:40:18,134 | INFO | app_logger | b7056efe-926d-4b5a-bd1e-50ca6d2fa108 | User count | total=0
2026-04-23 16:40:18,135 | INFO | app_logger | N/A | Response status: 200
2026-04-23 16:40:40,751 | INFO | app_logger | N/A | POST http://localhost:8000/auth/register
2026-04-23 16:40:40,755 | INFO | app_logger | 4480fc63-1a2b-41a6-8643-0d8410d693f3 | Register API called | email=raghu@gmail.com
2026-04-23 16:40:40,760 | INFO | app_logger | 4480fc63-1a2b-41a6-8643-0d8410d693f3 | Register attempt | email=raghu@gmail.com username=raghu
2026-04-23 16:40:41,366 | INFO | app_logger | 4480fc63-1a2b-41a6-8643-0d8410d693f3 | User registered successfully | email=raghu@gmail.com
2026-04-23 16:40:41,366 | INFO | app_logger | N/A | Response status: 201
2026-04-23 16:41:00,122 | INFO | app_logger | N/A | POST http://localhost:8000/auth/login
2026-04-23 16:41:00,132 | INFO | app_logger | 0bbf6267-d474-4126-9c82-be34ec29b5c5 | Login API called | email=raghu@gmail.com
2026-04-23 16:41:00,135 | INFO | app_logger | 0bbf6267-d474-4126-9c82-be34ec29b5c5 | Login attempt | email=raghu@gmail.com
2026-04-23 16:41:00,734 | INFO | app_logger | 0bbf6267-d474-4126-9c82-be34ec29b5c5 | Login success | email=raghu@gmail.com
2026-04-23 16:41:00,734 | INFO | app_logger | N/A | Response status: 200
2026-04-23 16:41:00,745 | INFO | app_logger | N/A | GET http://localhost:8000/auth/users
2026-04-23 16:41:00,747 | INFO | app_logger | N/A | GET http://localhost:8000/customers/?page=1&limit=5
2026-04-23 16:41:00,753 | INFO | app_logger | a44b78d0-b162-439e-8ee8-21ac556d8dae | Fetch users API called
2026-04-23 16:41:00,753 | INFO | app_logger | 44dfa52d-0d4a-46e0-bd84-413ad1e7f4b2 | Fetch customers | user=raghu@gmail.com | page=1 limit=5
2026-04-23 16:41:00,755 | INFO | app_logger | a44b78d0-b162-439e-8ee8-21ac556d8dae | Fetch users | skip=0 limit=10
2026-04-23 16:41:00,755 | INFO | app_logger | 44dfa52d-0d4a-46e0-bd84-413ad1e7f4b2 | Fetch customers | page=1 limit=5
2026-04-23 16:41:00,759 | INFO | app_logger | N/A | Response status: 200
2026-04-23 16:41:00,765 | INFO | app_logger | N/A | GET http://localhost:8000/auth/users/count
2026-04-23 16:41:00,769 | CRITICAL | app_logger | N/A | Unhandled Exception: 10 validation errors:
  {'type': 'int_type', 'loc': ('response', 1, 'age'), 'msg': 'Input should be a valid integer', 'input': None}
  {'type': 'string_type', 'loc': ('response', 1, 'gender'), 'msg': 'Input should be a valid string', 'input': None}
  {'type': 'string_type', 'loc': ('response', 1, 'date_of_birth'), 'msg': 'Input should be a valid string', 'input': None}
  {'type': 'string_type', 'loc': ('response', 1, 'job_title'), 'msg': 'Input should be a valid string', 'input': None}
  {'type': 'int_type', 'loc': ('response', 1, 'experience_years'), 'msg': 'Input should be a valid integer', 'input': None}
  {'type': 'int_type', 'loc': ('response', 2, 'age'), 'msg': 'Input should be a valid integer', 'input': None}
  {'type': 'string_type', 'loc': ('response', 2, 'gender'), 'msg': 'Input should be a valid string', 'input': None}
  {'type': 'string_type', 'loc': ('response', 2, 'date_of_birth'), 'msg': 'Input should be a valid string', 'input': None}
  {'type': 'string_type', 'loc': ('response', 2, 'job_title'), 'msg': 'Input should be a valid string', 'input': None}
  {'type': 'int_type', 'loc': ('response', 2, 'experience_years'), 'msg': 'Input should be a valid integer', 'input': None}

  File "C:\Users\User\Desktop\customer_api\env\Lib\site-packages\slowapi\extension.py", line 100, in get_all
    GET /customers/
2026-04-23 16:41:00,785 | INFO | app_logger | c1193a4c-2c45-4327-8ff2-dd1ee8d983c5 | User count API called
2026-04-23 16:41:00,789 | INFO | app_logger | c1193a4c-2c45-4327-8ff2-dd1ee8d983c5 | User count | total=1
2026-04-23 16:41:00,792 | INFO | app_logger | N/A | Response status: 200
2026-04-23 16:41:05,065 | INFO | app_logger | N/A | GET http://localhost:8000/auth/users
2026-04-23 16:41:05,073 | INFO | app_logger | N/A | GET http://localhost:8000/customers/?page=1&limit=5
2026-04-23 16:41:05,090 | INFO | app_logger | 8dc98de3-2f2c-4710-b91b-b4abf3961319 | Fetch users API called
2026-04-23 16:41:05,090 | INFO | app_logger | 8e93fc79-48d3-4fae-95cf-b637f650a626 | Fetch customers | user=raghu@gmail.com | page=1 limit=5
2026-04-23 16:41:05,093 | INFO | app_logger | 8dc98de3-2f2c-4710-b91b-b4abf3961319 | Fetch users | skip=0 limit=10
2026-04-23 16:41:05,095 | INFO | app_logger | 8e93fc79-48d3-4fae-95cf-b637f650a626 | Fetch customers | page=1 limit=5
2026-04-23 16:41:05,111 | INFO | app_logger | N/A | Response status: 200
2026-04-23 16:41:05,118 | CRITICAL | app_logger | N/A | Unhandled Exception: 10 validation errors:
  {'type': 'int_type', 'loc': ('response', 1, 'age'), 'msg': 'Input should be a valid integer', 'input': None}
  {'type': 'string_type', 'loc': ('response', 1, 'gender'), 'msg': 'Input should be a valid string', 'input': None}
  {'type': 'string_type', 'loc': ('response', 1, 'date_of_birth'), 'msg': 'Input should be a valid string', 'input': None}
  {'type': 'string_type', 'loc': ('response', 1, 'job_title'), 'msg': 'Input should be a valid string', 'input': None}
  {'type': 'int_type', 'loc': ('response', 1, 'experience_years'), 'msg': 'Input should be a valid integer', 'input': None}
  {'type': 'int_type', 'loc': ('response', 2, 'age'), 'msg': 'Input should be a valid integer', 'input': None}
  {'type': 'string_type', 'loc': ('response', 2, 'gender'), 'msg': 'Input should be a valid string', 'input': None}
  {'type': 'string_type', 'loc': ('response', 2, 'date_of_birth'), 'msg': 'Input should be a valid string', 'input': None}
  {'type': 'string_type', 'loc': ('response', 2, 'job_title'), 'msg': 'Input should be a valid string', 'input': None}
  {'type': 'int_type', 'loc': ('response', 2, 'experience_years'), 'msg': 'Input should be a valid integer', 'input': None}

  File "C:\Users\User\Desktop\customer_api\env\Lib\site-packages\slowapi\extension.py", line 100, in get_all
    GET /customers/
2026-04-23 16:41:05,389 | INFO | app_logger | N/A | GET http://localhost:8000/auth/users
2026-04-23 16:41:05,397 | INFO | app_logger | 6fd38acd-796a-422f-b00d-dd605c4bbc64 | Fetch users API called
2026-04-23 16:41:05,398 | INFO | app_logger | 6fd38acd-796a-422f-b00d-dd605c4bbc64 | Fetch users | skip=0 limit=10
2026-04-23 16:41:05,404 | INFO | app_logger | N/A | Response status: 200
2026-04-23 16:41:05,412 | INFO | app_logger | N/A | GET http://localhost:8000/customers/?page=1&limit=5
2026-04-23 16:41:05,419 | INFO | app_logger | 0668c4c2-8b03-446f-8366-02f2d3a4edb6 | Fetch customers | user=raghu@gmail.com | page=1 limit=5
2026-04-23 16:41:05,422 | INFO | app_logger | 0668c4c2-8b03-446f-8366-02f2d3a4edb6 | Fetch customers | page=1 limit=5
2026-04-23 16:41:05,436 | CRITICAL | app_logger | N/A | Unhandled Exception: 10 validation errors:
  {'type': 'int_type', 'loc': ('response', 1, 'age'), 'msg': 'Input should be a valid integer', 'input': None}
  {'type': 'string_type', 'loc': ('response', 1, 'gender'), 'msg': 'Input should be a valid string', 'input': None}
  {'type': 'string_type', 'loc': ('response', 1, 'date_of_birth'), 'msg': 'Input should be a valid string', 'input': None}
  {'type': 'string_type', 'loc': ('response', 1, 'job_title'), 'msg': 'Input should be a valid string', 'input': None}
  {'type': 'int_type', 'loc': ('response', 1, 'experience_years'), 'msg': 'Input should be a valid integer', 'input': None}
  {'type': 'int_type', 'loc': ('response', 2, 'age'), 'msg': 'Input should be a valid integer', 'input': None}
  {'type': 'string_type', 'loc': ('response', 2, 'gender'), 'msg': 'Input should be a valid string', 'input': None}
  {'type': 'string_type', 'loc': ('response', 2, 'date_of_birth'), 'msg': 'Input should be a valid string', 'input': None}
  {'type': 'string_type', 'loc': ('response', 2, 'job_title'), 'msg': 'Input should be a valid string', 'input': None}
  {'type': 'int_type', 'loc': ('response', 2, 'experience_years'), 'msg': 'Input should be a valid integer', 'input': None}

  File "C:\Users\User\Desktop\customer_api\env\Lib\site-packages\slowapi\extension.py", line 100, in get_all
    GET /customers/
2026-04-23 16:41:05,469 | INFO | app_logger | N/A | GET http://localhost:8000/auth/users/count
2026-04-23 16:41:05,479 | INFO | app_logger | 96bf59e9-6936-4e99-ad77-3f3090cfd624 | User count API called
2026-04-23 16:41:05,484 | INFO | app_logger | 96bf59e9-6936-4e99-ad77-3f3090cfd624 | User count | total=1
2026-04-23 16:41:05,485 | INFO | app_logger | N/A | Response status: 200
2026-04-23 16:41:05,531 | INFO | app_logger | N/A | GET http://localhost:8000/customers/?page=1&limit=5
2026-04-23 16:41:05,533 | INFO | app_logger | N/A | GET http://localhost:8000/auth/users/count
2026-04-23 16:41:05,535 | INFO | app_logger | N/A | GET http://localhost:8000/auth/users
2026-04-23 16:41:05,543 | INFO | app_logger | 3849c2b6-c03b-42a5-916d-f7e4df7e663f | User count API called
2026-04-23 16:41:05,543 | INFO | app_logger | a5460a87-7c16-442a-88ad-8a852ae0337a | Fetch users API called
2026-04-23 16:41:05,543 | INFO | app_logger | 1ca9edc5-8f3c-4410-bfdb-a93fe8179f5d | Fetch customers | user=raghu@gmail.com | page=1 limit=5
2026-04-23 16:41:05,545 | INFO | app_logger | a5460a87-7c16-442a-88ad-8a852ae0337a | Fetch users | skip=0 limit=10
2026-04-23 16:41:05,545 | INFO | app_logger | 3849c2b6-c03b-42a5-916d-f7e4df7e663f | User count | total=1
2026-04-23 16:41:05,545 | INFO | app_logger | 1ca9edc5-8f3c-4410-bfdb-a93fe8179f5d | Fetch customers | page=1 limit=5
2026-04-23 16:41:05,553 | INFO | app_logger | N/A | Response status: 200
2026-04-23 16:41:05,553 | INFO | app_logger | N/A | Response status: 200
2026-04-23 16:41:05,567 | CRITICAL | app_logger | N/A | Unhandled Exception: 10 validation errors:
  {'type': 'int_type', 'loc': ('response', 1, 'age'), 'msg': 'Input should be a valid integer', 'input': None}
  {'type': 'string_type', 'loc': ('response', 1, 'gender'), 'msg': 'Input should be a valid string', 'input': None}
  {'type': 'string_type', 'loc': ('response', 1, 'date_of_birth'), 'msg': 'Input should be a valid string', 'input': None}
  {'type': 'string_type', 'loc': ('response', 1, 'job_title'), 'msg': 'Input should be a valid string', 'input': None}
  {'type': 'int_type', 'loc': ('response', 1, 'experience_years'), 'msg': 'Input should be a valid integer', 'input': None}
  {'type': 'int_type', 'loc': ('response', 2, 'age'), 'msg': 'Input should be a valid integer', 'input': None}
  {'type': 'string_type', 'loc': ('response', 2, 'gender'), 'msg': 'Input should be a valid string', 'input': None}
  {'type': 'string_type', 'loc': ('response', 2, 'date_of_birth'), 'msg': 'Input should be a valid string', 'input': None}
  {'type': 'string_type', 'loc': ('response', 2, 'job_title'), 'msg': 'Input should be a valid string', 'input': None}
  {'type': 'int_type', 'loc': ('response', 2, 'experience_years'), 'msg': 'Input should be a valid integer', 'input': None}

  File "C:\Users\User\Desktop\customer_api\env\Lib\site-packages\slowapi\extension.py", line 100, in get_all
    GET /customers/
2026-04-23 16:41:05,819 | INFO | app_logger | N/A | GET http://localhost:8000/auth/users
2026-04-23 16:41:05,822 | INFO | app_logger | N/A | GET http://localhost:8000/customers/?page=1&limit=5
2026-04-23 16:41:05,824 | INFO | app_logger | N/A | GET http://localhost:8000/auth/users/count
2026-04-23 16:41:05,835 | INFO | app_logger | 7e6cdf04-18a9-4d97-bc68-568d7b528b7d | Fetch customers | user=raghu@gmail.com | page=1 limit=5
2026-04-23 16:41:05,835 | INFO | app_logger | a1caf59e-0ed0-41d9-80f1-8e0bd262e3f9 | Fetch users API called
2026-04-23 16:41:05,835 | INFO | app_logger | 4f348277-0330-46ee-a0b4-95b4c986bb0d | User count API called
2026-04-23 16:41:05,835 | INFO | app_logger | 7e6cdf04-18a9-4d97-bc68-568d7b528b7d | Fetch customers | page=1 limit=5
2026-04-23 16:41:05,836 | INFO | app_logger | a1caf59e-0ed0-41d9-80f1-8e0bd262e3f9 | Fetch users | skip=0 limit=10
2026-04-23 16:41:05,841 | INFO | app_logger | 4f348277-0330-46ee-a0b4-95b4c986bb0d | User count | total=1
2026-04-23 16:41:05,847 | INFO | app_logger | N/A | Response status: 200
2026-04-23 16:41:05,852 | INFO | app_logger | N/A | Response status: 200
2026-04-23 16:41:05,861 | CRITICAL | app_logger | N/A | Unhandled Exception: 10 validation errors:
  {'type': 'int_type', 'loc': ('response', 1, 'age'), 'msg': 'Input should be a valid integer', 'input': None}
  {'type': 'string_type', 'loc': ('response', 1, 'gender'), 'msg': 'Input should be a valid string', 'input': None}
  {'type': 'string_type', 'loc': ('response', 1, 'date_of_birth'), 'msg': 'Input should be a valid string', 'input': None}
  {'type': 'string_type', 'loc': ('response', 1, 'job_title'), 'msg': 'Input should be a valid string', 'input': None}
  {'type': 'int_type', 'loc': ('response', 1, 'experience_years'), 'msg': 'Input should be a valid integer', 'input': None}
  {'type': 'int_type', 'loc': ('response', 2, 'age'), 'msg': 'Input should be a valid integer', 'input': None}
  {'type': 'string_type', 'loc': ('response', 2, 'gender'), 'msg': 'Input should be a valid string', 'input': None}
  {'type': 'string_type', 'loc': ('response', 2, 'date_of_birth'), 'msg': 'Input should be a valid string', 'input': None}
  {'type': 'string_type', 'loc': ('response', 2, 'job_title'), 'msg': 'Input should be a valid string', 'input': None}
  {'type': 'int_type', 'loc': ('response', 2, 'experience_years'), 'msg': 'Input should be a valid integer', 'input': None}

  File "C:\Users\User\Desktop\customer_api\env\Lib\site-packages\slowapi\extension.py", line 100, in get_all
    GET /customers/
2026-04-23 16:41:05,951 | INFO | app_logger | N/A | GET http://localhost:8000/auth/users/count
2026-04-23 16:41:05,959 | INFO | app_logger | N/A | GET http://localhost:8000/auth/users
2026-04-23 16:41:05,963 | INFO | app_logger | N/A | GET http://localhost:8000/customers/?page=1&limit=5
2026-04-23 16:41:06,014 | INFO | app_logger | 696c01b2-fa3b-431c-a2c7-0d8340d11013 | Fetch users API called
2026-04-23 16:41:06,016 | INFO | app_logger | e253218a-f5d6-43f6-a35b-6a801481070d | Fetch customers | user=raghu@gmail.com | page=1 limit=5
2026-04-23 16:41:06,016 | INFO | app_logger | 102bd803-e21e-4fab-b3bf-bdc1eeab0013 | User count API called
2026-04-23 16:41:06,020 | INFO | app_logger | 696c01b2-fa3b-431c-a2c7-0d8340d11013 | Fetch users | skip=0 limit=10
2026-04-23 16:41:06,034 | INFO | app_logger | e253218a-f5d6-43f6-a35b-6a801481070d | Fetch customers | page=1 limit=5
2026-04-23 16:41:06,037 | INFO | app_logger | 102bd803-e21e-4fab-b3bf-bdc1eeab0013 | User count | total=1
2026-04-23 16:41:06,037 | INFO | app_logger | N/A | Response status: 200
2026-04-23 16:41:06,065 | INFO | app_logger | N/A | Response status: 200
2026-04-23 16:41:06,071 | CRITICAL | app_logger | N/A | Unhandled Exception: 10 validation errors:
  {'type': 'int_type', 'loc': ('response', 1, 'age'), 'msg': 'Input should be a valid integer', 'input': None}
  {'type': 'string_type', 'loc': ('response', 1, 'gender'), 'msg': 'Input should be a valid string', 'input': None}
  {'type': 'string_type', 'loc': ('response', 1, 'date_of_birth'), 'msg': 'Input should be a valid string', 'input': None}
  {'type': 'string_type', 'loc': ('response', 1, 'job_title'), 'msg': 'Input should be a valid string', 'input': None}
  {'type': 'int_type', 'loc': ('response', 1, 'experience_years'), 'msg': 'Input should be a valid integer', 'input': None}
  {'type': 'int_type', 'loc': ('response', 2, 'age'), 'msg': 'Input should be a valid integer', 'input': None}
  {'type': 'string_type', 'loc': ('response', 2, 'gender'), 'msg': 'Input should be a valid string', 'input': None}
  {'type': 'string_type', 'loc': ('response', 2, 'date_of_birth'), 'msg': 'Input should be a valid string', 'input': None}
  {'type': 'string_type', 'loc': ('response', 2, 'job_title'), 'msg': 'Input should be a valid string', 'input': None}
  {'type': 'int_type', 'loc': ('response', 2, 'experience_years'), 'msg': 'Input should be a valid integer', 'input': None}

  File "C:\Users\User\Desktop\customer_api\env\Lib\site-packages\slowapi\extension.py", line 100, in get_all
    GET /customers/
2026-04-23 16:41:26,655 | INFO | app_logger | N/A | GET http://127.0.0.1:8000/docs
2026-04-23 16:41:26,655 | INFO | app_logger | N/A | Response status: 200
2026-04-23 16:41:26,784 | INFO | app_logger | N/A | GET http://127.0.0.1:8000/openapi.json
2026-04-23 16:41:26,969 | INFO | app_logger | N/A | Response status: 200
2026-04-23 16:41:58,309 | INFO | app_logger | N/A | POST http://127.0.0.1:8000/auth/login
2026-04-23 16:41:58,311 | INFO | app_logger | b7242794-a4b2-4a31-a555-69a222bf943b | Login API called | email=raghu@gmail.com
2026-04-23 16:41:58,312 | INFO | app_logger | b7242794-a4b2-4a31-a555-69a222bf943b | Login attempt | email=raghu@gmail.com
2026-04-23 16:41:58,877 | INFO | app_logger | b7242794-a4b2-4a31-a555-69a222bf943b | Login success | email=raghu@gmail.com
2026-04-23 16:41:58,879 | INFO | app_logger | N/A | Response status: 200
2026-04-23 16:42:34,871 | INFO | app_logger | N/A | GET http://127.0.0.1:8000/customers/?page=1&limit=5
2026-04-23 16:42:34,871 | INFO | app_logger | d17d6a3e-8965-48de-9d07-75461d3eb896 | Fetch customers | user=raghu@gmail.com | page=1 limit=5
2026-04-23 16:42:34,879 | INFO | app_logger | d17d6a3e-8965-48de-9d07-75461d3eb896 | Fetch customers | page=1 limit=5
2026-04-23 16:42:34,889 | CRITICAL | app_logger | N/A | Unhandled Exception: 10 validation errors:
  {'type': 'int_type', 'loc': ('response', 1, 'age'), 'msg': 'Input should be a valid integer', 'input': None}
  {'type': 'string_type', 'loc': ('response', 1, 'gender'), 'msg': 'Input should be a valid string', 'input': None}
  {'type': 'string_type', 'loc': ('response', 1, 'date_of_birth'), 'msg': 'Input should be a valid string', 'input': None}
  {'type': 'string_type', 'loc': ('response', 1, 'job_title'), 'msg': 'Input should be a valid string', 'input': None}
  {'type': 'int_type', 'loc': ('response', 1, 'experience_years'), 'msg': 'Input should be a valid integer', 'input': None}
  {'type': 'int_type', 'loc': ('response', 2, 'age'), 'msg': 'Input should be a valid integer', 'input': None}
  {'type': 'string_type', 'loc': ('response', 2, 'gender'), 'msg': 'Input should be a valid string', 'input': None}
  {'type': 'string_type', 'loc': ('response', 2, 'date_of_birth'), 'msg': 'Input should be a valid string', 'input': None}
  {'type': 'string_type', 'loc': ('response', 2, 'job_title'), 'msg': 'Input should be a valid string', 'input': None}
  {'type': 'int_type', 'loc': ('response', 2, 'experience_years'), 'msg': 'Input should be a valid integer', 'input': None}

  File "C:\Users\User\Desktop\customer_api\env\Lib\site-packages\slowapi\extension.py", line 100, in get_all
    GET /customers/
2026-04-23 16:42:35,112 | INFO | app_logger | N/A | GET http://127.0.0.1:8000/customers/?page=1&limit=5
2026-04-23 16:42:35,115 | INFO | app_logger | eb097df2-b054-45b3-b121-5475fc3f16f6 | Fetch customers | user=raghu@gmail.com | page=1 limit=5
2026-04-23 16:42:35,115 | INFO | app_logger | eb097df2-b054-45b3-b121-5475fc3f16f6 | Fetch customers | page=1 limit=5
2026-04-23 16:42:35,121 | CRITICAL | app_logger | N/A | Unhandled Exception: 10 validation errors:
  {'type': 'int_type', 'loc': ('response', 1, 'age'), 'msg': 'Input should be a valid integer', 'input': None}
  {'type': 'string_type', 'loc': ('response', 1, 'gender'), 'msg': 'Input should be a valid string', 'input': None}
  {'type': 'string_type', 'loc': ('response', 1, 'date_of_birth'), 'msg': 'Input should be a valid string', 'input': None}
  {'type': 'string_type', 'loc': ('response', 1, 'job_title'), 'msg': 'Input should be a valid string', 'input': None}
  {'type': 'int_type', 'loc': ('response', 1, 'experience_years'), 'msg': 'Input should be a valid integer', 'input': None}
  {'type': 'int_type', 'loc': ('response', 2, 'age'), 'msg': 'Input should be a valid integer', 'input': None}
  {'type': 'string_type', 'loc': ('response', 2, 'gender'), 'msg': 'Input should be a valid string', 'input': None}
  {'type': 'string_type', 'loc': ('response', 2, 'date_of_birth'), 'msg': 'Input should be a valid string', 'input': None}
  {'type': 'string_type', 'loc': ('response', 2, 'job_title'), 'msg': 'Input should be a valid string', 'input': None}
  {'type': 'int_type', 'loc': ('response', 2, 'experience_years'), 'msg': 'Input should be a valid integer', 'input': None}

  File "C:\Users\User\Desktop\customer_api\env\Lib\site-packages\slowapi\extension.py", line 100, in get_all
    GET /customers/
2026-04-23 16:42:55,000 | INFO | app_logger | N/A | GET http://127.0.0.1:8000/customers/?page=1&limit=10
2026-04-23 16:42:55,002 | INFO | app_logger | b7f33c98-b355-447f-bc85-b818f9375f8d | Fetch customers | user=raghu@gmail.com | page=1 limit=10
2026-04-23 16:42:55,004 | INFO | app_logger | b7f33c98-b355-447f-bc85-b818f9375f8d | Fetch customers | page=1 limit=10
2026-04-23 16:42:55,016 | CRITICAL | app_logger | N/A | Unhandled Exception: 10 validation errors:
  {'type': 'int_type', 'loc': ('response', 1, 'age'), 'msg': 'Input should be a valid integer', 'input': None}
  {'type': 'string_type', 'loc': ('response', 1, 'gender'), 'msg': 'Input should be a valid string', 'input': None}
  {'type': 'string_type', 'loc': ('response', 1, 'date_of_birth'), 'msg': 'Input should be a valid string', 'input': None}
  {'type': 'string_type', 'loc': ('response', 1, 'job_title'), 'msg': 'Input should be a valid string', 'input': None}
  {'type': 'int_type', 'loc': ('response', 1, 'experience_years'), 'msg': 'Input should be a valid integer', 'input': None}
  {'type': 'int_type', 'loc': ('response', 2, 'age'), 'msg': 'Input should be a valid integer', 'input': None}
  {'type': 'string_type', 'loc': ('response', 2, 'gender'), 'msg': 'Input should be a valid string', 'input': None}
  {'type': 'string_type', 'loc': ('response', 2, 'date_of_birth'), 'msg': 'Input should be a valid string', 'input': None}
  {'type': 'string_type', 'loc': ('response', 2, 'job_title'), 'msg': 'Input should be a valid string', 'input': None}
  {'type': 'int_type', 'loc': ('response', 2, 'experience_years'), 'msg': 'Input should be a valid integer', 'input': None}

  File "C:\Users\User\Desktop\customer_api\env\Lib\site-packages\slowapi\extension.py", line 100, in get_all
    GET /customers/
2026-04-23 16:43:44,206 | INFO | app_logger | N/A | Application started successfully
2026-04-23 16:43:49,949 | INFO | app_logger | N/A | GET http://localhost:8000/auth/users
2026-04-23 16:43:49,952 | INFO | app_logger | N/A | GET http://localhost:8000/customers/?page=1&limit=5
2026-04-23 16:43:49,952 | INFO | app_logger | N/A | GET http://localhost:8000/auth/users/count
2026-04-23 16:43:49,974 | INFO | app_logger | 4e7caaf8-74da-459f-871f-cbc783da9d00 | User count API called
2026-04-23 16:43:49,974 | INFO | app_logger | 221d5c31-0241-4f84-b210-a0c334b0df4e | Fetch customers | user=raghu@gmail.com | page=1 limit=5
2026-04-23 16:43:49,976 | INFO | app_logger | 6f75e878-6a26-4cb6-9807-4c412fcbd53d | Fetch users API called
2026-04-23 16:43:49,997 | INFO | app_logger | 221d5c31-0241-4f84-b210-a0c334b0df4e | Fetch customers | page=1 limit=5
2026-04-23 16:43:49,999 | INFO | app_logger | 6f75e878-6a26-4cb6-9807-4c412fcbd53d | Fetch users | skip=0 limit=10
2026-04-23 16:43:50,003 | INFO | app_logger | 4e7caaf8-74da-459f-871f-cbc783da9d00 | User count | total=1
2026-04-23 16:43:50,006 | INFO | app_logger | N/A | Response status: 200
2026-04-23 16:43:50,082 | INFO | app_logger | N/A | Response status: 200
2026-04-23 16:43:50,090 | CRITICAL | app_logger | N/A | Unhandled Exception: 10 validation errors:
  {'type': 'int_type', 'loc': ('response', 1, 'age'), 'msg': 'Input should be a valid integer', 'input': None}
  {'type': 'string_type', 'loc': ('response', 1, 'gender'), 'msg': 'Input should be a valid string', 'input': None}
  {'type': 'string_type', 'loc': ('response', 1, 'date_of_birth'), 'msg': 'Input should be a valid string', 'input': None}
  {'type': 'string_type', 'loc': ('response', 1, 'job_title'), 'msg': 'Input should be a valid string', 'input': None}
  {'type': 'int_type', 'loc': ('response', 1, 'experience_years'), 'msg': 'Input should be a valid integer', 'input': None}
  {'type': 'int_type', 'loc': ('response', 2, 'age'), 'msg': 'Input should be a valid integer', 'input': None}
  {'type': 'string_type', 'loc': ('response', 2, 'gender'), 'msg': 'Input should be a valid string', 'input': None}
  {'type': 'string_type', 'loc': ('response', 2, 'date_of_birth'), 'msg': 'Input should be a valid string', 'input': None}
  {'type': 'string_type', 'loc': ('response', 2, 'job_title'), 'msg': 'Input should be a valid string', 'input': None}
  {'type': 'int_type', 'loc': ('response', 2, 'experience_years'), 'msg': 'Input should be a valid integer', 'input': None}

  File "C:\Users\User\Desktop\customer_api\env\Lib\site-packages\slowapi\extension.py", line 100, in get_all
    GET /customers/
2026-04-23 16:43:51,736 | INFO | app_logger | N/A | GET http://localhost:8000/auth/users
2026-04-23 16:43:51,737 | INFO | app_logger | N/A | GET http://localhost:8000/auth/users/count
2026-04-23 16:43:51,739 | INFO | app_logger | N/A | GET http://localhost:8000/customers/?page=1&limit=5
2026-04-23 16:43:51,745 | INFO | app_logger | ad2cd823-79eb-4b19-8468-b1a631f4f998 | User count API called
2026-04-23 16:43:51,745 | INFO | app_logger | 0c3e4b04-16d5-4515-b18a-58e052fd2b1a | Fetch users API called
2026-04-23 16:43:51,745 | INFO | app_logger | 749677aa-ab77-4902-834b-994ada4f4f8e | Fetch customers | user=raghu@gmail.com | page=1 limit=5
2026-04-23 16:43:51,747 | INFO | app_logger | 0c3e4b04-16d5-4515-b18a-58e052fd2b1a | Fetch users | skip=0 limit=10
2026-04-23 16:43:51,747 | INFO | app_logger | ad2cd823-79eb-4b19-8468-b1a631f4f998 | User count | total=1
2026-04-23 16:43:51,749 | INFO | app_logger | 749677aa-ab77-4902-834b-994ada4f4f8e | Fetch customers | page=1 limit=5
2026-04-23 16:43:51,752 | INFO | app_logger | N/A | Response status: 200
2026-04-23 16:43:51,761 | INFO | app_logger | N/A | Response status: 200
2026-04-23 16:43:51,769 | CRITICAL | app_logger | N/A | Unhandled Exception: 10 validation errors:
  {'type': 'int_type', 'loc': ('response', 1, 'age'), 'msg': 'Input should be a valid integer', 'input': None}
  {'type': 'string_type', 'loc': ('response', 1, 'gender'), 'msg': 'Input should be a valid string', 'input': None}
  {'type': 'string_type', 'loc': ('response', 1, 'date_of_birth'), 'msg': 'Input should be a valid string', 'input': None}
  {'type': 'string_type', 'loc': ('response', 1, 'job_title'), 'msg': 'Input should be a valid string', 'input': None}
  {'type': 'int_type', 'loc': ('response', 1, 'experience_years'), 'msg': 'Input should be a valid integer', 'input': None}
  {'type': 'int_type', 'loc': ('response', 2, 'age'), 'msg': 'Input should be a valid integer', 'input': None}
  {'type': 'string_type', 'loc': ('response', 2, 'gender'), 'msg': 'Input should be a valid string', 'input': None}
  {'type': 'string_type', 'loc': ('response', 2, 'date_of_birth'), 'msg': 'Input should be a valid string', 'input': None}
  {'type': 'string_type', 'loc': ('response', 2, 'job_title'), 'msg': 'Input should be a valid string', 'input': None}
  {'type': 'int_type', 'loc': ('response', 2, 'experience_years'), 'msg': 'Input should be a valid integer', 'input': None}

  File "C:\Users\User\Desktop\customer_api\env\Lib\site-packages\slowapi\extension.py", line 100, in get_all
    GET /customers/
2026-04-23 16:43:52,597 | INFO | app_logger | N/A | GET http://localhost:8000/auth/users
2026-04-23 16:43:52,598 | INFO | app_logger | N/A | GET http://localhost:8000/customers/?page=1&limit=5
2026-04-23 16:43:52,604 | INFO | app_logger | 7a2b3e36-20a2-4bd3-afd4-8ae1ff75d294 | Fetch customers | user=raghu@gmail.com | page=1 limit=5
2026-04-23 16:43:52,604 | INFO | app_logger | a96c99e0-46a4-437d-96c2-e24953310360 | Fetch users API called
2026-04-23 16:43:52,604 | INFO | app_logger | 7a2b3e36-20a2-4bd3-afd4-8ae1ff75d294 | Fetch customers | page=1 limit=5
2026-04-23 16:43:52,605 | INFO | app_logger | a96c99e0-46a4-437d-96c2-e24953310360 | Fetch users | skip=0 limit=10
2026-04-23 16:43:52,612 | INFO | app_logger | N/A | Response status: 200
2026-04-23 16:43:52,617 | INFO | app_logger | N/A | GET http://localhost:8000/auth/users/count
2026-04-23 16:43:52,620 | CRITICAL | app_logger | N/A | Unhandled Exception: 10 validation errors:
  {'type': 'int_type', 'loc': ('response', 1, 'age'), 'msg': 'Input should be a valid integer', 'input': None}
  {'type': 'string_type', 'loc': ('response', 1, 'gender'), 'msg': 'Input should be a valid string', 'input': None}
  {'type': 'string_type', 'loc': ('response', 1, 'date_of_birth'), 'msg': 'Input should be a valid string', 'input': None}
  {'type': 'string_type', 'loc': ('response', 1, 'job_title'), 'msg': 'Input should be a valid string', 'input': None}
  {'type': 'int_type', 'loc': ('response', 1, 'experience_years'), 'msg': 'Input should be a valid integer', 'input': None}
  {'type': 'int_type', 'loc': ('response', 2, 'age'), 'msg': 'Input should be a valid integer', 'input': None}
  {'type': 'string_type', 'loc': ('response', 2, 'gender'), 'msg': 'Input should be a valid string', 'input': None}
  {'type': 'string_type', 'loc': ('response', 2, 'date_of_birth'), 'msg': 'Input should be a valid string', 'input': None}
  {'type': 'string_type', 'loc': ('response', 2, 'job_title'), 'msg': 'Input should be a valid string', 'input': None}
  {'type': 'int_type', 'loc': ('response', 2, 'experience_years'), 'msg': 'Input should be a valid integer', 'input': None}

  File "C:\Users\User\Desktop\customer_api\env\Lib\site-packages\slowapi\extension.py", line 100, in get_all
    GET /customers/
2026-04-23 16:43:52,647 | INFO | app_logger | a2296dca-9435-4179-a108-8a387a6a3c7d | User count API called
2026-04-23 16:43:52,651 | INFO | app_logger | a2296dca-9435-4179-a108-8a387a6a3c7d | User count | total=1
2026-04-23 16:43:52,653 | INFO | app_logger | N/A | Response status: 200
2026-04-23 16:43:52,803 | INFO | app_logger | N/A | GET http://localhost:8000/customers/?page=1&limit=5
2026-04-23 16:43:52,808 | INFO | app_logger | c71fb7d8-a6e7-4702-82d0-69b575969395 | Fetch customers | user=raghu@gmail.com | page=1 limit=5
2026-04-23 16:43:52,810 | INFO | app_logger | c71fb7d8-a6e7-4702-82d0-69b575969395 | Fetch customers | page=1 limit=5
2026-04-23 16:43:52,824 | CRITICAL | app_logger | N/A | Unhandled Exception: 10 validation errors:
  {'type': 'int_type', 'loc': ('response', 1, 'age'), 'msg': 'Input should be a valid integer', 'input': None}
  {'type': 'string_type', 'loc': ('response', 1, 'gender'), 'msg': 'Input should be a valid string', 'input': None}
  {'type': 'string_type', 'loc': ('response', 1, 'date_of_birth'), 'msg': 'Input should be a valid string', 'input': None}
  {'type': 'string_type', 'loc': ('response', 1, 'job_title'), 'msg': 'Input should be a valid string', 'input': None}
  {'type': 'int_type', 'loc': ('response', 1, 'experience_years'), 'msg': 'Input should be a valid integer', 'input': None}
  {'type': 'int_type', 'loc': ('response', 2, 'age'), 'msg': 'Input should be a valid integer', 'input': None}
  {'type': 'string_type', 'loc': ('response', 2, 'gender'), 'msg': 'Input should be a valid string', 'input': None}
  {'type': 'string_type', 'loc': ('response', 2, 'date_of_birth'), 'msg': 'Input should be a valid string', 'input': None}
  {'type': 'string_type', 'loc': ('response', 2, 'job_title'), 'msg': 'Input should be a valid string', 'input': None}
  {'type': 'int_type', 'loc': ('response', 2, 'experience_years'), 'msg': 'Input should be a valid integer', 'input': None}

  File "C:\Users\User\Desktop\customer_api\env\Lib\site-packages\slowapi\extension.py", line 100, in get_all
    GET /customers/
2026-04-23 16:43:52,906 | INFO | app_logger | N/A | GET http://localhost:8000/auth/users/count
2026-04-23 16:43:52,914 | INFO | app_logger | bea0bb48-cac6-427e-aa39-63a44bb97c84 | User count API called
2026-04-23 16:43:52,919 | INFO | app_logger | bea0bb48-cac6-427e-aa39-63a44bb97c84 | User count | total=1
2026-04-23 16:43:52,922 | INFO | app_logger | N/A | Response status: 200
2026-04-23 16:43:52,935 | INFO | app_logger | N/A | GET http://localhost:8000/auth/users
2026-04-23 16:43:52,951 | INFO | app_logger | e20e92eb-f127-4da6-bbae-cf826237e8ab | Fetch users API called
2026-04-23 16:43:52,953 | INFO | app_logger | e20e92eb-f127-4da6-bbae-cf826237e8ab | Fetch users | skip=0 limit=10
2026-04-23 16:43:52,961 | INFO | app_logger | N/A | Response status: 200
2026-04-23 16:43:53,145 | INFO | app_logger | N/A | GET http://localhost:8000/auth/users
2026-04-23 16:43:53,149 | INFO | app_logger | N/A | GET http://localhost:8000/customers/?page=1&limit=5
2026-04-23 16:43:53,161 | INFO | app_logger | 42947f43-8f6e-4730-b69d-2ae96c971263 | Fetch customers | user=raghu@gmail.com | page=1 limit=5
2026-04-23 16:43:53,161 | INFO | app_logger | a1d0cf61-7714-44cd-84b1-3324aa71c2de | Fetch users API called
2026-04-23 16:43:53,161 | INFO | app_logger | 42947f43-8f6e-4730-b69d-2ae96c971263 | Fetch customers | page=1 limit=5
2026-04-23 16:43:53,164 | INFO | app_logger | a1d0cf61-7714-44cd-84b1-3324aa71c2de | Fetch users | skip=0 limit=10
2026-04-23 16:43:53,174 | INFO | app_logger | N/A | GET http://localhost:8000/auth/users/count
2026-04-23 16:43:53,182 | INFO | app_logger | N/A | Response status: 200
2026-04-23 16:43:53,193 | CRITICAL | app_logger | N/A | Unhandled Exception: 10 validation errors:
  {'type': 'int_type', 'loc': ('response', 1, 'age'), 'msg': 'Input should be a valid integer', 'input': None}
  {'type': 'string_type', 'loc': ('response', 1, 'gender'), 'msg': 'Input should be a valid string', 'input': None}
  {'type': 'string_type', 'loc': ('response', 1, 'date_of_birth'), 'msg': 'Input should be a valid string', 'input': None}
  {'type': 'string_type', 'loc': ('response', 1, 'job_title'), 'msg': 'Input should be a valid string', 'input': None}
  {'type': 'int_type', 'loc': ('response', 1, 'experience_years'), 'msg': 'Input should be a valid integer', 'input': None}
  {'type': 'int_type', 'loc': ('response', 2, 'age'), 'msg': 'Input should be a valid integer', 'input': None}
  {'type': 'string_type', 'loc': ('response', 2, 'gender'), 'msg': 'Input should be a valid string', 'input': None}
  {'type': 'string_type', 'loc': ('response', 2, 'date_of_birth'), 'msg': 'Input should be a valid string', 'input': None}
  {'type': 'string_type', 'loc': ('response', 2, 'job_title'), 'msg': 'Input should be a valid string', 'input': None}
  {'type': 'int_type', 'loc': ('response', 2, 'experience_years'), 'msg': 'Input should be a valid integer', 'input': None}

  File "C:\Users\User\Desktop\customer_api\env\Lib\site-packages\slowapi\extension.py", line 100, in get_all
    GET /customers/
2026-04-23 16:43:53,193 | INFO | app_logger | 1401740d-afd3-4606-8589-6d4f15d785da | User count API called
2026-04-23 16:43:53,204 | INFO | app_logger | 1401740d-afd3-4606-8589-6d4f15d785da | User count | total=1
2026-04-23 16:43:53,215 | INFO | app_logger | N/A | Response status: 200
2026-04-23 16:43:53,286 | INFO | app_logger | N/A | GET http://localhost:8000/customers/?page=1&limit=5
2026-04-23 16:43:53,289 | INFO | app_logger | N/A | GET http://localhost:8000/auth/users
2026-04-23 16:43:53,296 | INFO | app_logger | 09c89125-2a94-4104-94be-db086110c72a | Fetch users API called
2026-04-23 16:43:53,296 | INFO | app_logger | f12b67b3-3d2b-4d9a-97e6-972b36d4ba22 | Fetch customers | user=raghu@gmail.com | page=1 limit=5
2026-04-23 16:43:53,298 | INFO | app_logger | 09c89125-2a94-4104-94be-db086110c72a | Fetch users | skip=0 limit=10
2026-04-23 16:43:53,299 | INFO | app_logger | f12b67b3-3d2b-4d9a-97e6-972b36d4ba22 | Fetch customers | page=1 limit=5
2026-04-23 16:43:53,299 | INFO | app_logger | N/A | GET http://localhost:8000/auth/users/count
2026-04-23 16:43:53,308 | INFO | app_logger | N/A | Response status: 200
2026-04-23 16:43:53,316 | CRITICAL | app_logger | N/A | Unhandled Exception: 10 validation errors:
  {'type': 'int_type', 'loc': ('response', 1, 'age'), 'msg': 'Input should be a valid integer', 'input': None}
  {'type': 'string_type', 'loc': ('response', 1, 'gender'), 'msg': 'Input should be a valid string', 'input': None}
  {'type': 'string_type', 'loc': ('response', 1, 'date_of_birth'), 'msg': 'Input should be a valid string', 'input': None}
  {'type': 'string_type', 'loc': ('response', 1, 'job_title'), 'msg': 'Input should be a valid string', 'input': None}
  {'type': 'int_type', 'loc': ('response', 1, 'experience_years'), 'msg': 'Input should be a valid integer', 'input': None}
  {'type': 'int_type', 'loc': ('response', 2, 'age'), 'msg': 'Input should be a valid integer', 'input': None}
  {'type': 'string_type', 'loc': ('response', 2, 'gender'), 'msg': 'Input should be a valid string', 'input': None}
  {'type': 'string_type', 'loc': ('response', 2, 'date_of_birth'), 'msg': 'Input should be a valid string', 'input': None}
  {'type': 'string_type', 'loc': ('response', 2, 'job_title'), 'msg': 'Input should be a valid string', 'input': None}
  {'type': 'int_type', 'loc': ('response', 2, 'experience_years'), 'msg': 'Input should be a valid integer', 'input': None}

  File "C:\Users\User\Desktop\customer_api\env\Lib\site-packages\slowapi\extension.py", line 100, in get_all
    GET /customers/
2026-04-23 16:43:53,316 | INFO | app_logger | 4c1c72ab-8e93-44fd-bae1-35223b22f702 | User count API called
2026-04-23 16:43:53,324 | INFO | app_logger | 4c1c72ab-8e93-44fd-bae1-35223b22f702 | User count | total=1
2026-04-23 16:43:53,343 | INFO | app_logger | N/A | Response status: 200
2026-04-23 16:46:55,300 | INFO | app_logger | N/A | GET http://localhost:8000/customers/?page=1&limit=5
2026-04-23 16:46:55,301 | INFO | app_logger | N/A | GET http://localhost:8000/auth/users
2026-04-23 16:46:55,304 | INFO | app_logger | N/A | GET http://localhost:8000/auth/users/count
2026-04-23 16:46:55,319 | INFO | app_logger | 96c8500e-c20d-4155-aa49-752dcaf36045 | Fetch customers | user=raghu@gmail.com | page=1 limit=5
2026-04-23 16:46:55,319 | INFO | app_logger | e1d5d489-2e72-4356-9a61-4f9828f54e66 | Fetch users API called
2026-04-23 16:46:55,319 | INFO | app_logger | de5acaeb-e789-4e42-b5d6-49474fc9adfa | User count API called
2026-04-23 16:46:55,319 | INFO | app_logger | 96c8500e-c20d-4155-aa49-752dcaf36045 | Fetch customers | page=1 limit=5
2026-04-23 16:46:55,324 | INFO | app_logger | e1d5d489-2e72-4356-9a61-4f9828f54e66 | Fetch users | skip=0 limit=10
2026-04-23 16:46:55,334 | INFO | app_logger | de5acaeb-e789-4e42-b5d6-49474fc9adfa | User count | total=1
2026-04-23 16:46:55,338 | ERROR | app_logger | 96c8500e-c20d-4155-aa49-752dcaf36045 | Fetch customers failed
Traceback (most recent call last):
  File "C:\Users\User\Desktop\customer_api\env\Lib\site-packages\sqlalchemy\engine\base.py", line 1967, in _exec_single_context
    self.dialect.do_execute(
  File "C:\Users\User\Desktop\customer_api\env\Lib\site-packages\sqlalchemy\engine\default.py", line 952, in do_execute
    cursor.execute(statement, parameters)
psycopg2.errors.UndefinedTable: relation "customers" does not exist
LINE 3: FROM customers 
             ^


The above exception was the direct cause of the following exception:

Traceback (most recent call last):
  File "C:\Users\User\Desktop\customer_api\backend\services\customer_service.py", line 169, in get_all_customers
    .all()
     ^^^^^
  File "C:\Users\User\Desktop\customer_api\env\Lib\site-packages\sqlalchemy\orm\query.py", line 2711, in all
    return self._iter().all()  # type: ignore
           ^^^^^^^^^^^^
  File "C:\Users\User\Desktop\customer_api\env\Lib\site-packages\sqlalchemy\orm\query.py", line 2864, in _iter
    result: Union[ScalarResult[_T], Result[_T]] = self.session.execute(
                                                  ^^^^^^^^^^^^^^^^^^^^^
  File "C:\Users\User\Desktop\customer_api\env\Lib\site-packages\sqlalchemy\orm\session.py", line 2351, in execute
    return self._execute_internal(
           ^^^^^^^^^^^^^^^^^^^^^^^
  File "C:\Users\User\Desktop\customer_api\env\Lib\site-packages\sqlalchemy\orm\session.py", line 2249, in _execute_internal
    result: Result[Any] = compile_state_cls.orm_execute_statement(
                          ^^^^^^^^^^^^^^^^^^^^^^^^^^^^^^^^^^^^^^^^
  File "C:\Users\User\Desktop\customer_api\env\Lib\site-packages\sqlalchemy\orm\context.py", line 306, in orm_execute_statement
    result = conn.execute(
             ^^^^^^^^^^^^^
  File "C:\Users\User\Desktop\customer_api\env\Lib\site-packages\sqlalchemy\engine\base.py", line 1419, in execute
    return meth(
           ^^^^^
  File "C:\Users\User\Desktop\customer_api\env\Lib\site-packages\sqlalchemy\sql\elements.py", line 527, in _execute_on_connection
    return connection._execute_clauseelement(
           ^^^^^^^^^^^^^^^^^^^^^^^^^^^^^^^^^^
  File "C:\Users\User\Desktop\customer_api\env\Lib\site-packages\sqlalchemy\engine\base.py", line 1641, in _execute_clauseelement
    ret = self._execute_context(
          ^^^^^^^^^^^^^^^^^^^^^^
  File "C:\Users\User\Desktop\customer_api\env\Lib\site-packages\sqlalchemy\engine\base.py", line 1846, in _execute_context
    return self._exec_single_context(
           ^^^^^^^^^^^^^^^^^^^^^^^^^^
  File "C:\Users\User\Desktop\customer_api\env\Lib\site-packages\sqlalchemy\engine\base.py", line 1986, in _exec_single_context
    self._handle_dbapi_exception(
  File "C:\Users\User\Desktop\customer_api\env\Lib\site-packages\sqlalchemy\engine\base.py", line 2363, in _handle_dbapi_exception
    raise sqlalchemy_exception.with_traceback(exc_info[2]) from e
  File "C:\Users\User\Desktop\customer_api\env\Lib\site-packages\sqlalchemy\engine\base.py", line 1967, in _exec_single_context
    self.dialect.do_execute(
  File "C:\Users\User\Desktop\customer_api\env\Lib\site-packages\sqlalchemy\engine\default.py", line 952, in do_execute
    cursor.execute(statement, parameters)
sqlalchemy.exc.ProgrammingError: (psycopg2.errors.UndefinedTable) relation "customers" does not exist
LINE 3: FROM customers 
             ^

[SQL: SELECT anon_1.customers_id AS anon_1_customers_id, anon_1.customers_name AS anon_1_customers_name, anon_1.customers_age AS anon_1_customers_age, anon_1.customers_gender AS anon_1_customers_gender, anon_1.customers_date_of_birth AS anon_1_customers_date_of_birth, anon_1.customers_email AS anon_1_customers_email, anon_1.customers_phone AS anon_1_customers_phone, anon_1.customers_alternate_phone AS anon_1_customers_alternate_phone, anon_1.customers_company AS anon_1_customers_company, anon_1.customers_job_title AS anon_1_customers_job_title, anon_1.customers_experience_years AS anon_1_customers_experience_years, anon_1.customers_customer_type AS anon_1_customers_customer_type, anon_1.customers_status AS anon_1_customers_status, anon_1.customers_created_at AS anon_1_customers_created_at, anon_1.customers_updated_at AS anon_1_customers_updated_at, anon_1.customers_notes AS anon_1_customers_notes, anon_1.customers_source AS anon_1_customers_source, addresses_1.id AS addresses_1_id, addresses_1.customer_id AS addresses_1_customer_id, addresses_1.city AS addresses_1_city, addresses_1.state AS addresses_1_state, addresses_1.pincode AS addresses_1_pincode 
FROM (SELECT customers.id AS customers_id, customers.name AS customers_name, customers.age AS customers_age, customers.gender AS customers_gender, customers.date_of_birth AS customers_date_of_birth, customers.email AS customers_email, customers.phone AS customers_phone, customers.alternate_phone AS customers_alternate_phone, customers.company AS customers_company, customers.job_title AS customers_job_title, customers.experience_years AS customers_experience_years, customers.customer_type AS customers_customer_type, customers.status AS customers_status, customers.created_at AS customers_created_at, customers.updated_at AS customers_updated_at, customers.notes AS customers_notes, customers.source AS customers_source 
FROM customers 
 LIMIT %(param_1)s OFFSET %(param_2)s) AS anon_1 LEFT OUTER JOIN addresses AS addresses_1 ON anon_1.customers_id = addresses_1.customer_id]
[parameters: {'param_1': 5, 'param_2': 0}]
(Background on this error at: https://sqlalche.me/e/20/f405)
2026-04-23 16:46:55,341 | INFO | app_logger | N/A | Response status: 200
2026-04-23 16:46:55,381 | INFO | app_logger | N/A | Response status: 200
2026-04-23 16:46:55,389 | ERROR | app_logger | 96c8500e-c20d-4155-aa49-752dcaf36045 | Failed to fetch customers | Status Code: 500
2026-04-23 16:46:55,399 | INFO | app_logger | N/A | Response status: 500
2026-04-23 16:46:56,931 | INFO | app_logger | N/A | GET http://localhost:8000/auth/users
2026-04-23 16:46:56,933 | INFO | app_logger | N/A | GET http://localhost:8000/customers/?page=1&limit=5
2026-04-23 16:46:56,934 | INFO | app_logger | N/A | GET http://localhost:8000/auth/users/count
2026-04-23 16:46:56,948 | INFO | app_logger | e186b1d3-7494-4ee4-bf80-49c2eae34114 | Fetch users API called
2026-04-23 16:46:56,948 | INFO | app_logger | 32485cf6-42bf-42fd-9351-fab3acd4e6a9 | User count API called
2026-04-23 16:46:56,948 | INFO | app_logger | cb225ec3-e147-41ba-9d8c-d5c718cc3a24 | Fetch customers | user=raghu@gmail.com | page=1 limit=5
2026-04-23 16:46:56,948 | INFO | app_logger | e186b1d3-7494-4ee4-bf80-49c2eae34114 | Fetch users | skip=0 limit=10
2026-04-23 16:46:56,952 | INFO | app_logger | cb225ec3-e147-41ba-9d8c-d5c718cc3a24 | Fetch customers | page=1 limit=5
2026-04-23 16:46:56,952 | INFO | app_logger | 32485cf6-42bf-42fd-9351-fab3acd4e6a9 | User count | total=1
2026-04-23 16:46:56,958 | ERROR | app_logger | cb225ec3-e147-41ba-9d8c-d5c718cc3a24 | Fetch customers failed
Traceback (most recent call last):
  File "C:\Users\User\Desktop\customer_api\env\Lib\site-packages\sqlalchemy\engine\base.py", line 1967, in _exec_single_context
    self.dialect.do_execute(
  File "C:\Users\User\Desktop\customer_api\env\Lib\site-packages\sqlalchemy\engine\default.py", line 952, in do_execute
    cursor.execute(statement, parameters)
psycopg2.errors.UndefinedTable: relation "customers" does not exist
LINE 3: FROM customers 
             ^


The above exception was the direct cause of the following exception:

Traceback (most recent call last):
  File "C:\Users\User\Desktop\customer_api\backend\services\customer_service.py", line 169, in get_all_customers
    .all()
     ^^^^^
  File "C:\Users\User\Desktop\customer_api\env\Lib\site-packages\sqlalchemy\orm\query.py", line 2711, in all
    return self._iter().all()  # type: ignore
           ^^^^^^^^^^^^
  File "C:\Users\User\Desktop\customer_api\env\Lib\site-packages\sqlalchemy\orm\query.py", line 2864, in _iter
    result: Union[ScalarResult[_T], Result[_T]] = self.session.execute(
                                                  ^^^^^^^^^^^^^^^^^^^^^
  File "C:\Users\User\Desktop\customer_api\env\Lib\site-packages\sqlalchemy\orm\session.py", line 2351, in execute
    return self._execute_internal(
           ^^^^^^^^^^^^^^^^^^^^^^^
  File "C:\Users\User\Desktop\customer_api\env\Lib\site-packages\sqlalchemy\orm\session.py", line 2249, in _execute_internal
    result: Result[Any] = compile_state_cls.orm_execute_statement(
                          ^^^^^^^^^^^^^^^^^^^^^^^^^^^^^^^^^^^^^^^^
  File "C:\Users\User\Desktop\customer_api\env\Lib\site-packages\sqlalchemy\orm\context.py", line 306, in orm_execute_statement
    result = conn.execute(
             ^^^^^^^^^^^^^
  File "C:\Users\User\Desktop\customer_api\env\Lib\site-packages\sqlalchemy\engine\base.py", line 1419, in execute
    return meth(
           ^^^^^
  File "C:\Users\User\Desktop\customer_api\env\Lib\site-packages\sqlalchemy\sql\elements.py", line 527, in _execute_on_connection
    return connection._execute_clauseelement(
           ^^^^^^^^^^^^^^^^^^^^^^^^^^^^^^^^^^
  File "C:\Users\User\Desktop\customer_api\env\Lib\site-packages\sqlalchemy\engine\base.py", line 1641, in _execute_clauseelement
    ret = self._execute_context(
          ^^^^^^^^^^^^^^^^^^^^^^
  File "C:\Users\User\Desktop\customer_api\env\Lib\site-packages\sqlalchemy\engine\base.py", line 1846, in _execute_context
    return self._exec_single_context(
           ^^^^^^^^^^^^^^^^^^^^^^^^^^
  File "C:\Users\User\Desktop\customer_api\env\Lib\site-packages\sqlalchemy\engine\base.py", line 1986, in _exec_single_context
    self._handle_dbapi_exception(
  File "C:\Users\User\Desktop\customer_api\env\Lib\site-packages\sqlalchemy\engine\base.py", line 2363, in _handle_dbapi_exception
    raise sqlalchemy_exception.with_traceback(exc_info[2]) from e
  File "C:\Users\User\Desktop\customer_api\env\Lib\site-packages\sqlalchemy\engine\base.py", line 1967, in _exec_single_context
    self.dialect.do_execute(
  File "C:\Users\User\Desktop\customer_api\env\Lib\site-packages\sqlalchemy\engine\default.py", line 952, in do_execute
    cursor.execute(statement, parameters)
sqlalchemy.exc.ProgrammingError: (psycopg2.errors.UndefinedTable) relation "customers" does not exist
LINE 3: FROM customers 
             ^

[SQL: SELECT anon_1.customers_id AS anon_1_customers_id, anon_1.customers_name AS anon_1_customers_name, anon_1.customers_age AS anon_1_customers_age, anon_1.customers_gender AS anon_1_customers_gender, anon_1.customers_date_of_birth AS anon_1_customers_date_of_birth, anon_1.customers_email AS anon_1_customers_email, anon_1.customers_phone AS anon_1_customers_phone, anon_1.customers_alternate_phone AS anon_1_customers_alternate_phone, anon_1.customers_company AS anon_1_customers_company, anon_1.customers_job_title AS anon_1_customers_job_title, anon_1.customers_experience_years AS anon_1_customers_experience_years, anon_1.customers_customer_type AS anon_1_customers_customer_type, anon_1.customers_status AS anon_1_customers_status, anon_1.customers_created_at AS anon_1_customers_created_at, anon_1.customers_updated_at AS anon_1_customers_updated_at, anon_1.customers_notes AS anon_1_customers_notes, anon_1.customers_source AS anon_1_customers_source, addresses_1.id AS addresses_1_id, addresses_1.customer_id AS addresses_1_customer_id, addresses_1.city AS addresses_1_city, addresses_1.state AS addresses_1_state, addresses_1.pincode AS addresses_1_pincode 
FROM (SELECT customers.id AS customers_id, customers.name AS customers_name, customers.age AS customers_age, customers.gender AS customers_gender, customers.date_of_birth AS customers_date_of_birth, customers.email AS customers_email, customers.phone AS customers_phone, customers.alternate_phone AS customers_alternate_phone, customers.company AS customers_company, customers.job_title AS customers_job_title, customers.experience_years AS customers_experience_years, customers.customer_type AS customers_customer_type, customers.status AS customers_status, customers.created_at AS customers_created_at, customers.updated_at AS customers_updated_at, customers.notes AS customers_notes, customers.source AS customers_source 
FROM customers 
 LIMIT %(param_1)s OFFSET %(param_2)s) AS anon_1 LEFT OUTER JOIN addresses AS addresses_1 ON anon_1.customers_id = addresses_1.customer_id]
[parameters: {'param_1': 5, 'param_2': 0}]
(Background on this error at: https://sqlalche.me/e/20/f405)
2026-04-23 16:46:56,961 | INFO | app_logger | N/A | Response status: 200
2026-04-23 16:46:56,965 | INFO | app_logger | N/A | Response status: 200
2026-04-23 16:46:56,977 | ERROR | app_logger | cb225ec3-e147-41ba-9d8c-d5c718cc3a24 | Failed to fetch customers | Status Code: 500
2026-04-23 16:46:56,985 | INFO | app_logger | N/A | Response status: 500
2026-04-23 16:46:57,162 | INFO | app_logger | N/A | GET http://localhost:8000/auth/users
2026-04-23 16:46:57,166 | INFO | app_logger | N/A | GET http://localhost:8000/auth/users/count
2026-04-23 16:46:57,177 | INFO | app_logger | N/A | GET http://localhost:8000/customers/?page=1&limit=5
2026-04-23 16:46:57,345 | INFO | app_logger | 648d9156-1fad-482c-bd32-89a62b90d61d | Fetch users API called
2026-04-23 16:46:57,345 | INFO | app_logger | 2a4e1497-a0a4-41f8-ad44-a958657efdb1 | Fetch customers | user=raghu@gmail.com | page=1 limit=5
2026-04-23 16:46:57,345 | INFO | app_logger | 68f17a15-1345-43fd-b557-4419b80f1e66 | User count API called
2026-04-23 16:46:57,347 | INFO | app_logger | 648d9156-1fad-482c-bd32-89a62b90d61d | Fetch users | skip=0 limit=10
2026-04-23 16:46:57,348 | INFO | app_logger | 2a4e1497-a0a4-41f8-ad44-a958657efdb1 | Fetch customers | page=1 limit=5
2026-04-23 16:46:57,351 | INFO | app_logger | 68f17a15-1345-43fd-b557-4419b80f1e66 | User count | total=1
2026-04-23 16:46:57,354 | ERROR | app_logger | 2a4e1497-a0a4-41f8-ad44-a958657efdb1 | Fetch customers failed
Traceback (most recent call last):
  File "C:\Users\User\Desktop\customer_api\env\Lib\site-packages\sqlalchemy\engine\base.py", line 1967, in _exec_single_context
    self.dialect.do_execute(
  File "C:\Users\User\Desktop\customer_api\env\Lib\site-packages\sqlalchemy\engine\default.py", line 952, in do_execute
    cursor.execute(statement, parameters)
psycopg2.errors.UndefinedTable: relation "customers" does not exist
LINE 3: FROM customers 
             ^


The above exception was the direct cause of the following exception:

Traceback (most recent call last):
  File "C:\Users\User\Desktop\customer_api\backend\services\customer_service.py", line 169, in get_all_customers
    .all()
     ^^^^^
  File "C:\Users\User\Desktop\customer_api\env\Lib\site-packages\sqlalchemy\orm\query.py", line 2711, in all
    return self._iter().all()  # type: ignore
           ^^^^^^^^^^^^
  File "C:\Users\User\Desktop\customer_api\env\Lib\site-packages\sqlalchemy\orm\query.py", line 2864, in _iter
    result: Union[ScalarResult[_T], Result[_T]] = self.session.execute(
                                                  ^^^^^^^^^^^^^^^^^^^^^
  File "C:\Users\User\Desktop\customer_api\env\Lib\site-packages\sqlalchemy\orm\session.py", line 2351, in execute
    return self._execute_internal(
           ^^^^^^^^^^^^^^^^^^^^^^^
  File "C:\Users\User\Desktop\customer_api\env\Lib\site-packages\sqlalchemy\orm\session.py", line 2249, in _execute_internal
    result: Result[Any] = compile_state_cls.orm_execute_statement(
                          ^^^^^^^^^^^^^^^^^^^^^^^^^^^^^^^^^^^^^^^^
  File "C:\Users\User\Desktop\customer_api\env\Lib\site-packages\sqlalchemy\orm\context.py", line 306, in orm_execute_statement
    result = conn.execute(
             ^^^^^^^^^^^^^
  File "C:\Users\User\Desktop\customer_api\env\Lib\site-packages\sqlalchemy\engine\base.py", line 1419, in execute
    return meth(
           ^^^^^
  File "C:\Users\User\Desktop\customer_api\env\Lib\site-packages\sqlalchemy\sql\elements.py", line 527, in _execute_on_connection
    return connection._execute_clauseelement(
           ^^^^^^^^^^^^^^^^^^^^^^^^^^^^^^^^^^
  File "C:\Users\User\Desktop\customer_api\env\Lib\site-packages\sqlalchemy\engine\base.py", line 1641, in _execute_clauseelement
    ret = self._execute_context(
          ^^^^^^^^^^^^^^^^^^^^^^
  File "C:\Users\User\Desktop\customer_api\env\Lib\site-packages\sqlalchemy\engine\base.py", line 1846, in _execute_context
    return self._exec_single_context(
           ^^^^^^^^^^^^^^^^^^^^^^^^^^
  File "C:\Users\User\Desktop\customer_api\env\Lib\site-packages\sqlalchemy\engine\base.py", line 1986, in _exec_single_context
    self._handle_dbapi_exception(
  File "C:\Users\User\Desktop\customer_api\env\Lib\site-packages\sqlalchemy\engine\base.py", line 2363, in _handle_dbapi_exception
    raise sqlalchemy_exception.with_traceback(exc_info[2]) from e
  File "C:\Users\User\Desktop\customer_api\env\Lib\site-packages\sqlalchemy\engine\base.py", line 1967, in _exec_single_context
    self.dialect.do_execute(
  File "C:\Users\User\Desktop\customer_api\env\Lib\site-packages\sqlalchemy\engine\default.py", line 952, in do_execute
    cursor.execute(statement, parameters)
sqlalchemy.exc.ProgrammingError: (psycopg2.errors.UndefinedTable) relation "customers" does not exist
LINE 3: FROM customers 
             ^

[SQL: SELECT anon_1.customers_id AS anon_1_customers_id, anon_1.customers_name AS anon_1_customers_name, anon_1.customers_age AS anon_1_customers_age, anon_1.customers_gender AS anon_1_customers_gender, anon_1.customers_date_of_birth AS anon_1_customers_date_of_birth, anon_1.customers_email AS anon_1_customers_email, anon_1.customers_phone AS anon_1_customers_phone, anon_1.customers_alternate_phone AS anon_1_customers_alternate_phone, anon_1.customers_company AS anon_1_customers_company, anon_1.customers_job_title AS anon_1_customers_job_title, anon_1.customers_experience_years AS anon_1_customers_experience_years, anon_1.customers_customer_type AS anon_1_customers_customer_type, anon_1.customers_status AS anon_1_customers_status, anon_1.customers_created_at AS anon_1_customers_created_at, anon_1.customers_updated_at AS anon_1_customers_updated_at, anon_1.customers_notes AS anon_1_customers_notes, anon_1.customers_source AS anon_1_customers_source, addresses_1.id AS addresses_1_id, addresses_1.customer_id AS addresses_1_customer_id, addresses_1.city AS addresses_1_city, addresses_1.state AS addresses_1_state, addresses_1.pincode AS addresses_1_pincode 
FROM (SELECT customers.id AS customers_id, customers.name AS customers_name, customers.age AS customers_age, customers.gender AS customers_gender, customers.date_of_birth AS customers_date_of_birth, customers.email AS customers_email, customers.phone AS customers_phone, customers.alternate_phone AS customers_alternate_phone, customers.company AS customers_company, customers.job_title AS customers_job_title, customers.experience_years AS customers_experience_years, customers.customer_type AS customers_customer_type, customers.status AS customers_status, customers.created_at AS customers_created_at, customers.updated_at AS customers_updated_at, customers.notes AS customers_notes, customers.source AS customers_source 
FROM customers 
 LIMIT %(param_1)s OFFSET %(param_2)s) AS anon_1 LEFT OUTER JOIN addresses AS addresses_1 ON anon_1.customers_id = addresses_1.customer_id]
[parameters: {'param_1': 5, 'param_2': 0}]
(Background on this error at: https://sqlalche.me/e/20/f405)
2026-04-23 16:46:57,357 | INFO | app_logger | N/A | GET http://localhost:8000/auth/users
2026-04-23 16:46:57,362 | INFO | app_logger | N/A | Response status: 200
2026-04-23 16:46:57,362 | INFO | app_logger | N/A | Response status: 200
2026-04-23 16:46:57,370 | ERROR | app_logger | 2a4e1497-a0a4-41f8-ad44-a958657efdb1 | Failed to fetch customers | Status Code: 500
2026-04-23 16:46:57,372 | INFO | app_logger | N/A | Response status: 500
2026-04-23 16:46:57,377 | INFO | app_logger | d061cd0f-cc93-4d58-9d05-d8e085f039b1 | Fetch users API called
2026-04-23 16:46:57,378 | INFO | app_logger | d061cd0f-cc93-4d58-9d05-d8e085f039b1 | Fetch users | skip=0 limit=10
2026-04-23 16:46:57,381 | INFO | app_logger | N/A | Response status: 200
2026-04-23 16:46:57,389 | INFO | app_logger | N/A | GET http://localhost:8000/customers/?page=1&limit=5
2026-04-23 16:46:57,393 | INFO | app_logger | 83c09f10-5958-4447-a4e2-3582738d87fe | Fetch customers | user=raghu@gmail.com | page=1 limit=5
2026-04-23 16:46:57,395 | INFO | app_logger | 83c09f10-5958-4447-a4e2-3582738d87fe | Fetch customers | page=1 limit=5
2026-04-23 16:46:57,398 | ERROR | app_logger | 83c09f10-5958-4447-a4e2-3582738d87fe | Fetch customers failed
Traceback (most recent call last):
  File "C:\Users\User\Desktop\customer_api\env\Lib\site-packages\sqlalchemy\engine\base.py", line 1967, in _exec_single_context
    self.dialect.do_execute(
  File "C:\Users\User\Desktop\customer_api\env\Lib\site-packages\sqlalchemy\engine\default.py", line 952, in do_execute
    cursor.execute(statement, parameters)
psycopg2.errors.UndefinedTable: relation "customers" does not exist
LINE 3: FROM customers 
             ^


The above exception was the direct cause of the following exception:

Traceback (most recent call last):
  File "C:\Users\User\Desktop\customer_api\backend\services\customer_service.py", line 169, in get_all_customers
    .all()
     ^^^^^
  File "C:\Users\User\Desktop\customer_api\env\Lib\site-packages\sqlalchemy\orm\query.py", line 2711, in all
    return self._iter().all()  # type: ignore
           ^^^^^^^^^^^^
  File "C:\Users\User\Desktop\customer_api\env\Lib\site-packages\sqlalchemy\orm\query.py", line 2864, in _iter
    result: Union[ScalarResult[_T], Result[_T]] = self.session.execute(
                                                  ^^^^^^^^^^^^^^^^^^^^^
  File "C:\Users\User\Desktop\customer_api\env\Lib\site-packages\sqlalchemy\orm\session.py", line 2351, in execute
    return self._execute_internal(
           ^^^^^^^^^^^^^^^^^^^^^^^
  File "C:\Users\User\Desktop\customer_api\env\Lib\site-packages\sqlalchemy\orm\session.py", line 2249, in _execute_internal
    result: Result[Any] = compile_state_cls.orm_execute_statement(
                          ^^^^^^^^^^^^^^^^^^^^^^^^^^^^^^^^^^^^^^^^
  File "C:\Users\User\Desktop\customer_api\env\Lib\site-packages\sqlalchemy\orm\context.py", line 306, in orm_execute_statement
    result = conn.execute(
             ^^^^^^^^^^^^^
  File "C:\Users\User\Desktop\customer_api\env\Lib\site-packages\sqlalchemy\engine\base.py", line 1419, in execute
    return meth(
           ^^^^^
  File "C:\Users\User\Desktop\customer_api\env\Lib\site-packages\sqlalchemy\sql\elements.py", line 527, in _execute_on_connection
    return connection._execute_clauseelement(
           ^^^^^^^^^^^^^^^^^^^^^^^^^^^^^^^^^^
  File "C:\Users\User\Desktop\customer_api\env\Lib\site-packages\sqlalchemy\engine\base.py", line 1641, in _execute_clauseelement
    ret = self._execute_context(
          ^^^^^^^^^^^^^^^^^^^^^^
  File "C:\Users\User\Desktop\customer_api\env\Lib\site-packages\sqlalchemy\engine\base.py", line 1846, in _execute_context
    return self._exec_single_context(
           ^^^^^^^^^^^^^^^^^^^^^^^^^^
  File "C:\Users\User\Desktop\customer_api\env\Lib\site-packages\sqlalchemy\engine\base.py", line 1986, in _exec_single_context
    self._handle_dbapi_exception(
  File "C:\Users\User\Desktop\customer_api\env\Lib\site-packages\sqlalchemy\engine\base.py", line 2363, in _handle_dbapi_exception
    raise sqlalchemy_exception.with_traceback(exc_info[2]) from e
  File "C:\Users\User\Desktop\customer_api\env\Lib\site-packages\sqlalchemy\engine\base.py", line 1967, in _exec_single_context
    self.dialect.do_execute(
  File "C:\Users\User\Desktop\customer_api\env\Lib\site-packages\sqlalchemy\engine\default.py", line 952, in do_execute
    cursor.execute(statement, parameters)
sqlalchemy.exc.ProgrammingError: (psycopg2.errors.UndefinedTable) relation "customers" does not exist
LINE 3: FROM customers 
             ^

[SQL: SELECT anon_1.customers_id AS anon_1_customers_id, anon_1.customers_name AS anon_1_customers_name, anon_1.customers_age AS anon_1_customers_age, anon_1.customers_gender AS anon_1_customers_gender, anon_1.customers_date_of_birth AS anon_1_customers_date_of_birth, anon_1.customers_email AS anon_1_customers_email, anon_1.customers_phone AS anon_1_customers_phone, anon_1.customers_alternate_phone AS anon_1_customers_alternate_phone, anon_1.customers_company AS anon_1_customers_company, anon_1.customers_job_title AS anon_1_customers_job_title, anon_1.customers_experience_years AS anon_1_customers_experience_years, anon_1.customers_customer_type AS anon_1_customers_customer_type, anon_1.customers_status AS anon_1_customers_status, anon_1.customers_created_at AS anon_1_customers_created_at, anon_1.customers_updated_at AS anon_1_customers_updated_at, anon_1.customers_notes AS anon_1_customers_notes, anon_1.customers_source AS anon_1_customers_source, addresses_1.id AS addresses_1_id, addresses_1.customer_id AS addresses_1_customer_id, addresses_1.city AS addresses_1_city, addresses_1.state AS addresses_1_state, addresses_1.pincode AS addresses_1_pincode 
FROM (SELECT customers.id AS customers_id, customers.name AS customers_name, customers.age AS customers_age, customers.gender AS customers_gender, customers.date_of_birth AS customers_date_of_birth, customers.email AS customers_email, customers.phone AS customers_phone, customers.alternate_phone AS customers_alternate_phone, customers.company AS customers_company, customers.job_title AS customers_job_title, customers.experience_years AS customers_experience_years, customers.customer_type AS customers_customer_type, customers.status AS customers_status, customers.created_at AS customers_created_at, customers.updated_at AS customers_updated_at, customers.notes AS customers_notes, customers.source AS customers_source 
FROM customers 
 LIMIT %(param_1)s OFFSET %(param_2)s) AS anon_1 LEFT OUTER JOIN addresses AS addresses_1 ON anon_1.customers_id = addresses_1.customer_id]
[parameters: {'param_1': 5, 'param_2': 0}]
(Background on this error at: https://sqlalche.me/e/20/f405)
2026-04-23 16:46:57,406 | ERROR | app_logger | 83c09f10-5958-4447-a4e2-3582738d87fe | Failed to fetch customers | Status Code: 500
2026-04-23 16:46:57,410 | INFO | app_logger | N/A | Response status: 500
2026-04-23 16:46:57,424 | INFO | app_logger | N/A | GET http://localhost:8000/auth/users/count
2026-04-23 16:46:57,431 | INFO | app_logger | 96899c62-eca6-4c5f-ba12-b805f4575095 | User count API called
2026-04-23 16:46:57,439 | INFO | app_logger | 96899c62-eca6-4c5f-ba12-b805f4575095 | User count | total=1
2026-04-23 16:46:57,441 | INFO | app_logger | N/A | Response status: 200
2026-04-23 16:46:57,500 | INFO | app_logger | N/A | GET http://localhost:8000/auth/users
2026-04-23 16:46:57,505 | INFO | app_logger | acc4e02b-ee43-4fdc-9cc5-832ea8101fd5 | Fetch users API called
2026-04-23 16:46:57,510 | INFO | app_logger | acc4e02b-ee43-4fdc-9cc5-832ea8101fd5 | Fetch users | skip=0 limit=10
2026-04-23 16:46:57,513 | INFO | app_logger | N/A | Response status: 200
2026-04-23 16:46:57,517 | INFO | app_logger | N/A | GET http://localhost:8000/customers/?page=1&limit=5
2026-04-23 16:46:57,527 | INFO | app_logger | 5a261b58-f567-4554-acfb-b1365e647d9d | Fetch customers | user=raghu@gmail.com | page=1 limit=5
2026-04-23 16:46:57,527 | INFO | app_logger | 5a261b58-f567-4554-acfb-b1365e647d9d | Fetch customers | page=1 limit=5
2026-04-23 16:46:57,530 | ERROR | app_logger | 5a261b58-f567-4554-acfb-b1365e647d9d | Fetch customers failed
Traceback (most recent call last):
  File "C:\Users\User\Desktop\customer_api\env\Lib\site-packages\sqlalchemy\engine\base.py", line 1967, in _exec_single_context
    self.dialect.do_execute(
  File "C:\Users\User\Desktop\customer_api\env\Lib\site-packages\sqlalchemy\engine\default.py", line 952, in do_execute
    cursor.execute(statement, parameters)
psycopg2.errors.UndefinedTable: relation "customers" does not exist
LINE 3: FROM customers 
             ^


The above exception was the direct cause of the following exception:

Traceback (most recent call last):
  File "C:\Users\User\Desktop\customer_api\backend\services\customer_service.py", line 169, in get_all_customers
    .all()
     ^^^^^
  File "C:\Users\User\Desktop\customer_api\env\Lib\site-packages\sqlalchemy\orm\query.py", line 2711, in all
    return self._iter().all()  # type: ignore
           ^^^^^^^^^^^^
  File "C:\Users\User\Desktop\customer_api\env\Lib\site-packages\sqlalchemy\orm\query.py", line 2864, in _iter
    result: Union[ScalarResult[_T], Result[_T]] = self.session.execute(
                                                  ^^^^^^^^^^^^^^^^^^^^^
  File "C:\Users\User\Desktop\customer_api\env\Lib\site-packages\sqlalchemy\orm\session.py", line 2351, in execute
    return self._execute_internal(
           ^^^^^^^^^^^^^^^^^^^^^^^
  File "C:\Users\User\Desktop\customer_api\env\Lib\site-packages\sqlalchemy\orm\session.py", line 2249, in _execute_internal
    result: Result[Any] = compile_state_cls.orm_execute_statement(
                          ^^^^^^^^^^^^^^^^^^^^^^^^^^^^^^^^^^^^^^^^
  File "C:\Users\User\Desktop\customer_api\env\Lib\site-packages\sqlalchemy\orm\context.py", line 306, in orm_execute_statement
    result = conn.execute(
             ^^^^^^^^^^^^^
  File "C:\Users\User\Desktop\customer_api\env\Lib\site-packages\sqlalchemy\engine\base.py", line 1419, in execute
    return meth(
           ^^^^^
  File "C:\Users\User\Desktop\customer_api\env\Lib\site-packages\sqlalchemy\sql\elements.py", line 527, in _execute_on_connection
    return connection._execute_clauseelement(
           ^^^^^^^^^^^^^^^^^^^^^^^^^^^^^^^^^^
  File "C:\Users\User\Desktop\customer_api\env\Lib\site-packages\sqlalchemy\engine\base.py", line 1641, in _execute_clauseelement
    ret = self._execute_context(
          ^^^^^^^^^^^^^^^^^^^^^^
  File "C:\Users\User\Desktop\customer_api\env\Lib\site-packages\sqlalchemy\engine\base.py", line 1846, in _execute_context
    return self._exec_single_context(
           ^^^^^^^^^^^^^^^^^^^^^^^^^^
  File "C:\Users\User\Desktop\customer_api\env\Lib\site-packages\sqlalchemy\engine\base.py", line 1986, in _exec_single_context
    self._handle_dbapi_exception(
  File "C:\Users\User\Desktop\customer_api\env\Lib\site-packages\sqlalchemy\engine\base.py", line 2363, in _handle_dbapi_exception
    raise sqlalchemy_exception.with_traceback(exc_info[2]) from e
  File "C:\Users\User\Desktop\customer_api\env\Lib\site-packages\sqlalchemy\engine\base.py", line 1967, in _exec_single_context
    self.dialect.do_execute(
  File "C:\Users\User\Desktop\customer_api\env\Lib\site-packages\sqlalchemy\engine\default.py", line 952, in do_execute
    cursor.execute(statement, parameters)
sqlalchemy.exc.ProgrammingError: (psycopg2.errors.UndefinedTable) relation "customers" does not exist
LINE 3: FROM customers 
             ^

[SQL: SELECT anon_1.customers_id AS anon_1_customers_id, anon_1.customers_name AS anon_1_customers_name, anon_1.customers_age AS anon_1_customers_age, anon_1.customers_gender AS anon_1_customers_gender, anon_1.customers_date_of_birth AS anon_1_customers_date_of_birth, anon_1.customers_email AS anon_1_customers_email, anon_1.customers_phone AS anon_1_customers_phone, anon_1.customers_alternate_phone AS anon_1_customers_alternate_phone, anon_1.customers_company AS anon_1_customers_company, anon_1.customers_job_title AS anon_1_customers_job_title, anon_1.customers_experience_years AS anon_1_customers_experience_years, anon_1.customers_customer_type AS anon_1_customers_customer_type, anon_1.customers_status AS anon_1_customers_status, anon_1.customers_created_at AS anon_1_customers_created_at, anon_1.customers_updated_at AS anon_1_customers_updated_at, anon_1.customers_notes AS anon_1_customers_notes, anon_1.customers_source AS anon_1_customers_source, addresses_1.id AS addresses_1_id, addresses_1.customer_id AS addresses_1_customer_id, addresses_1.city AS addresses_1_city, addresses_1.state AS addresses_1_state, addresses_1.pincode AS addresses_1_pincode 
FROM (SELECT customers.id AS customers_id, customers.name AS customers_name, customers.age AS customers_age, customers.gender AS customers_gender, customers.date_of_birth AS customers_date_of_birth, customers.email AS customers_email, customers.phone AS customers_phone, customers.alternate_phone AS customers_alternate_phone, customers.company AS customers_company, customers.job_title AS customers_job_title, customers.experience_years AS customers_experience_years, customers.customer_type AS customers_customer_type, customers.status AS customers_status, customers.created_at AS customers_created_at, customers.updated_at AS customers_updated_at, customers.notes AS customers_notes, customers.source AS customers_source 
FROM customers 
 LIMIT %(param_1)s OFFSET %(param_2)s) AS anon_1 LEFT OUTER JOIN addresses AS addresses_1 ON anon_1.customers_id = addresses_1.customer_id]
[parameters: {'param_1': 5, 'param_2': 0}]
(Background on this error at: https://sqlalche.me/e/20/f405)
2026-04-23 16:46:57,538 | ERROR | app_logger | 5a261b58-f567-4554-acfb-b1365e647d9d | Failed to fetch customers | Status Code: 500
2026-04-23 16:46:57,539 | INFO | app_logger | N/A | Response status: 500
2026-04-23 16:46:57,543 | INFO | app_logger | N/A | GET http://localhost:8000/auth/users/count
2026-04-23 16:46:57,555 | INFO | app_logger | 9275994f-fe2b-4c61-8756-7d93df73369f | User count API called
2026-04-23 16:46:57,557 | INFO | app_logger | 9275994f-fe2b-4c61-8756-7d93df73369f | User count | total=1
2026-04-23 16:46:57,559 | INFO | app_logger | N/A | Response status: 200
2026-04-23 16:46:57,637 | INFO | app_logger | N/A | GET http://localhost:8000/auth/users
2026-04-23 16:46:57,639 | INFO | app_logger | cf84cbe8-687c-4c4f-b281-57d88369c246 | Fetch users API called
2026-04-23 16:46:57,641 | INFO | app_logger | cf84cbe8-687c-4c4f-b281-57d88369c246 | Fetch users | skip=0 limit=10
2026-04-23 16:46:57,646 | INFO | app_logger | N/A | Response status: 200
2026-04-23 16:46:57,649 | INFO | app_logger | N/A | GET http://localhost:8000/customers/?page=1&limit=5
2026-04-23 16:46:57,655 | INFO | app_logger | 582ab629-9157-4fc0-ac82-dfe0445b0275 | Fetch customers | user=raghu@gmail.com | page=1 limit=5
2026-04-23 16:46:57,655 | INFO | app_logger | 582ab629-9157-4fc0-ac82-dfe0445b0275 | Fetch customers | page=1 limit=5
2026-04-23 16:46:57,660 | ERROR | app_logger | 582ab629-9157-4fc0-ac82-dfe0445b0275 | Fetch customers failed
Traceback (most recent call last):
  File "C:\Users\User\Desktop\customer_api\env\Lib\site-packages\sqlalchemy\engine\base.py", line 1967, in _exec_single_context
    self.dialect.do_execute(
  File "C:\Users\User\Desktop\customer_api\env\Lib\site-packages\sqlalchemy\engine\default.py", line 952, in do_execute
    cursor.execute(statement, parameters)
psycopg2.errors.UndefinedTable: relation "customers" does not exist
LINE 3: FROM customers 
             ^


The above exception was the direct cause of the following exception:

Traceback (most recent call last):
  File "C:\Users\User\Desktop\customer_api\backend\services\customer_service.py", line 169, in get_all_customers
    .all()
     ^^^^^
  File "C:\Users\User\Desktop\customer_api\env\Lib\site-packages\sqlalchemy\orm\query.py", line 2711, in all
    return self._iter().all()  # type: ignore
           ^^^^^^^^^^^^
  File "C:\Users\User\Desktop\customer_api\env\Lib\site-packages\sqlalchemy\orm\query.py", line 2864, in _iter
    result: Union[ScalarResult[_T], Result[_T]] = self.session.execute(
                                                  ^^^^^^^^^^^^^^^^^^^^^
  File "C:\Users\User\Desktop\customer_api\env\Lib\site-packages\sqlalchemy\orm\session.py", line 2351, in execute
    return self._execute_internal(
           ^^^^^^^^^^^^^^^^^^^^^^^
  File "C:\Users\User\Desktop\customer_api\env\Lib\site-packages\sqlalchemy\orm\session.py", line 2249, in _execute_internal
    result: Result[Any] = compile_state_cls.orm_execute_statement(
                          ^^^^^^^^^^^^^^^^^^^^^^^^^^^^^^^^^^^^^^^^
  File "C:\Users\User\Desktop\customer_api\env\Lib\site-packages\sqlalchemy\orm\context.py", line 306, in orm_execute_statement
    result = conn.execute(
             ^^^^^^^^^^^^^
  File "C:\Users\User\Desktop\customer_api\env\Lib\site-packages\sqlalchemy\engine\base.py", line 1419, in execute
    return meth(
           ^^^^^
  File "C:\Users\User\Desktop\customer_api\env\Lib\site-packages\sqlalchemy\sql\elements.py", line 527, in _execute_on_connection
    return connection._execute_clauseelement(
           ^^^^^^^^^^^^^^^^^^^^^^^^^^^^^^^^^^
  File "C:\Users\User\Desktop\customer_api\env\Lib\site-packages\sqlalchemy\engine\base.py", line 1641, in _execute_clauseelement
    ret = self._execute_context(
          ^^^^^^^^^^^^^^^^^^^^^^
  File "C:\Users\User\Desktop\customer_api\env\Lib\site-packages\sqlalchemy\engine\base.py", line 1846, in _execute_context
    return self._exec_single_context(
           ^^^^^^^^^^^^^^^^^^^^^^^^^^
  File "C:\Users\User\Desktop\customer_api\env\Lib\site-packages\sqlalchemy\engine\base.py", line 1986, in _exec_single_context
    self._handle_dbapi_exception(
  File "C:\Users\User\Desktop\customer_api\env\Lib\site-packages\sqlalchemy\engine\base.py", line 2363, in _handle_dbapi_exception
    raise sqlalchemy_exception.with_traceback(exc_info[2]) from e
  File "C:\Users\User\Desktop\customer_api\env\Lib\site-packages\sqlalchemy\engine\base.py", line 1967, in _exec_single_context
    self.dialect.do_execute(
  File "C:\Users\User\Desktop\customer_api\env\Lib\site-packages\sqlalchemy\engine\default.py", line 952, in do_execute
    cursor.execute(statement, parameters)
sqlalchemy.exc.ProgrammingError: (psycopg2.errors.UndefinedTable) relation "customers" does not exist
LINE 3: FROM customers 
             ^

[SQL: SELECT anon_1.customers_id AS anon_1_customers_id, anon_1.customers_name AS anon_1_customers_name, anon_1.customers_age AS anon_1_customers_age, anon_1.customers_gender AS anon_1_customers_gender, anon_1.customers_date_of_birth AS anon_1_customers_date_of_birth, anon_1.customers_email AS anon_1_customers_email, anon_1.customers_phone AS anon_1_customers_phone, anon_1.customers_alternate_phone AS anon_1_customers_alternate_phone, anon_1.customers_company AS anon_1_customers_company, anon_1.customers_job_title AS anon_1_customers_job_title, anon_1.customers_experience_years AS anon_1_customers_experience_years, anon_1.customers_customer_type AS anon_1_customers_customer_type, anon_1.customers_status AS anon_1_customers_status, anon_1.customers_created_at AS anon_1_customers_created_at, anon_1.customers_updated_at AS anon_1_customers_updated_at, anon_1.customers_notes AS anon_1_customers_notes, anon_1.customers_source AS anon_1_customers_source, addresses_1.id AS addresses_1_id, addresses_1.customer_id AS addresses_1_customer_id, addresses_1.city AS addresses_1_city, addresses_1.state AS addresses_1_state, addresses_1.pincode AS addresses_1_pincode 
FROM (SELECT customers.id AS customers_id, customers.name AS customers_name, customers.age AS customers_age, customers.gender AS customers_gender, customers.date_of_birth AS customers_date_of_birth, customers.email AS customers_email, customers.phone AS customers_phone, customers.alternate_phone AS customers_alternate_phone, customers.company AS customers_company, customers.job_title AS customers_job_title, customers.experience_years AS customers_experience_years, customers.customer_type AS customers_customer_type, customers.status AS customers_status, customers.created_at AS customers_created_at, customers.updated_at AS customers_updated_at, customers.notes AS customers_notes, customers.source AS customers_source 
FROM customers 
 LIMIT %(param_1)s OFFSET %(param_2)s) AS anon_1 LEFT OUTER JOIN addresses AS addresses_1 ON anon_1.customers_id = addresses_1.customer_id]
[parameters: {'param_1': 5, 'param_2': 0}]
(Background on this error at: https://sqlalche.me/e/20/f405)
2026-04-23 16:46:57,665 | ERROR | app_logger | 582ab629-9157-4fc0-ac82-dfe0445b0275 | Failed to fetch customers | Status Code: 500
2026-04-23 16:46:57,671 | INFO | app_logger | N/A | Response status: 500
2026-04-23 16:46:57,671 | INFO | app_logger | N/A | GET http://localhost:8000/auth/users/count
2026-04-23 16:46:57,686 | INFO | app_logger | fa29ed21-f153-4e9c-be3d-76ae9cd54acc | User count API called
2026-04-23 16:46:57,689 | INFO | app_logger | fa29ed21-f153-4e9c-be3d-76ae9cd54acc | User count | total=1
2026-04-23 16:46:57,691 | INFO | app_logger | N/A | Response status: 200
2026-04-23 16:47:14,150 | INFO | app_logger | N/A | POST http://localhost:8000/auth/login
2026-04-23 16:47:14,169 | INFO | app_logger | ba71b8b9-0c0c-46b3-8657-ed34515696f7 | Login API called | email=raghu@gmail.com
2026-04-23 16:47:14,172 | INFO | app_logger | ba71b8b9-0c0c-46b3-8657-ed34515696f7 | Login attempt | email=raghu@gmail.com
2026-04-23 16:47:14,824 | INFO | app_logger | ba71b8b9-0c0c-46b3-8657-ed34515696f7 | Login success | email=raghu@gmail.com
2026-04-23 16:47:14,826 | INFO | app_logger | N/A | Response status: 200
2026-04-23 16:47:14,835 | INFO | app_logger | N/A | GET http://localhost:8000/auth/users
2026-04-23 16:47:14,836 | INFO | app_logger | N/A | GET http://localhost:8000/customers/?page=1&limit=5
2026-04-23 16:47:14,839 | INFO | app_logger | N/A | GET http://localhost:8000/auth/users/count
2026-04-23 16:47:14,847 | INFO | app_logger | 4aa6ddf5-3aad-41a6-833e-c8fff725149e | User count API called
2026-04-23 16:47:14,847 | INFO | app_logger | 0fcf3a3b-3e54-49d0-9ab3-2ba8d6d41346 | Fetch customers | user=raghu@gmail.com | page=1 limit=5
2026-04-23 16:47:14,847 | INFO | app_logger | 78604303-4911-41f4-a522-5f4bd4aa0dea | Fetch users API called
2026-04-23 16:47:14,851 | INFO | app_logger | 4aa6ddf5-3aad-41a6-833e-c8fff725149e | User count | total=1
2026-04-23 16:47:14,853 | INFO | app_logger | 0fcf3a3b-3e54-49d0-9ab3-2ba8d6d41346 | Fetch customers | page=1 limit=5
2026-04-23 16:47:14,853 | INFO | app_logger | 78604303-4911-41f4-a522-5f4bd4aa0dea | Fetch users | skip=0 limit=10
2026-04-23 16:47:14,855 | INFO | app_logger | N/A | Response status: 200
2026-04-23 16:47:14,855 | ERROR | app_logger | 0fcf3a3b-3e54-49d0-9ab3-2ba8d6d41346 | Fetch customers failed
Traceback (most recent call last):
  File "C:\Users\User\Desktop\customer_api\env\Lib\site-packages\sqlalchemy\engine\base.py", line 1967, in _exec_single_context
    self.dialect.do_execute(
  File "C:\Users\User\Desktop\customer_api\env\Lib\site-packages\sqlalchemy\engine\default.py", line 952, in do_execute
    cursor.execute(statement, parameters)
psycopg2.errors.UndefinedTable: relation "customers" does not exist
LINE 3: FROM customers 
             ^


The above exception was the direct cause of the following exception:

Traceback (most recent call last):
  File "C:\Users\User\Desktop\customer_api\backend\services\customer_service.py", line 169, in get_all_customers
    .all()
     ^^^^^
  File "C:\Users\User\Desktop\customer_api\env\Lib\site-packages\sqlalchemy\orm\query.py", line 2711, in all
    return self._iter().all()  # type: ignore
           ^^^^^^^^^^^^
  File "C:\Users\User\Desktop\customer_api\env\Lib\site-packages\sqlalchemy\orm\query.py", line 2864, in _iter
    result: Union[ScalarResult[_T], Result[_T]] = self.session.execute(
                                                  ^^^^^^^^^^^^^^^^^^^^^
  File "C:\Users\User\Desktop\customer_api\env\Lib\site-packages\sqlalchemy\orm\session.py", line 2351, in execute
    return self._execute_internal(
           ^^^^^^^^^^^^^^^^^^^^^^^
  File "C:\Users\User\Desktop\customer_api\env\Lib\site-packages\sqlalchemy\orm\session.py", line 2249, in _execute_internal
    result: Result[Any] = compile_state_cls.orm_execute_statement(
                          ^^^^^^^^^^^^^^^^^^^^^^^^^^^^^^^^^^^^^^^^
  File "C:\Users\User\Desktop\customer_api\env\Lib\site-packages\sqlalchemy\orm\context.py", line 306, in orm_execute_statement
    result = conn.execute(
             ^^^^^^^^^^^^^
  File "C:\Users\User\Desktop\customer_api\env\Lib\site-packages\sqlalchemy\engine\base.py", line 1419, in execute
    return meth(
           ^^^^^
  File "C:\Users\User\Desktop\customer_api\env\Lib\site-packages\sqlalchemy\sql\elements.py", line 527, in _execute_on_connection
    return connection._execute_clauseelement(
           ^^^^^^^^^^^^^^^^^^^^^^^^^^^^^^^^^^
  File "C:\Users\User\Desktop\customer_api\env\Lib\site-packages\sqlalchemy\engine\base.py", line 1641, in _execute_clauseelement
    ret = self._execute_context(
          ^^^^^^^^^^^^^^^^^^^^^^
  File "C:\Users\User\Desktop\customer_api\env\Lib\site-packages\sqlalchemy\engine\base.py", line 1846, in _execute_context
    return self._exec_single_context(
           ^^^^^^^^^^^^^^^^^^^^^^^^^^
  File "C:\Users\User\Desktop\customer_api\env\Lib\site-packages\sqlalchemy\engine\base.py", line 1986, in _exec_single_context
    self._handle_dbapi_exception(
  File "C:\Users\User\Desktop\customer_api\env\Lib\site-packages\sqlalchemy\engine\base.py", line 2363, in _handle_dbapi_exception
    raise sqlalchemy_exception.with_traceback(exc_info[2]) from e
  File "C:\Users\User\Desktop\customer_api\env\Lib\site-packages\sqlalchemy\engine\base.py", line 1967, in _exec_single_context
    self.dialect.do_execute(
  File "C:\Users\User\Desktop\customer_api\env\Lib\site-packages\sqlalchemy\engine\default.py", line 952, in do_execute
    cursor.execute(statement, parameters)
sqlalchemy.exc.ProgrammingError: (psycopg2.errors.UndefinedTable) relation "customers" does not exist
LINE 3: FROM customers 
             ^

[SQL: SELECT anon_1.customers_id AS anon_1_customers_id, anon_1.customers_name AS anon_1_customers_name, anon_1.customers_age AS anon_1_customers_age, anon_1.customers_gender AS anon_1_customers_gender, anon_1.customers_date_of_birth AS anon_1_customers_date_of_birth, anon_1.customers_email AS anon_1_customers_email, anon_1.customers_phone AS anon_1_customers_phone, anon_1.customers_alternate_phone AS anon_1_customers_alternate_phone, anon_1.customers_company AS anon_1_customers_company, anon_1.customers_job_title AS anon_1_customers_job_title, anon_1.customers_experience_years AS anon_1_customers_experience_years, anon_1.customers_customer_type AS anon_1_customers_customer_type, anon_1.customers_status AS anon_1_customers_status, anon_1.customers_created_at AS anon_1_customers_created_at, anon_1.customers_updated_at AS anon_1_customers_updated_at, anon_1.customers_notes AS anon_1_customers_notes, anon_1.customers_source AS anon_1_customers_source, addresses_1.id AS addresses_1_id, addresses_1.customer_id AS addresses_1_customer_id, addresses_1.city AS addresses_1_city, addresses_1.state AS addresses_1_state, addresses_1.pincode AS addresses_1_pincode 
FROM (SELECT customers.id AS customers_id, customers.name AS customers_name, customers.age AS customers_age, customers.gender AS customers_gender, customers.date_of_birth AS customers_date_of_birth, customers.email AS customers_email, customers.phone AS customers_phone, customers.alternate_phone AS customers_alternate_phone, customers.company AS customers_company, customers.job_title AS customers_job_title, customers.experience_years AS customers_experience_years, customers.customer_type AS customers_customer_type, customers.status AS customers_status, customers.created_at AS customers_created_at, customers.updated_at AS customers_updated_at, customers.notes AS customers_notes, customers.source AS customers_source 
FROM customers 
 LIMIT %(param_1)s OFFSET %(param_2)s) AS anon_1 LEFT OUTER JOIN addresses AS addresses_1 ON anon_1.customers_id = addresses_1.customer_id]
[parameters: {'param_1': 5, 'param_2': 0}]
(Background on this error at: https://sqlalche.me/e/20/f405)
2026-04-23 16:47:14,865 | INFO | app_logger | N/A | Response status: 200
2026-04-23 16:47:14,881 | ERROR | app_logger | 0fcf3a3b-3e54-49d0-9ab3-2ba8d6d41346 | Failed to fetch customers | Status Code: 500
2026-04-23 16:47:14,883 | INFO | app_logger | N/A | Response status: 500
2026-04-23 17:13:55,152 | INFO | app_logger | N/A | GET http://localhost:8000/customers/?page=1&limit=5
2026-04-23 17:13:55,155 | INFO | app_logger | N/A | GET http://localhost:8000/auth/users/count
2026-04-23 17:13:55,158 | INFO | app_logger | N/A | GET http://localhost:8000/auth/users
2026-04-23 17:13:55,169 | INFO | app_logger | ef607c82-896c-4408-a947-fa0620b73b4f | Fetch customers | user=raghu@gmail.com | page=1 limit=5
2026-04-23 17:13:55,169 | INFO | app_logger | 837fde49-767e-48ac-91c4-2a955907f8e5 | User count API called
2026-04-23 17:13:55,169 | INFO | app_logger | c5322594-6926-4213-8fcc-c6e0860d68b9 | Fetch users API called
2026-04-23 17:13:55,169 | INFO | app_logger | ef607c82-896c-4408-a947-fa0620b73b4f | Fetch customers | page=1 limit=5
2026-04-23 17:13:55,177 | INFO | app_logger | c5322594-6926-4213-8fcc-c6e0860d68b9 | Fetch users | skip=0 limit=10
2026-04-23 17:13:55,179 | INFO | app_logger | 837fde49-767e-48ac-91c4-2a955907f8e5 | User count | total=1
2026-04-23 17:13:55,202 | INFO | app_logger | N/A | Response status: 200
2026-04-23 17:13:55,247 | ERROR | app_logger | ef607c82-896c-4408-a947-fa0620b73b4f | Fetch customers failed
Traceback (most recent call last):
  File "C:\Users\User\Desktop\customer_api\env\Lib\site-packages\sqlalchemy\engine\base.py", line 1967, in _exec_single_context
    self.dialect.do_execute(
  File "C:\Users\User\Desktop\customer_api\env\Lib\site-packages\sqlalchemy\engine\default.py", line 952, in do_execute
    cursor.execute(statement, parameters)
psycopg2.errors.UndefinedTable: relation "customers" does not exist
LINE 3: FROM customers 
             ^


The above exception was the direct cause of the following exception:

Traceback (most recent call last):
  File "C:\Users\User\Desktop\customer_api\backend\services\customer_service.py", line 169, in get_all_customers
    .all()
     ^^^^^
  File "C:\Users\User\Desktop\customer_api\env\Lib\site-packages\sqlalchemy\orm\query.py", line 2711, in all
    return self._iter().all()  # type: ignore
           ^^^^^^^^^^^^
  File "C:\Users\User\Desktop\customer_api\env\Lib\site-packages\sqlalchemy\orm\query.py", line 2864, in _iter
    result: Union[ScalarResult[_T], Result[_T]] = self.session.execute(
                                                  ^^^^^^^^^^^^^^^^^^^^^
  File "C:\Users\User\Desktop\customer_api\env\Lib\site-packages\sqlalchemy\orm\session.py", line 2351, in execute
    return self._execute_internal(
           ^^^^^^^^^^^^^^^^^^^^^^^
  File "C:\Users\User\Desktop\customer_api\env\Lib\site-packages\sqlalchemy\orm\session.py", line 2249, in _execute_internal
    result: Result[Any] = compile_state_cls.orm_execute_statement(
                          ^^^^^^^^^^^^^^^^^^^^^^^^^^^^^^^^^^^^^^^^
  File "C:\Users\User\Desktop\customer_api\env\Lib\site-packages\sqlalchemy\orm\context.py", line 306, in orm_execute_statement
    result = conn.execute(
             ^^^^^^^^^^^^^
  File "C:\Users\User\Desktop\customer_api\env\Lib\site-packages\sqlalchemy\engine\base.py", line 1419, in execute
    return meth(
           ^^^^^
  File "C:\Users\User\Desktop\customer_api\env\Lib\site-packages\sqlalchemy\sql\elements.py", line 527, in _execute_on_connection
    return connection._execute_clauseelement(
           ^^^^^^^^^^^^^^^^^^^^^^^^^^^^^^^^^^
  File "C:\Users\User\Desktop\customer_api\env\Lib\site-packages\sqlalchemy\engine\base.py", line 1641, in _execute_clauseelement
    ret = self._execute_context(
          ^^^^^^^^^^^^^^^^^^^^^^
  File "C:\Users\User\Desktop\customer_api\env\Lib\site-packages\sqlalchemy\engine\base.py", line 1846, in _execute_context
    return self._exec_single_context(
           ^^^^^^^^^^^^^^^^^^^^^^^^^^
  File "C:\Users\User\Desktop\customer_api\env\Lib\site-packages\sqlalchemy\engine\base.py", line 1986, in _exec_single_context
    self._handle_dbapi_exception(
  File "C:\Users\User\Desktop\customer_api\env\Lib\site-packages\sqlalchemy\engine\base.py", line 2363, in _handle_dbapi_exception
    raise sqlalchemy_exception.with_traceback(exc_info[2]) from e
  File "C:\Users\User\Desktop\customer_api\env\Lib\site-packages\sqlalchemy\engine\base.py", line 1967, in _exec_single_context
    self.dialect.do_execute(
  File "C:\Users\User\Desktop\customer_api\env\Lib\site-packages\sqlalchemy\engine\default.py", line 952, in do_execute
    cursor.execute(statement, parameters)
sqlalchemy.exc.ProgrammingError: (psycopg2.errors.UndefinedTable) relation "customers" does not exist
LINE 3: FROM customers 
             ^

[SQL: SELECT anon_1.customers_id AS anon_1_customers_id, anon_1.customers_name AS anon_1_customers_name, anon_1.customers_age AS anon_1_customers_age, anon_1.customers_gender AS anon_1_customers_gender, anon_1.customers_date_of_birth AS anon_1_customers_date_of_birth, anon_1.customers_email AS anon_1_customers_email, anon_1.customers_phone AS anon_1_customers_phone, anon_1.customers_alternate_phone AS anon_1_customers_alternate_phone, anon_1.customers_company AS anon_1_customers_company, anon_1.customers_job_title AS anon_1_customers_job_title, anon_1.customers_experience_years AS anon_1_customers_experience_years, anon_1.customers_customer_type AS anon_1_customers_customer_type, anon_1.customers_status AS anon_1_customers_status, anon_1.customers_created_at AS anon_1_customers_created_at, anon_1.customers_updated_at AS anon_1_customers_updated_at, anon_1.customers_notes AS anon_1_customers_notes, anon_1.customers_source AS anon_1_customers_source, addresses_1.id AS addresses_1_id, addresses_1.customer_id AS addresses_1_customer_id, addresses_1.city AS addresses_1_city, addresses_1.state AS addresses_1_state, addresses_1.pincode AS addresses_1_pincode 
FROM (SELECT customers.id AS customers_id, customers.name AS customers_name, customers.age AS customers_age, customers.gender AS customers_gender, customers.date_of_birth AS customers_date_of_birth, customers.email AS customers_email, customers.phone AS customers_phone, customers.alternate_phone AS customers_alternate_phone, customers.company AS customers_company, customers.job_title AS customers_job_title, customers.experience_years AS customers_experience_years, customers.customer_type AS customers_customer_type, customers.status AS customers_status, customers.created_at AS customers_created_at, customers.updated_at AS customers_updated_at, customers.notes AS customers_notes, customers.source AS customers_source 
FROM customers 
 LIMIT %(param_1)s OFFSET %(param_2)s) AS anon_1 LEFT OUTER JOIN addresses AS addresses_1 ON anon_1.customers_id = addresses_1.customer_id]
[parameters: {'param_1': 5, 'param_2': 0}]
(Background on this error at: https://sqlalche.me/e/20/f405)
2026-04-23 17:13:55,268 | INFO | app_logger | N/A | Response status: 200
2026-04-23 17:13:55,329 | ERROR | app_logger | ef607c82-896c-4408-a947-fa0620b73b4f | Failed to fetch customers | Status Code: 500
2026-04-23 17:13:55,339 | INFO | app_logger | N/A | Response status: 500
2026-04-23 17:13:56,639 | INFO | app_logger | N/A | GET http://localhost:8000/auth/users
2026-04-23 17:13:56,641 | INFO | app_logger | N/A | GET http://localhost:8000/customers/?page=1&limit=5
2026-04-23 17:13:56,641 | INFO | app_logger | N/A | GET http://localhost:8000/auth/users/count
2026-04-23 17:13:56,653 | INFO | app_logger | 942a4d45-4f23-4d18-b9eb-e96362d5afc9 | Fetch users API called
2026-04-23 17:13:56,655 | INFO | app_logger | 9512afef-5b35-41e5-8d65-18b98addb95b | User count API called
2026-04-23 17:13:56,656 | INFO | app_logger | 5c1a30e8-de33-4029-84d2-498b98f90c50 | Fetch customers | user=raghu@gmail.com | page=1 limit=5
2026-04-23 17:13:56,656 | INFO | app_logger | 942a4d45-4f23-4d18-b9eb-e96362d5afc9 | Fetch users | skip=0 limit=10
2026-04-23 17:13:56,658 | INFO | app_logger | 5c1a30e8-de33-4029-84d2-498b98f90c50 | Fetch customers | page=1 limit=5
2026-04-23 17:13:56,658 | INFO | app_logger | 9512afef-5b35-41e5-8d65-18b98addb95b | User count | total=1
2026-04-23 17:13:56,664 | ERROR | app_logger | 5c1a30e8-de33-4029-84d2-498b98f90c50 | Fetch customers failed
Traceback (most recent call last):
  File "C:\Users\User\Desktop\customer_api\env\Lib\site-packages\sqlalchemy\engine\base.py", line 1967, in _exec_single_context
    self.dialect.do_execute(
  File "C:\Users\User\Desktop\customer_api\env\Lib\site-packages\sqlalchemy\engine\default.py", line 952, in do_execute
    cursor.execute(statement, parameters)
psycopg2.errors.UndefinedTable: relation "customers" does not exist
LINE 3: FROM customers 
             ^


The above exception was the direct cause of the following exception:

Traceback (most recent call last):
  File "C:\Users\User\Desktop\customer_api\backend\services\customer_service.py", line 169, in get_all_customers
    .all()
     ^^^^^
  File "C:\Users\User\Desktop\customer_api\env\Lib\site-packages\sqlalchemy\orm\query.py", line 2711, in all
    return self._iter().all()  # type: ignore
           ^^^^^^^^^^^^
  File "C:\Users\User\Desktop\customer_api\env\Lib\site-packages\sqlalchemy\orm\query.py", line 2864, in _iter
    result: Union[ScalarResult[_T], Result[_T]] = self.session.execute(
                                                  ^^^^^^^^^^^^^^^^^^^^^
  File "C:\Users\User\Desktop\customer_api\env\Lib\site-packages\sqlalchemy\orm\session.py", line 2351, in execute
    return self._execute_internal(
           ^^^^^^^^^^^^^^^^^^^^^^^
  File "C:\Users\User\Desktop\customer_api\env\Lib\site-packages\sqlalchemy\orm\session.py", line 2249, in _execute_internal
    result: Result[Any] = compile_state_cls.orm_execute_statement(
                          ^^^^^^^^^^^^^^^^^^^^^^^^^^^^^^^^^^^^^^^^
  File "C:\Users\User\Desktop\customer_api\env\Lib\site-packages\sqlalchemy\orm\context.py", line 306, in orm_execute_statement
    result = conn.execute(
             ^^^^^^^^^^^^^
  File "C:\Users\User\Desktop\customer_api\env\Lib\site-packages\sqlalchemy\engine\base.py", line 1419, in execute
    return meth(
           ^^^^^
  File "C:\Users\User\Desktop\customer_api\env\Lib\site-packages\sqlalchemy\sql\elements.py", line 527, in _execute_on_connection
    return connection._execute_clauseelement(
           ^^^^^^^^^^^^^^^^^^^^^^^^^^^^^^^^^^
  File "C:\Users\User\Desktop\customer_api\env\Lib\site-packages\sqlalchemy\engine\base.py", line 1641, in _execute_clauseelement
    ret = self._execute_context(
          ^^^^^^^^^^^^^^^^^^^^^^
  File "C:\Users\User\Desktop\customer_api\env\Lib\site-packages\sqlalchemy\engine\base.py", line 1846, in _execute_context
    return self._exec_single_context(
           ^^^^^^^^^^^^^^^^^^^^^^^^^^
  File "C:\Users\User\Desktop\customer_api\env\Lib\site-packages\sqlalchemy\engine\base.py", line 1986, in _exec_single_context
    self._handle_dbapi_exception(
  File "C:\Users\User\Desktop\customer_api\env\Lib\site-packages\sqlalchemy\engine\base.py", line 2363, in _handle_dbapi_exception
    raise sqlalchemy_exception.with_traceback(exc_info[2]) from e
  File "C:\Users\User\Desktop\customer_api\env\Lib\site-packages\sqlalchemy\engine\base.py", line 1967, in _exec_single_context
    self.dialect.do_execute(
  File "C:\Users\User\Desktop\customer_api\env\Lib\site-packages\sqlalchemy\engine\default.py", line 952, in do_execute
    cursor.execute(statement, parameters)
sqlalchemy.exc.ProgrammingError: (psycopg2.errors.UndefinedTable) relation "customers" does not exist
LINE 3: FROM customers 
             ^

[SQL: SELECT anon_1.customers_id AS anon_1_customers_id, anon_1.customers_name AS anon_1_customers_name, anon_1.customers_age AS anon_1_customers_age, anon_1.customers_gender AS anon_1_customers_gender, anon_1.customers_date_of_birth AS anon_1_customers_date_of_birth, anon_1.customers_email AS anon_1_customers_email, anon_1.customers_phone AS anon_1_customers_phone, anon_1.customers_alternate_phone AS anon_1_customers_alternate_phone, anon_1.customers_company AS anon_1_customers_company, anon_1.customers_job_title AS anon_1_customers_job_title, anon_1.customers_experience_years AS anon_1_customers_experience_years, anon_1.customers_customer_type AS anon_1_customers_customer_type, anon_1.customers_status AS anon_1_customers_status, anon_1.customers_created_at AS anon_1_customers_created_at, anon_1.customers_updated_at AS anon_1_customers_updated_at, anon_1.customers_notes AS anon_1_customers_notes, anon_1.customers_source AS anon_1_customers_source, addresses_1.id AS addresses_1_id, addresses_1.customer_id AS addresses_1_customer_id, addresses_1.city AS addresses_1_city, addresses_1.state AS addresses_1_state, addresses_1.pincode AS addresses_1_pincode 
FROM (SELECT customers.id AS customers_id, customers.name AS customers_name, customers.age AS customers_age, customers.gender AS customers_gender, customers.date_of_birth AS customers_date_of_birth, customers.email AS customers_email, customers.phone AS customers_phone, customers.alternate_phone AS customers_alternate_phone, customers.company AS customers_company, customers.job_title AS customers_job_title, customers.experience_years AS customers_experience_years, customers.customer_type AS customers_customer_type, customers.status AS customers_status, customers.created_at AS customers_created_at, customers.updated_at AS customers_updated_at, customers.notes AS customers_notes, customers.source AS customers_source 
FROM customers 
 LIMIT %(param_1)s OFFSET %(param_2)s) AS anon_1 LEFT OUTER JOIN addresses AS addresses_1 ON anon_1.customers_id = addresses_1.customer_id]
[parameters: {'param_1': 5, 'param_2': 0}]
(Background on this error at: https://sqlalche.me/e/20/f405)
2026-04-23 17:13:56,665 | INFO | app_logger | N/A | Response status: 200
2026-04-23 17:13:56,675 | INFO | app_logger | N/A | Response status: 200
2026-04-23 17:13:56,682 | ERROR | app_logger | 5c1a30e8-de33-4029-84d2-498b98f90c50 | Failed to fetch customers | Status Code: 500
2026-04-23 17:13:56,690 | INFO | app_logger | N/A | Response status: 500
2026-04-23 17:13:57,185 | INFO | app_logger | N/A | GET http://localhost:8000/auth/users
2026-04-23 17:13:57,185 | INFO | app_logger | N/A | GET http://localhost:8000/auth/users/count
2026-04-23 17:13:57,185 | INFO | app_logger | N/A | GET http://localhost:8000/customers/?page=1&limit=5
2026-04-23 17:13:57,195 | INFO | app_logger | fa92e79e-6aeb-4b4d-be2c-b64e127bbc75 | Fetch users API called
2026-04-23 17:13:57,197 | INFO | app_logger | 17c72940-83cc-42d0-9356-7697dc798286 | User count API called
2026-04-23 17:13:57,197 | INFO | app_logger | d12d6ffd-67a7-4dba-9fb2-cf827aaaabb2 | Fetch customers | user=raghu@gmail.com | page=1 limit=5
2026-04-23 17:13:57,197 | INFO | app_logger | fa92e79e-6aeb-4b4d-be2c-b64e127bbc75 | Fetch users | skip=0 limit=10
2026-04-23 17:13:57,200 | INFO | app_logger | d12d6ffd-67a7-4dba-9fb2-cf827aaaabb2 | Fetch customers | page=1 limit=5
2026-04-23 17:13:57,200 | INFO | app_logger | 17c72940-83cc-42d0-9356-7697dc798286 | User count | total=1
2026-04-23 17:13:57,209 | INFO | app_logger | N/A | Response status: 200
2026-04-23 17:13:57,210 | ERROR | app_logger | d12d6ffd-67a7-4dba-9fb2-cf827aaaabb2 | Fetch customers failed
Traceback (most recent call last):
  File "C:\Users\User\Desktop\customer_api\env\Lib\site-packages\sqlalchemy\engine\base.py", line 1967, in _exec_single_context
    self.dialect.do_execute(
  File "C:\Users\User\Desktop\customer_api\env\Lib\site-packages\sqlalchemy\engine\default.py", line 952, in do_execute
    cursor.execute(statement, parameters)
psycopg2.errors.UndefinedTable: relation "customers" does not exist
LINE 3: FROM customers 
             ^


The above exception was the direct cause of the following exception:

Traceback (most recent call last):
  File "C:\Users\User\Desktop\customer_api\backend\services\customer_service.py", line 169, in get_all_customers
    .all()
     ^^^^^
  File "C:\Users\User\Desktop\customer_api\env\Lib\site-packages\sqlalchemy\orm\query.py", line 2711, in all
    return self._iter().all()  # type: ignore
           ^^^^^^^^^^^^
  File "C:\Users\User\Desktop\customer_api\env\Lib\site-packages\sqlalchemy\orm\query.py", line 2864, in _iter
    result: Union[ScalarResult[_T], Result[_T]] = self.session.execute(
                                                  ^^^^^^^^^^^^^^^^^^^^^
  File "C:\Users\User\Desktop\customer_api\env\Lib\site-packages\sqlalchemy\orm\session.py", line 2351, in execute
    return self._execute_internal(
           ^^^^^^^^^^^^^^^^^^^^^^^
  File "C:\Users\User\Desktop\customer_api\env\Lib\site-packages\sqlalchemy\orm\session.py", line 2249, in _execute_internal
    result: Result[Any] = compile_state_cls.orm_execute_statement(
                          ^^^^^^^^^^^^^^^^^^^^^^^^^^^^^^^^^^^^^^^^
  File "C:\Users\User\Desktop\customer_api\env\Lib\site-packages\sqlalchemy\orm\context.py", line 306, in orm_execute_statement
    result = conn.execute(
             ^^^^^^^^^^^^^
  File "C:\Users\User\Desktop\customer_api\env\Lib\site-packages\sqlalchemy\engine\base.py", line 1419, in execute
    return meth(
           ^^^^^
  File "C:\Users\User\Desktop\customer_api\env\Lib\site-packages\sqlalchemy\sql\elements.py", line 527, in _execute_on_connection
    return connection._execute_clauseelement(
           ^^^^^^^^^^^^^^^^^^^^^^^^^^^^^^^^^^
  File "C:\Users\User\Desktop\customer_api\env\Lib\site-packages\sqlalchemy\engine\base.py", line 1641, in _execute_clauseelement
    ret = self._execute_context(
          ^^^^^^^^^^^^^^^^^^^^^^
  File "C:\Users\User\Desktop\customer_api\env\Lib\site-packages\sqlalchemy\engine\base.py", line 1846, in _execute_context
    return self._exec_single_context(
           ^^^^^^^^^^^^^^^^^^^^^^^^^^
  File "C:\Users\User\Desktop\customer_api\env\Lib\site-packages\sqlalchemy\engine\base.py", line 1986, in _exec_single_context
    self._handle_dbapi_exception(
  File "C:\Users\User\Desktop\customer_api\env\Lib\site-packages\sqlalchemy\engine\base.py", line 2363, in _handle_dbapi_exception
    raise sqlalchemy_exception.with_traceback(exc_info[2]) from e
  File "C:\Users\User\Desktop\customer_api\env\Lib\site-packages\sqlalchemy\engine\base.py", line 1967, in _exec_single_context
    self.dialect.do_execute(
  File "C:\Users\User\Desktop\customer_api\env\Lib\site-packages\sqlalchemy\engine\default.py", line 952, in do_execute
    cursor.execute(statement, parameters)
sqlalchemy.exc.ProgrammingError: (psycopg2.errors.UndefinedTable) relation "customers" does not exist
LINE 3: FROM customers 
             ^

[SQL: SELECT anon_1.customers_id AS anon_1_customers_id, anon_1.customers_name AS anon_1_customers_name, anon_1.customers_age AS anon_1_customers_age, anon_1.customers_gender AS anon_1_customers_gender, anon_1.customers_date_of_birth AS anon_1_customers_date_of_birth, anon_1.customers_email AS anon_1_customers_email, anon_1.customers_phone AS anon_1_customers_phone, anon_1.customers_alternate_phone AS anon_1_customers_alternate_phone, anon_1.customers_company AS anon_1_customers_company, anon_1.customers_job_title AS anon_1_customers_job_title, anon_1.customers_experience_years AS anon_1_customers_experience_years, anon_1.customers_customer_type AS anon_1_customers_customer_type, anon_1.customers_status AS anon_1_customers_status, anon_1.customers_created_at AS anon_1_customers_created_at, anon_1.customers_updated_at AS anon_1_customers_updated_at, anon_1.customers_notes AS anon_1_customers_notes, anon_1.customers_source AS anon_1_customers_source, addresses_1.id AS addresses_1_id, addresses_1.customer_id AS addresses_1_customer_id, addresses_1.city AS addresses_1_city, addresses_1.state AS addresses_1_state, addresses_1.pincode AS addresses_1_pincode 
FROM (SELECT customers.id AS customers_id, customers.name AS customers_name, customers.age AS customers_age, customers.gender AS customers_gender, customers.date_of_birth AS customers_date_of_birth, customers.email AS customers_email, customers.phone AS customers_phone, customers.alternate_phone AS customers_alternate_phone, customers.company AS customers_company, customers.job_title AS customers_job_title, customers.experience_years AS customers_experience_years, customers.customer_type AS customers_customer_type, customers.status AS customers_status, customers.created_at AS customers_created_at, customers.updated_at AS customers_updated_at, customers.notes AS customers_notes, customers.source AS customers_source 
FROM customers 
 LIMIT %(param_1)s OFFSET %(param_2)s) AS anon_1 LEFT OUTER JOIN addresses AS addresses_1 ON anon_1.customers_id = addresses_1.customer_id]
[parameters: {'param_1': 5, 'param_2': 0}]
(Background on this error at: https://sqlalche.me/e/20/f405)
2026-04-23 17:13:57,219 | INFO | app_logger | N/A | Response status: 200
2026-04-23 17:13:57,232 | ERROR | app_logger | d12d6ffd-67a7-4dba-9fb2-cf827aaaabb2 | Failed to fetch customers | Status Code: 500
2026-04-23 17:13:57,235 | INFO | app_logger | N/A | Response status: 500
2026-04-23 17:13:57,353 | INFO | app_logger | N/A | GET http://localhost:8000/auth/users
2026-04-23 17:13:57,353 | INFO | app_logger | N/A | GET http://localhost:8000/auth/users/count
2026-04-23 17:13:57,355 | INFO | app_logger | N/A | GET http://localhost:8000/customers/?page=1&limit=5
2026-04-23 17:13:57,365 | INFO | app_logger | 2ef7fc64-f295-49e2-9ebf-2375e1092c3d | User count API called
2026-04-23 17:13:57,365 | INFO | app_logger | f97761c3-4f8e-4990-b1a4-d9f99945b0c3 | Fetch customers | user=raghu@gmail.com | page=1 limit=5
2026-04-23 17:13:57,365 | INFO | app_logger | 3a92f964-ab97-4fa6-b000-c76a89471f43 | Fetch users API called
2026-04-23 17:13:57,370 | INFO | app_logger | 2ef7fc64-f295-49e2-9ebf-2375e1092c3d | User count | total=1
2026-04-23 17:13:57,370 | INFO | app_logger | f97761c3-4f8e-4990-b1a4-d9f99945b0c3 | Fetch customers | page=1 limit=5
2026-04-23 17:13:57,371 | INFO | app_logger | 3a92f964-ab97-4fa6-b000-c76a89471f43 | Fetch users | skip=0 limit=10
2026-04-23 17:13:57,375 | INFO | app_logger | N/A | Response status: 200
2026-04-23 17:13:57,377 | ERROR | app_logger | f97761c3-4f8e-4990-b1a4-d9f99945b0c3 | Fetch customers failed
Traceback (most recent call last):
  File "C:\Users\User\Desktop\customer_api\env\Lib\site-packages\sqlalchemy\engine\base.py", line 1967, in _exec_single_context
    self.dialect.do_execute(
  File "C:\Users\User\Desktop\customer_api\env\Lib\site-packages\sqlalchemy\engine\default.py", line 952, in do_execute
    cursor.execute(statement, parameters)
psycopg2.errors.UndefinedTable: relation "customers" does not exist
LINE 3: FROM customers 
             ^


The above exception was the direct cause of the following exception:

Traceback (most recent call last):
  File "C:\Users\User\Desktop\customer_api\backend\services\customer_service.py", line 169, in get_all_customers
    .all()
     ^^^^^
  File "C:\Users\User\Desktop\customer_api\env\Lib\site-packages\sqlalchemy\orm\query.py", line 2711, in all
    return self._iter().all()  # type: ignore
           ^^^^^^^^^^^^
  File "C:\Users\User\Desktop\customer_api\env\Lib\site-packages\sqlalchemy\orm\query.py", line 2864, in _iter
    result: Union[ScalarResult[_T], Result[_T]] = self.session.execute(
                                                  ^^^^^^^^^^^^^^^^^^^^^
  File "C:\Users\User\Desktop\customer_api\env\Lib\site-packages\sqlalchemy\orm\session.py", line 2351, in execute
    return self._execute_internal(
           ^^^^^^^^^^^^^^^^^^^^^^^
  File "C:\Users\User\Desktop\customer_api\env\Lib\site-packages\sqlalchemy\orm\session.py", line 2249, in _execute_internal
    result: Result[Any] = compile_state_cls.orm_execute_statement(
                          ^^^^^^^^^^^^^^^^^^^^^^^^^^^^^^^^^^^^^^^^
  File "C:\Users\User\Desktop\customer_api\env\Lib\site-packages\sqlalchemy\orm\context.py", line 306, in orm_execute_statement
    result = conn.execute(
             ^^^^^^^^^^^^^
  File "C:\Users\User\Desktop\customer_api\env\Lib\site-packages\sqlalchemy\engine\base.py", line 1419, in execute
    return meth(
           ^^^^^
  File "C:\Users\User\Desktop\customer_api\env\Lib\site-packages\sqlalchemy\sql\elements.py", line 527, in _execute_on_connection
    return connection._execute_clauseelement(
           ^^^^^^^^^^^^^^^^^^^^^^^^^^^^^^^^^^
  File "C:\Users\User\Desktop\customer_api\env\Lib\site-packages\sqlalchemy\engine\base.py", line 1641, in _execute_clauseelement
    ret = self._execute_context(
          ^^^^^^^^^^^^^^^^^^^^^^
  File "C:\Users\User\Desktop\customer_api\env\Lib\site-packages\sqlalchemy\engine\base.py", line 1846, in _execute_context
    return self._exec_single_context(
           ^^^^^^^^^^^^^^^^^^^^^^^^^^
  File "C:\Users\User\Desktop\customer_api\env\Lib\site-packages\sqlalchemy\engine\base.py", line 1986, in _exec_single_context
    self._handle_dbapi_exception(
  File "C:\Users\User\Desktop\customer_api\env\Lib\site-packages\sqlalchemy\engine\base.py", line 2363, in _handle_dbapi_exception
    raise sqlalchemy_exception.with_traceback(exc_info[2]) from e
  File "C:\Users\User\Desktop\customer_api\env\Lib\site-packages\sqlalchemy\engine\base.py", line 1967, in _exec_single_context
    self.dialect.do_execute(
  File "C:\Users\User\Desktop\customer_api\env\Lib\site-packages\sqlalchemy\engine\default.py", line 952, in do_execute
    cursor.execute(statement, parameters)
sqlalchemy.exc.ProgrammingError: (psycopg2.errors.UndefinedTable) relation "customers" does not exist
LINE 3: FROM customers 
             ^

[SQL: SELECT anon_1.customers_id AS anon_1_customers_id, anon_1.customers_name AS anon_1_customers_name, anon_1.customers_age AS anon_1_customers_age, anon_1.customers_gender AS anon_1_customers_gender, anon_1.customers_date_of_birth AS anon_1_customers_date_of_birth, anon_1.customers_email AS anon_1_customers_email, anon_1.customers_phone AS anon_1_customers_phone, anon_1.customers_alternate_phone AS anon_1_customers_alternate_phone, anon_1.customers_company AS anon_1_customers_company, anon_1.customers_job_title AS anon_1_customers_job_title, anon_1.customers_experience_years AS anon_1_customers_experience_years, anon_1.customers_customer_type AS anon_1_customers_customer_type, anon_1.customers_status AS anon_1_customers_status, anon_1.customers_created_at AS anon_1_customers_created_at, anon_1.customers_updated_at AS anon_1_customers_updated_at, anon_1.customers_notes AS anon_1_customers_notes, anon_1.customers_source AS anon_1_customers_source, addresses_1.id AS addresses_1_id, addresses_1.customer_id AS addresses_1_customer_id, addresses_1.city AS addresses_1_city, addresses_1.state AS addresses_1_state, addresses_1.pincode AS addresses_1_pincode 
FROM (SELECT customers.id AS customers_id, customers.name AS customers_name, customers.age AS customers_age, customers.gender AS customers_gender, customers.date_of_birth AS customers_date_of_birth, customers.email AS customers_email, customers.phone AS customers_phone, customers.alternate_phone AS customers_alternate_phone, customers.company AS customers_company, customers.job_title AS customers_job_title, customers.experience_years AS customers_experience_years, customers.customer_type AS customers_customer_type, customers.status AS customers_status, customers.created_at AS customers_created_at, customers.updated_at AS customers_updated_at, customers.notes AS customers_notes, customers.source AS customers_source 
FROM customers 
 LIMIT %(param_1)s OFFSET %(param_2)s) AS anon_1 LEFT OUTER JOIN addresses AS addresses_1 ON anon_1.customers_id = addresses_1.customer_id]
[parameters: {'param_1': 5, 'param_2': 0}]
(Background on this error at: https://sqlalche.me/e/20/f405)
2026-04-23 17:13:57,386 | INFO | app_logger | N/A | Response status: 200
2026-04-23 17:13:57,396 | ERROR | app_logger | f97761c3-4f8e-4990-b1a4-d9f99945b0c3 | Failed to fetch customers | Status Code: 500
2026-04-23 17:13:57,400 | INFO | app_logger | N/A | Response status: 500
2026-04-23 17:13:57,637 | INFO | app_logger | N/A | GET http://localhost:8000/auth/users
2026-04-23 17:13:57,639 | INFO | app_logger | N/A | GET http://localhost:8000/auth/users/count
2026-04-23 17:13:57,639 | INFO | app_logger | N/A | GET http://localhost:8000/customers/?page=1&limit=5
2026-04-23 17:13:57,651 | INFO | app_logger | 4687612c-7799-47f9-90bf-b637edbb0ed8 | Fetch users API called
2026-04-23 17:13:57,651 | INFO | app_logger | 6af63027-5247-4267-9b8b-7d8134127a06 | Fetch customers | user=raghu@gmail.com | page=1 limit=5
2026-04-23 17:13:57,651 | INFO | app_logger | 3db2d24a-c386-4cd3-bdef-b03a2b7050e6 | User count API called
2026-04-23 17:13:57,651 | INFO | app_logger | 4687612c-7799-47f9-90bf-b637edbb0ed8 | Fetch users | skip=0 limit=10
2026-04-23 17:13:57,651 | INFO | app_logger | 6af63027-5247-4267-9b8b-7d8134127a06 | Fetch customers | page=1 limit=5
2026-04-23 17:13:57,656 | INFO | app_logger | 3db2d24a-c386-4cd3-bdef-b03a2b7050e6 | User count | total=1
2026-04-23 17:13:57,662 | INFO | app_logger | N/A | Response status: 200
2026-04-23 17:13:57,664 | ERROR | app_logger | 6af63027-5247-4267-9b8b-7d8134127a06 | Fetch customers failed
Traceback (most recent call last):
  File "C:\Users\User\Desktop\customer_api\env\Lib\site-packages\sqlalchemy\engine\base.py", line 1967, in _exec_single_context
    self.dialect.do_execute(
  File "C:\Users\User\Desktop\customer_api\env\Lib\site-packages\sqlalchemy\engine\default.py", line 952, in do_execute
    cursor.execute(statement, parameters)
psycopg2.errors.UndefinedTable: relation "customers" does not exist
LINE 3: FROM customers 
             ^


The above exception was the direct cause of the following exception:

Traceback (most recent call last):
  File "C:\Users\User\Desktop\customer_api\backend\services\customer_service.py", line 169, in get_all_customers
    .all()
     ^^^^^
  File "C:\Users\User\Desktop\customer_api\env\Lib\site-packages\sqlalchemy\orm\query.py", line 2711, in all
    return self._iter().all()  # type: ignore
           ^^^^^^^^^^^^
  File "C:\Users\User\Desktop\customer_api\env\Lib\site-packages\sqlalchemy\orm\query.py", line 2864, in _iter
    result: Union[ScalarResult[_T], Result[_T]] = self.session.execute(
                                                  ^^^^^^^^^^^^^^^^^^^^^
  File "C:\Users\User\Desktop\customer_api\env\Lib\site-packages\sqlalchemy\orm\session.py", line 2351, in execute
    return self._execute_internal(
           ^^^^^^^^^^^^^^^^^^^^^^^
  File "C:\Users\User\Desktop\customer_api\env\Lib\site-packages\sqlalchemy\orm\session.py", line 2249, in _execute_internal
    result: Result[Any] = compile_state_cls.orm_execute_statement(
                          ^^^^^^^^^^^^^^^^^^^^^^^^^^^^^^^^^^^^^^^^
  File "C:\Users\User\Desktop\customer_api\env\Lib\site-packages\sqlalchemy\orm\context.py", line 306, in orm_execute_statement
    result = conn.execute(
             ^^^^^^^^^^^^^
  File "C:\Users\User\Desktop\customer_api\env\Lib\site-packages\sqlalchemy\engine\base.py", line 1419, in execute
    return meth(
           ^^^^^
  File "C:\Users\User\Desktop\customer_api\env\Lib\site-packages\sqlalchemy\sql\elements.py", line 527, in _execute_on_connection
    return connection._execute_clauseelement(
           ^^^^^^^^^^^^^^^^^^^^^^^^^^^^^^^^^^
  File "C:\Users\User\Desktop\customer_api\env\Lib\site-packages\sqlalchemy\engine\base.py", line 1641, in _execute_clauseelement
    ret = self._execute_context(
          ^^^^^^^^^^^^^^^^^^^^^^
  File "C:\Users\User\Desktop\customer_api\env\Lib\site-packages\sqlalchemy\engine\base.py", line 1846, in _execute_context
    return self._exec_single_context(
           ^^^^^^^^^^^^^^^^^^^^^^^^^^
  File "C:\Users\User\Desktop\customer_api\env\Lib\site-packages\sqlalchemy\engine\base.py", line 1986, in _exec_single_context
    self._handle_dbapi_exception(
  File "C:\Users\User\Desktop\customer_api\env\Lib\site-packages\sqlalchemy\engine\base.py", line 2363, in _handle_dbapi_exception
    raise sqlalchemy_exception.with_traceback(exc_info[2]) from e
  File "C:\Users\User\Desktop\customer_api\env\Lib\site-packages\sqlalchemy\engine\base.py", line 1967, in _exec_single_context
    self.dialect.do_execute(
  File "C:\Users\User\Desktop\customer_api\env\Lib\site-packages\sqlalchemy\engine\default.py", line 952, in do_execute
    cursor.execute(statement, parameters)
sqlalchemy.exc.ProgrammingError: (psycopg2.errors.UndefinedTable) relation "customers" does not exist
LINE 3: FROM customers 
             ^

[SQL: SELECT anon_1.customers_id AS anon_1_customers_id, anon_1.customers_name AS anon_1_customers_name, anon_1.customers_age AS anon_1_customers_age, anon_1.customers_gender AS anon_1_customers_gender, anon_1.customers_date_of_birth AS anon_1_customers_date_of_birth, anon_1.customers_email AS anon_1_customers_email, anon_1.customers_phone AS anon_1_customers_phone, anon_1.customers_alternate_phone AS anon_1_customers_alternate_phone, anon_1.customers_company AS anon_1_customers_company, anon_1.customers_job_title AS anon_1_customers_job_title, anon_1.customers_experience_years AS anon_1_customers_experience_years, anon_1.customers_customer_type AS anon_1_customers_customer_type, anon_1.customers_status AS anon_1_customers_status, anon_1.customers_created_at AS anon_1_customers_created_at, anon_1.customers_updated_at AS anon_1_customers_updated_at, anon_1.customers_notes AS anon_1_customers_notes, anon_1.customers_source AS anon_1_customers_source, addresses_1.id AS addresses_1_id, addresses_1.customer_id AS addresses_1_customer_id, addresses_1.city AS addresses_1_city, addresses_1.state AS addresses_1_state, addresses_1.pincode AS addresses_1_pincode 
FROM (SELECT customers.id AS customers_id, customers.name AS customers_name, customers.age AS customers_age, customers.gender AS customers_gender, customers.date_of_birth AS customers_date_of_birth, customers.email AS customers_email, customers.phone AS customers_phone, customers.alternate_phone AS customers_alternate_phone, customers.company AS customers_company, customers.job_title AS customers_job_title, customers.experience_years AS customers_experience_years, customers.customer_type AS customers_customer_type, customers.status AS customers_status, customers.created_at AS customers_created_at, customers.updated_at AS customers_updated_at, customers.notes AS customers_notes, customers.source AS customers_source 
FROM customers 
 LIMIT %(param_1)s OFFSET %(param_2)s) AS anon_1 LEFT OUTER JOIN addresses AS addresses_1 ON anon_1.customers_id = addresses_1.customer_id]
[parameters: {'param_1': 5, 'param_2': 0}]
(Background on this error at: https://sqlalche.me/e/20/f405)
2026-04-23 17:13:57,671 | INFO | app_logger | N/A | Response status: 200
2026-04-23 17:13:57,686 | ERROR | app_logger | 6af63027-5247-4267-9b8b-7d8134127a06 | Failed to fetch customers | Status Code: 500
2026-04-23 17:13:57,689 | INFO | app_logger | N/A | Response status: 500
2026-04-23 17:13:57,780 | INFO | app_logger | N/A | GET http://localhost:8000/auth/users
2026-04-23 17:13:57,784 | INFO | app_logger | N/A | GET http://localhost:8000/customers/?page=1&limit=5
2026-04-23 17:13:57,785 | INFO | app_logger | N/A | GET http://localhost:8000/auth/users/count
2026-04-23 17:13:57,799 | INFO | app_logger | ead48e6d-3238-42c6-ae70-72c0b67443b7 | Fetch customers | user=raghu@gmail.com | page=1 limit=5
2026-04-23 17:13:57,799 | INFO | app_logger | 49a4a58c-dab0-415a-b1ea-19550ad54c9f | User count API called
2026-04-23 17:13:57,799 | INFO | app_logger | fec80353-239b-4a3e-87e7-9d6f17d8661e | Fetch users API called
2026-04-23 17:13:57,800 | INFO | app_logger | ead48e6d-3238-42c6-ae70-72c0b67443b7 | Fetch customers | page=1 limit=5
2026-04-23 17:13:57,806 | INFO | app_logger | 49a4a58c-dab0-415a-b1ea-19550ad54c9f | User count | total=1
2026-04-23 17:13:57,807 | INFO | app_logger | fec80353-239b-4a3e-87e7-9d6f17d8661e | Fetch users | skip=0 limit=10
2026-04-23 17:13:57,809 | ERROR | app_logger | ead48e6d-3238-42c6-ae70-72c0b67443b7 | Fetch customers failed
Traceback (most recent call last):
  File "C:\Users\User\Desktop\customer_api\env\Lib\site-packages\sqlalchemy\engine\base.py", line 1967, in _exec_single_context
    self.dialect.do_execute(
  File "C:\Users\User\Desktop\customer_api\env\Lib\site-packages\sqlalchemy\engine\default.py", line 952, in do_execute
    cursor.execute(statement, parameters)
psycopg2.errors.UndefinedTable: relation "customers" does not exist
LINE 3: FROM customers 
             ^


The above exception was the direct cause of the following exception:

Traceback (most recent call last):
  File "C:\Users\User\Desktop\customer_api\backend\services\customer_service.py", line 169, in get_all_customers
    .all()
     ^^^^^
  File "C:\Users\User\Desktop\customer_api\env\Lib\site-packages\sqlalchemy\orm\query.py", line 2711, in all
    return self._iter().all()  # type: ignore
           ^^^^^^^^^^^^
  File "C:\Users\User\Desktop\customer_api\env\Lib\site-packages\sqlalchemy\orm\query.py", line 2864, in _iter
    result: Union[ScalarResult[_T], Result[_T]] = self.session.execute(
                                                  ^^^^^^^^^^^^^^^^^^^^^
  File "C:\Users\User\Desktop\customer_api\env\Lib\site-packages\sqlalchemy\orm\session.py", line 2351, in execute
    return self._execute_internal(
           ^^^^^^^^^^^^^^^^^^^^^^^
  File "C:\Users\User\Desktop\customer_api\env\Lib\site-packages\sqlalchemy\orm\session.py", line 2249, in _execute_internal
    result: Result[Any] = compile_state_cls.orm_execute_statement(
                          ^^^^^^^^^^^^^^^^^^^^^^^^^^^^^^^^^^^^^^^^
  File "C:\Users\User\Desktop\customer_api\env\Lib\site-packages\sqlalchemy\orm\context.py", line 306, in orm_execute_statement
    result = conn.execute(
             ^^^^^^^^^^^^^
  File "C:\Users\User\Desktop\customer_api\env\Lib\site-packages\sqlalchemy\engine\base.py", line 1419, in execute
    return meth(
           ^^^^^
  File "C:\Users\User\Desktop\customer_api\env\Lib\site-packages\sqlalchemy\sql\elements.py", line 527, in _execute_on_connection
    return connection._execute_clauseelement(
           ^^^^^^^^^^^^^^^^^^^^^^^^^^^^^^^^^^
  File "C:\Users\User\Desktop\customer_api\env\Lib\site-packages\sqlalchemy\engine\base.py", line 1641, in _execute_clauseelement
    ret = self._execute_context(
          ^^^^^^^^^^^^^^^^^^^^^^
  File "C:\Users\User\Desktop\customer_api\env\Lib\site-packages\sqlalchemy\engine\base.py", line 1846, in _execute_context
    return self._exec_single_context(
           ^^^^^^^^^^^^^^^^^^^^^^^^^^
  File "C:\Users\User\Desktop\customer_api\env\Lib\site-packages\sqlalchemy\engine\base.py", line 1986, in _exec_single_context
    self._handle_dbapi_exception(
  File "C:\Users\User\Desktop\customer_api\env\Lib\site-packages\sqlalchemy\engine\base.py", line 2363, in _handle_dbapi_exception
    raise sqlalchemy_exception.with_traceback(exc_info[2]) from e
  File "C:\Users\User\Desktop\customer_api\env\Lib\site-packages\sqlalchemy\engine\base.py", line 1967, in _exec_single_context
    self.dialect.do_execute(
  File "C:\Users\User\Desktop\customer_api\env\Lib\site-packages\sqlalchemy\engine\default.py", line 952, in do_execute
    cursor.execute(statement, parameters)
sqlalchemy.exc.ProgrammingError: (psycopg2.errors.UndefinedTable) relation "customers" does not exist
LINE 3: FROM customers 
             ^

[SQL: SELECT anon_1.customers_id AS anon_1_customers_id, anon_1.customers_name AS anon_1_customers_name, anon_1.customers_age AS anon_1_customers_age, anon_1.customers_gender AS anon_1_customers_gender, anon_1.customers_date_of_birth AS anon_1_customers_date_of_birth, anon_1.customers_email AS anon_1_customers_email, anon_1.customers_phone AS anon_1_customers_phone, anon_1.customers_alternate_phone AS anon_1_customers_alternate_phone, anon_1.customers_company AS anon_1_customers_company, anon_1.customers_job_title AS anon_1_customers_job_title, anon_1.customers_experience_years AS anon_1_customers_experience_years, anon_1.customers_customer_type AS anon_1_customers_customer_type, anon_1.customers_status AS anon_1_customers_status, anon_1.customers_created_at AS anon_1_customers_created_at, anon_1.customers_updated_at AS anon_1_customers_updated_at, anon_1.customers_notes AS anon_1_customers_notes, anon_1.customers_source AS anon_1_customers_source, addresses_1.id AS addresses_1_id, addresses_1.customer_id AS addresses_1_customer_id, addresses_1.city AS addresses_1_city, addresses_1.state AS addresses_1_state, addresses_1.pincode AS addresses_1_pincode 
FROM (SELECT customers.id AS customers_id, customers.name AS customers_name, customers.age AS customers_age, customers.gender AS customers_gender, customers.date_of_birth AS customers_date_of_birth, customers.email AS customers_email, customers.phone AS customers_phone, customers.alternate_phone AS customers_alternate_phone, customers.company AS customers_company, customers.job_title AS customers_job_title, customers.experience_years AS customers_experience_years, customers.customer_type AS customers_customer_type, customers.status AS customers_status, customers.created_at AS customers_created_at, customers.updated_at AS customers_updated_at, customers.notes AS customers_notes, customers.source AS customers_source 
FROM customers 
 LIMIT %(param_1)s OFFSET %(param_2)s) AS anon_1 LEFT OUTER JOIN addresses AS addresses_1 ON anon_1.customers_id = addresses_1.customer_id]
[parameters: {'param_1': 5, 'param_2': 0}]
(Background on this error at: https://sqlalche.me/e/20/f405)
2026-04-23 17:13:57,811 | INFO | app_logger | N/A | Response status: 200
2026-04-23 17:13:57,826 | INFO | app_logger | N/A | Response status: 200
2026-04-23 17:13:57,828 | ERROR | app_logger | ead48e6d-3238-42c6-ae70-72c0b67443b7 | Failed to fetch customers | Status Code: 500
2026-04-23 17:13:57,837 | INFO | app_logger | N/A | Response status: 500
2026-04-23 17:13:58,144 | INFO | app_logger | N/A | GET http://localhost:8000/auth/users
2026-04-23 17:13:58,150 | INFO | app_logger | N/A | GET http://localhost:8000/auth/users/count
2026-04-23 17:13:58,152 | INFO | app_logger | N/A | GET http://localhost:8000/customers/?page=1&limit=5
2026-04-23 17:13:58,174 | INFO | app_logger | 5222bf1e-742f-4c72-82ef-577bcff50a81 | User count API called
2026-04-23 17:13:58,174 | INFO | app_logger | 3e307984-a7c9-4a20-8a99-e478de3e0688 | Fetch users API called
2026-04-23 17:13:58,175 | INFO | app_logger | 0a6987ab-0743-452b-bd22-3a209fbf4834 | Fetch customers | user=raghu@gmail.com | page=1 limit=5
2026-04-23 17:13:58,178 | INFO | app_logger | 5222bf1e-742f-4c72-82ef-577bcff50a81 | User count | total=1
2026-04-23 17:13:58,180 | INFO | app_logger | 3e307984-a7c9-4a20-8a99-e478de3e0688 | Fetch users | skip=0 limit=10
2026-04-23 17:13:58,180 | INFO | app_logger | 0a6987ab-0743-452b-bd22-3a209fbf4834 | Fetch customers | page=1 limit=5
2026-04-23 17:13:58,186 | ERROR | app_logger | 0a6987ab-0743-452b-bd22-3a209fbf4834 | Fetch customers failed
Traceback (most recent call last):
  File "C:\Users\User\Desktop\customer_api\env\Lib\site-packages\sqlalchemy\engine\base.py", line 1967, in _exec_single_context
    self.dialect.do_execute(
  File "C:\Users\User\Desktop\customer_api\env\Lib\site-packages\sqlalchemy\engine\default.py", line 952, in do_execute
    cursor.execute(statement, parameters)
psycopg2.errors.UndefinedTable: relation "customers" does not exist
LINE 3: FROM customers 
             ^


The above exception was the direct cause of the following exception:

Traceback (most recent call last):
  File "C:\Users\User\Desktop\customer_api\backend\services\customer_service.py", line 169, in get_all_customers
    .all()
     ^^^^^
  File "C:\Users\User\Desktop\customer_api\env\Lib\site-packages\sqlalchemy\orm\query.py", line 2711, in all
    return self._iter().all()  # type: ignore
           ^^^^^^^^^^^^
  File "C:\Users\User\Desktop\customer_api\env\Lib\site-packages\sqlalchemy\orm\query.py", line 2864, in _iter
    result: Union[ScalarResult[_T], Result[_T]] = self.session.execute(
                                                  ^^^^^^^^^^^^^^^^^^^^^
  File "C:\Users\User\Desktop\customer_api\env\Lib\site-packages\sqlalchemy\orm\session.py", line 2351, in execute
    return self._execute_internal(
           ^^^^^^^^^^^^^^^^^^^^^^^
  File "C:\Users\User\Desktop\customer_api\env\Lib\site-packages\sqlalchemy\orm\session.py", line 2249, in _execute_internal
    result: Result[Any] = compile_state_cls.orm_execute_statement(
                          ^^^^^^^^^^^^^^^^^^^^^^^^^^^^^^^^^^^^^^^^
  File "C:\Users\User\Desktop\customer_api\env\Lib\site-packages\sqlalchemy\orm\context.py", line 306, in orm_execute_statement
    result = conn.execute(
             ^^^^^^^^^^^^^
  File "C:\Users\User\Desktop\customer_api\env\Lib\site-packages\sqlalchemy\engine\base.py", line 1419, in execute
    return meth(
           ^^^^^
  File "C:\Users\User\Desktop\customer_api\env\Lib\site-packages\sqlalchemy\sql\elements.py", line 527, in _execute_on_connection
    return connection._execute_clauseelement(
           ^^^^^^^^^^^^^^^^^^^^^^^^^^^^^^^^^^
  File "C:\Users\User\Desktop\customer_api\env\Lib\site-packages\sqlalchemy\engine\base.py", line 1641, in _execute_clauseelement
    ret = self._execute_context(
          ^^^^^^^^^^^^^^^^^^^^^^
  File "C:\Users\User\Desktop\customer_api\env\Lib\site-packages\sqlalchemy\engine\base.py", line 1846, in _execute_context
    return self._exec_single_context(
           ^^^^^^^^^^^^^^^^^^^^^^^^^^
  File "C:\Users\User\Desktop\customer_api\env\Lib\site-packages\sqlalchemy\engine\base.py", line 1986, in _exec_single_context
    self._handle_dbapi_exception(
  File "C:\Users\User\Desktop\customer_api\env\Lib\site-packages\sqlalchemy\engine\base.py", line 2363, in _handle_dbapi_exception
    raise sqlalchemy_exception.with_traceback(exc_info[2]) from e
  File "C:\Users\User\Desktop\customer_api\env\Lib\site-packages\sqlalchemy\engine\base.py", line 1967, in _exec_single_context
    self.dialect.do_execute(
  File "C:\Users\User\Desktop\customer_api\env\Lib\site-packages\sqlalchemy\engine\default.py", line 952, in do_execute
    cursor.execute(statement, parameters)
sqlalchemy.exc.ProgrammingError: (psycopg2.errors.UndefinedTable) relation "customers" does not exist
LINE 3: FROM customers 
             ^

[SQL: SELECT anon_1.customers_id AS anon_1_customers_id, anon_1.customers_name AS anon_1_customers_name, anon_1.customers_age AS anon_1_customers_age, anon_1.customers_gender AS anon_1_customers_gender, anon_1.customers_date_of_birth AS anon_1_customers_date_of_birth, anon_1.customers_email AS anon_1_customers_email, anon_1.customers_phone AS anon_1_customers_phone, anon_1.customers_alternate_phone AS anon_1_customers_alternate_phone, anon_1.customers_company AS anon_1_customers_company, anon_1.customers_job_title AS anon_1_customers_job_title, anon_1.customers_experience_years AS anon_1_customers_experience_years, anon_1.customers_customer_type AS anon_1_customers_customer_type, anon_1.customers_status AS anon_1_customers_status, anon_1.customers_created_at AS anon_1_customers_created_at, anon_1.customers_updated_at AS anon_1_customers_updated_at, anon_1.customers_notes AS anon_1_customers_notes, anon_1.customers_source AS anon_1_customers_source, addresses_1.id AS addresses_1_id, addresses_1.customer_id AS addresses_1_customer_id, addresses_1.city AS addresses_1_city, addresses_1.state AS addresses_1_state, addresses_1.pincode AS addresses_1_pincode 
FROM (SELECT customers.id AS customers_id, customers.name AS customers_name, customers.age AS customers_age, customers.gender AS customers_gender, customers.date_of_birth AS customers_date_of_birth, customers.email AS customers_email, customers.phone AS customers_phone, customers.alternate_phone AS customers_alternate_phone, customers.company AS customers_company, customers.job_title AS customers_job_title, customers.experience_years AS customers_experience_years, customers.customer_type AS customers_customer_type, customers.status AS customers_status, customers.created_at AS customers_created_at, customers.updated_at AS customers_updated_at, customers.notes AS customers_notes, customers.source AS customers_source 
FROM customers 
 LIMIT %(param_1)s OFFSET %(param_2)s) AS anon_1 LEFT OUTER JOIN addresses AS addresses_1 ON anon_1.customers_id = addresses_1.customer_id]
[parameters: {'param_1': 5, 'param_2': 0}]
(Background on this error at: https://sqlalche.me/e/20/f405)
2026-04-23 17:13:58,189 | INFO | app_logger | N/A | Response status: 200
2026-04-23 17:13:58,205 | INFO | app_logger | N/A | Response status: 200
2026-04-23 17:13:58,208 | ERROR | app_logger | 0a6987ab-0743-452b-bd22-3a209fbf4834 | Failed to fetch customers | Status Code: 500
2026-04-23 17:13:58,220 | INFO | app_logger | N/A | Response status: 500
2026-04-23 17:13:58,260 | INFO | app_logger | N/A | GET http://localhost:8000/auth/users
2026-04-23 17:13:58,264 | INFO | app_logger | N/A | GET http://localhost:8000/customers/?page=1&limit=5
2026-04-23 17:13:58,272 | INFO | app_logger | 2ae4d383-4f0c-44d8-90ee-fdfb331bc529 | Fetch users API called
2026-04-23 17:13:58,272 | INFO | app_logger | e9b4437f-ff1d-4b68-a579-771358e0c546 | Fetch customers | user=raghu@gmail.com | page=1 limit=5
2026-04-23 17:13:58,272 | INFO | app_logger | 2ae4d383-4f0c-44d8-90ee-fdfb331bc529 | Fetch users | skip=0 limit=10
2026-04-23 17:13:58,274 | INFO | app_logger | e9b4437f-ff1d-4b68-a579-771358e0c546 | Fetch customers | page=1 limit=5
2026-04-23 17:13:58,278 | INFO | app_logger | N/A | Response status: 200
2026-04-23 17:13:58,278 | ERROR | app_logger | e9b4437f-ff1d-4b68-a579-771358e0c546 | Fetch customers failed
Traceback (most recent call last):
  File "C:\Users\User\Desktop\customer_api\env\Lib\site-packages\sqlalchemy\engine\base.py", line 1967, in _exec_single_context
    self.dialect.do_execute(
  File "C:\Users\User\Desktop\customer_api\env\Lib\site-packages\sqlalchemy\engine\default.py", line 952, in do_execute
    cursor.execute(statement, parameters)
psycopg2.errors.UndefinedTable: relation "customers" does not exist
LINE 3: FROM customers 
             ^


The above exception was the direct cause of the following exception:

Traceback (most recent call last):
  File "C:\Users\User\Desktop\customer_api\backend\services\customer_service.py", line 169, in get_all_customers
    .all()
     ^^^^^
  File "C:\Users\User\Desktop\customer_api\env\Lib\site-packages\sqlalchemy\orm\query.py", line 2711, in all
    return self._iter().all()  # type: ignore
           ^^^^^^^^^^^^
  File "C:\Users\User\Desktop\customer_api\env\Lib\site-packages\sqlalchemy\orm\query.py", line 2864, in _iter
    result: Union[ScalarResult[_T], Result[_T]] = self.session.execute(
                                                  ^^^^^^^^^^^^^^^^^^^^^
  File "C:\Users\User\Desktop\customer_api\env\Lib\site-packages\sqlalchemy\orm\session.py", line 2351, in execute
    return self._execute_internal(
           ^^^^^^^^^^^^^^^^^^^^^^^
  File "C:\Users\User\Desktop\customer_api\env\Lib\site-packages\sqlalchemy\orm\session.py", line 2249, in _execute_internal
    result: Result[Any] = compile_state_cls.orm_execute_statement(
                          ^^^^^^^^^^^^^^^^^^^^^^^^^^^^^^^^^^^^^^^^
  File "C:\Users\User\Desktop\customer_api\env\Lib\site-packages\sqlalchemy\orm\context.py", line 306, in orm_execute_statement
    result = conn.execute(
             ^^^^^^^^^^^^^
  File "C:\Users\User\Desktop\customer_api\env\Lib\site-packages\sqlalchemy\engine\base.py", line 1419, in execute
    return meth(
           ^^^^^
  File "C:\Users\User\Desktop\customer_api\env\Lib\site-packages\sqlalchemy\sql\elements.py", line 527, in _execute_on_connection
    return connection._execute_clauseelement(
           ^^^^^^^^^^^^^^^^^^^^^^^^^^^^^^^^^^
  File "C:\Users\User\Desktop\customer_api\env\Lib\site-packages\sqlalchemy\engine\base.py", line 1641, in _execute_clauseelement
    ret = self._execute_context(
          ^^^^^^^^^^^^^^^^^^^^^^
  File "C:\Users\User\Desktop\customer_api\env\Lib\site-packages\sqlalchemy\engine\base.py", line 1846, in _execute_context
    return self._exec_single_context(
           ^^^^^^^^^^^^^^^^^^^^^^^^^^
  File "C:\Users\User\Desktop\customer_api\env\Lib\site-packages\sqlalchemy\engine\base.py", line 1986, in _exec_single_context
    self._handle_dbapi_exception(
  File "C:\Users\User\Desktop\customer_api\env\Lib\site-packages\sqlalchemy\engine\base.py", line 2363, in _handle_dbapi_exception
    raise sqlalchemy_exception.with_traceback(exc_info[2]) from e
  File "C:\Users\User\Desktop\customer_api\env\Lib\site-packages\sqlalchemy\engine\base.py", line 1967, in _exec_single_context
    self.dialect.do_execute(
  File "C:\Users\User\Desktop\customer_api\env\Lib\site-packages\sqlalchemy\engine\default.py", line 952, in do_execute
    cursor.execute(statement, parameters)
sqlalchemy.exc.ProgrammingError: (psycopg2.errors.UndefinedTable) relation "customers" does not exist
LINE 3: FROM customers 
             ^

[SQL: SELECT anon_1.customers_id AS anon_1_customers_id, anon_1.customers_name AS anon_1_customers_name, anon_1.customers_age AS anon_1_customers_age, anon_1.customers_gender AS anon_1_customers_gender, anon_1.customers_date_of_birth AS anon_1_customers_date_of_birth, anon_1.customers_email AS anon_1_customers_email, anon_1.customers_phone AS anon_1_customers_phone, anon_1.customers_alternate_phone AS anon_1_customers_alternate_phone, anon_1.customers_company AS anon_1_customers_company, anon_1.customers_job_title AS anon_1_customers_job_title, anon_1.customers_experience_years AS anon_1_customers_experience_years, anon_1.customers_customer_type AS anon_1_customers_customer_type, anon_1.customers_status AS anon_1_customers_status, anon_1.customers_created_at AS anon_1_customers_created_at, anon_1.customers_updated_at AS anon_1_customers_updated_at, anon_1.customers_notes AS anon_1_customers_notes, anon_1.customers_source AS anon_1_customers_source, addresses_1.id AS addresses_1_id, addresses_1.customer_id AS addresses_1_customer_id, addresses_1.city AS addresses_1_city, addresses_1.state AS addresses_1_state, addresses_1.pincode AS addresses_1_pincode 
FROM (SELECT customers.id AS customers_id, customers.name AS customers_name, customers.age AS customers_age, customers.gender AS customers_gender, customers.date_of_birth AS customers_date_of_birth, customers.email AS customers_email, customers.phone AS customers_phone, customers.alternate_phone AS customers_alternate_phone, customers.company AS customers_company, customers.job_title AS customers_job_title, customers.experience_years AS customers_experience_years, customers.customer_type AS customers_customer_type, customers.status AS customers_status, customers.created_at AS customers_created_at, customers.updated_at AS customers_updated_at, customers.notes AS customers_notes, customers.source AS customers_source 
FROM customers 
 LIMIT %(param_1)s OFFSET %(param_2)s) AS anon_1 LEFT OUTER JOIN addresses AS addresses_1 ON anon_1.customers_id = addresses_1.customer_id]
[parameters: {'param_1': 5, 'param_2': 0}]
(Background on this error at: https://sqlalche.me/e/20/f405)
2026-04-23 17:13:58,289 | INFO | app_logger | N/A | GET http://localhost:8000/auth/users/count
2026-04-23 17:13:58,295 | ERROR | app_logger | e9b4437f-ff1d-4b68-a579-771358e0c546 | Failed to fetch customers | Status Code: 500
2026-04-23 17:13:58,298 | INFO | app_logger | N/A | Response status: 500
2026-04-23 17:13:58,303 | INFO | app_logger | 335e1e41-738c-43db-a29b-5abc8eb49097 | User count API called
2026-04-23 17:13:58,308 | INFO | app_logger | 335e1e41-738c-43db-a29b-5abc8eb49097 | User count | total=1
2026-04-23 17:13:58,311 | INFO | app_logger | N/A | Response status: 200
2026-04-23 17:13:58,403 | INFO | app_logger | N/A | GET http://localhost:8000/auth/users
2026-04-23 17:13:58,405 | INFO | app_logger | N/A | GET http://localhost:8000/customers/?page=1&limit=5
2026-04-23 17:13:58,412 | INFO | app_logger | 66fa1cbf-c954-492c-9d66-83fbf2d0d5ee | Fetch users API called
2026-04-23 17:13:58,412 | INFO | app_logger | 1b240fd2-18a3-4bf7-af12-a2aff193e8a4 | Fetch customers | user=raghu@gmail.com | page=1 limit=5
2026-04-23 17:13:58,413 | INFO | app_logger | 66fa1cbf-c954-492c-9d66-83fbf2d0d5ee | Fetch users | skip=0 limit=10
2026-04-23 17:13:58,415 | INFO | app_logger | 1b240fd2-18a3-4bf7-af12-a2aff193e8a4 | Fetch customers | page=1 limit=5
2026-04-23 17:13:58,420 | INFO | app_logger | N/A | Response status: 200
2026-04-23 17:13:58,421 | ERROR | app_logger | 1b240fd2-18a3-4bf7-af12-a2aff193e8a4 | Fetch customers failed
Traceback (most recent call last):
  File "C:\Users\User\Desktop\customer_api\env\Lib\site-packages\sqlalchemy\engine\base.py", line 1967, in _exec_single_context
    self.dialect.do_execute(
  File "C:\Users\User\Desktop\customer_api\env\Lib\site-packages\sqlalchemy\engine\default.py", line 952, in do_execute
    cursor.execute(statement, parameters)
psycopg2.errors.UndefinedTable: relation "customers" does not exist
LINE 3: FROM customers 
             ^


The above exception was the direct cause of the following exception:

Traceback (most recent call last):
  File "C:\Users\User\Desktop\customer_api\backend\services\customer_service.py", line 169, in get_all_customers
    .all()
     ^^^^^
  File "C:\Users\User\Desktop\customer_api\env\Lib\site-packages\sqlalchemy\orm\query.py", line 2711, in all
    return self._iter().all()  # type: ignore
           ^^^^^^^^^^^^
  File "C:\Users\User\Desktop\customer_api\env\Lib\site-packages\sqlalchemy\orm\query.py", line 2864, in _iter
    result: Union[ScalarResult[_T], Result[_T]] = self.session.execute(
                                                  ^^^^^^^^^^^^^^^^^^^^^
  File "C:\Users\User\Desktop\customer_api\env\Lib\site-packages\sqlalchemy\orm\session.py", line 2351, in execute
    return self._execute_internal(
           ^^^^^^^^^^^^^^^^^^^^^^^
  File "C:\Users\User\Desktop\customer_api\env\Lib\site-packages\sqlalchemy\orm\session.py", line 2249, in _execute_internal
    result: Result[Any] = compile_state_cls.orm_execute_statement(
                          ^^^^^^^^^^^^^^^^^^^^^^^^^^^^^^^^^^^^^^^^
  File "C:\Users\User\Desktop\customer_api\env\Lib\site-packages\sqlalchemy\orm\context.py", line 306, in orm_execute_statement
    result = conn.execute(
             ^^^^^^^^^^^^^
  File "C:\Users\User\Desktop\customer_api\env\Lib\site-packages\sqlalchemy\engine\base.py", line 1419, in execute
    return meth(
           ^^^^^
  File "C:\Users\User\Desktop\customer_api\env\Lib\site-packages\sqlalchemy\sql\elements.py", line 527, in _execute_on_connection
    return connection._execute_clauseelement(
           ^^^^^^^^^^^^^^^^^^^^^^^^^^^^^^^^^^
  File "C:\Users\User\Desktop\customer_api\env\Lib\site-packages\sqlalchemy\engine\base.py", line 1641, in _execute_clauseelement
    ret = self._execute_context(
          ^^^^^^^^^^^^^^^^^^^^^^
  File "C:\Users\User\Desktop\customer_api\env\Lib\site-packages\sqlalchemy\engine\base.py", line 1846, in _execute_context
    return self._exec_single_context(
           ^^^^^^^^^^^^^^^^^^^^^^^^^^
  File "C:\Users\User\Desktop\customer_api\env\Lib\site-packages\sqlalchemy\engine\base.py", line 1986, in _exec_single_context
    self._handle_dbapi_exception(
  File "C:\Users\User\Desktop\customer_api\env\Lib\site-packages\sqlalchemy\engine\base.py", line 2363, in _handle_dbapi_exception
    raise sqlalchemy_exception.with_traceback(exc_info[2]) from e
  File "C:\Users\User\Desktop\customer_api\env\Lib\site-packages\sqlalchemy\engine\base.py", line 1967, in _exec_single_context
    self.dialect.do_execute(
  File "C:\Users\User\Desktop\customer_api\env\Lib\site-packages\sqlalchemy\engine\default.py", line 952, in do_execute
    cursor.execute(statement, parameters)
sqlalchemy.exc.ProgrammingError: (psycopg2.errors.UndefinedTable) relation "customers" does not exist
LINE 3: FROM customers 
             ^

[SQL: SELECT anon_1.customers_id AS anon_1_customers_id, anon_1.customers_name AS anon_1_customers_name, anon_1.customers_age AS anon_1_customers_age, anon_1.customers_gender AS anon_1_customers_gender, anon_1.customers_date_of_birth AS anon_1_customers_date_of_birth, anon_1.customers_email AS anon_1_customers_email, anon_1.customers_phone AS anon_1_customers_phone, anon_1.customers_alternate_phone AS anon_1_customers_alternate_phone, anon_1.customers_company AS anon_1_customers_company, anon_1.customers_job_title AS anon_1_customers_job_title, anon_1.customers_experience_years AS anon_1_customers_experience_years, anon_1.customers_customer_type AS anon_1_customers_customer_type, anon_1.customers_status AS anon_1_customers_status, anon_1.customers_created_at AS anon_1_customers_created_at, anon_1.customers_updated_at AS anon_1_customers_updated_at, anon_1.customers_notes AS anon_1_customers_notes, anon_1.customers_source AS anon_1_customers_source, addresses_1.id AS addresses_1_id, addresses_1.customer_id AS addresses_1_customer_id, addresses_1.city AS addresses_1_city, addresses_1.state AS addresses_1_state, addresses_1.pincode AS addresses_1_pincode 
FROM (SELECT customers.id AS customers_id, customers.name AS customers_name, customers.age AS customers_age, customers.gender AS customers_gender, customers.date_of_birth AS customers_date_of_birth, customers.email AS customers_email, customers.phone AS customers_phone, customers.alternate_phone AS customers_alternate_phone, customers.company AS customers_company, customers.job_title AS customers_job_title, customers.experience_years AS customers_experience_years, customers.customer_type AS customers_customer_type, customers.status AS customers_status, customers.created_at AS customers_created_at, customers.updated_at AS customers_updated_at, customers.notes AS customers_notes, customers.source AS customers_source 
FROM customers 
 LIMIT %(param_1)s OFFSET %(param_2)s) AS anon_1 LEFT OUTER JOIN addresses AS addresses_1 ON anon_1.customers_id = addresses_1.customer_id]
[parameters: {'param_1': 5, 'param_2': 0}]
(Background on this error at: https://sqlalche.me/e/20/f405)
2026-04-23 17:13:58,428 | INFO | app_logger | N/A | GET http://localhost:8000/auth/users/count
2026-04-23 17:13:58,439 | ERROR | app_logger | 1b240fd2-18a3-4bf7-af12-a2aff193e8a4 | Failed to fetch customers | Status Code: 500
2026-04-23 17:13:58,439 | INFO | app_logger | N/A | Response status: 500
2026-04-23 17:13:58,448 | INFO | app_logger | f5ff3e36-788f-4008-a5e1-5cf4c75cd542 | User count API called
2026-04-23 17:13:58,453 | INFO | app_logger | f5ff3e36-788f-4008-a5e1-5cf4c75cd542 | User count | total=1
2026-04-23 17:13:58,459 | INFO | app_logger | N/A | Response status: 200
2026-04-23 17:15:19,715 | INFO | app_logger | N/A | GET http://localhost:8000/auth/users
2026-04-23 17:15:19,718 | INFO | app_logger | N/A | GET http://localhost:8000/auth/users/count
2026-04-23 17:15:19,719 | INFO | app_logger | N/A | GET http://localhost:8000/customers/?page=1&limit=5
2026-04-23 17:15:19,745 | INFO | app_logger | d79eada6-46d6-4689-86b1-080e11f31c30 | User count API called
2026-04-23 17:15:19,745 | INFO | app_logger | e8ade3d8-55ec-4321-995b-c1aaffe72a04 | Fetch customers | user=raghu@gmail.com | page=1 limit=5
2026-04-23 17:15:19,745 | INFO | app_logger | 1b03e31a-89f3-4729-8a3f-681b16efbae7 | Fetch users API called
2026-04-23 17:15:19,751 | INFO | app_logger | d79eada6-46d6-4689-86b1-080e11f31c30 | User count | total=1
2026-04-23 17:15:19,751 | INFO | app_logger | e8ade3d8-55ec-4321-995b-c1aaffe72a04 | Fetch customers | page=1 limit=5
2026-04-23 17:15:19,753 | INFO | app_logger | 1b03e31a-89f3-4729-8a3f-681b16efbae7 | Fetch users | skip=0 limit=10
2026-04-23 17:15:19,759 | INFO | app_logger | N/A | Response status: 200
2026-04-23 17:15:19,760 | ERROR | app_logger | e8ade3d8-55ec-4321-995b-c1aaffe72a04 | Fetch customers failed
Traceback (most recent call last):
  File "C:\Users\User\Desktop\customer_api\env\Lib\site-packages\sqlalchemy\engine\base.py", line 1967, in _exec_single_context
    self.dialect.do_execute(
  File "C:\Users\User\Desktop\customer_api\env\Lib\site-packages\sqlalchemy\engine\default.py", line 952, in do_execute
    cursor.execute(statement, parameters)
psycopg2.errors.UndefinedTable: relation "customers" does not exist
LINE 3: FROM customers 
             ^


The above exception was the direct cause of the following exception:

Traceback (most recent call last):
  File "C:\Users\User\Desktop\customer_api\backend\services\customer_service.py", line 169, in get_all_customers
    .all()
     ^^^^^
  File "C:\Users\User\Desktop\customer_api\env\Lib\site-packages\sqlalchemy\orm\query.py", line 2711, in all
    return self._iter().all()  # type: ignore
           ^^^^^^^^^^^^
  File "C:\Users\User\Desktop\customer_api\env\Lib\site-packages\sqlalchemy\orm\query.py", line 2864, in _iter
    result: Union[ScalarResult[_T], Result[_T]] = self.session.execute(
                                                  ^^^^^^^^^^^^^^^^^^^^^
  File "C:\Users\User\Desktop\customer_api\env\Lib\site-packages\sqlalchemy\orm\session.py", line 2351, in execute
    return self._execute_internal(
           ^^^^^^^^^^^^^^^^^^^^^^^
  File "C:\Users\User\Desktop\customer_api\env\Lib\site-packages\sqlalchemy\orm\session.py", line 2249, in _execute_internal
    result: Result[Any] = compile_state_cls.orm_execute_statement(
                          ^^^^^^^^^^^^^^^^^^^^^^^^^^^^^^^^^^^^^^^^
  File "C:\Users\User\Desktop\customer_api\env\Lib\site-packages\sqlalchemy\orm\context.py", line 306, in orm_execute_statement
    result = conn.execute(
             ^^^^^^^^^^^^^
  File "C:\Users\User\Desktop\customer_api\env\Lib\site-packages\sqlalchemy\engine\base.py", line 1419, in execute
    return meth(
           ^^^^^
  File "C:\Users\User\Desktop\customer_api\env\Lib\site-packages\sqlalchemy\sql\elements.py", line 527, in _execute_on_connection
    return connection._execute_clauseelement(
           ^^^^^^^^^^^^^^^^^^^^^^^^^^^^^^^^^^
  File "C:\Users\User\Desktop\customer_api\env\Lib\site-packages\sqlalchemy\engine\base.py", line 1641, in _execute_clauseelement
    ret = self._execute_context(
          ^^^^^^^^^^^^^^^^^^^^^^
  File "C:\Users\User\Desktop\customer_api\env\Lib\site-packages\sqlalchemy\engine\base.py", line 1846, in _execute_context
    return self._exec_single_context(
           ^^^^^^^^^^^^^^^^^^^^^^^^^^
  File "C:\Users\User\Desktop\customer_api\env\Lib\site-packages\sqlalchemy\engine\base.py", line 1986, in _exec_single_context
    self._handle_dbapi_exception(
  File "C:\Users\User\Desktop\customer_api\env\Lib\site-packages\sqlalchemy\engine\base.py", line 2363, in _handle_dbapi_exception
    raise sqlalchemy_exception.with_traceback(exc_info[2]) from e
  File "C:\Users\User\Desktop\customer_api\env\Lib\site-packages\sqlalchemy\engine\base.py", line 1967, in _exec_single_context
    self.dialect.do_execute(
  File "C:\Users\User\Desktop\customer_api\env\Lib\site-packages\sqlalchemy\engine\default.py", line 952, in do_execute
    cursor.execute(statement, parameters)
sqlalchemy.exc.ProgrammingError: (psycopg2.errors.UndefinedTable) relation "customers" does not exist
LINE 3: FROM customers 
             ^

[SQL: SELECT anon_1.customers_id AS anon_1_customers_id, anon_1.customers_name AS anon_1_customers_name, anon_1.customers_age AS anon_1_customers_age, anon_1.customers_gender AS anon_1_customers_gender, anon_1.customers_date_of_birth AS anon_1_customers_date_of_birth, anon_1.customers_email AS anon_1_customers_email, anon_1.customers_phone AS anon_1_customers_phone, anon_1.customers_alternate_phone AS anon_1_customers_alternate_phone, anon_1.customers_company AS anon_1_customers_company, anon_1.customers_job_title AS anon_1_customers_job_title, anon_1.customers_experience_years AS anon_1_customers_experience_years, anon_1.customers_customer_type AS anon_1_customers_customer_type, anon_1.customers_status AS anon_1_customers_status, anon_1.customers_created_at AS anon_1_customers_created_at, anon_1.customers_updated_at AS anon_1_customers_updated_at, anon_1.customers_notes AS anon_1_customers_notes, anon_1.customers_source AS anon_1_customers_source, addresses_1.id AS addresses_1_id, addresses_1.customer_id AS addresses_1_customer_id, addresses_1.city AS addresses_1_city, addresses_1.state AS addresses_1_state, addresses_1.pincode AS addresses_1_pincode 
FROM (SELECT customers.id AS customers_id, customers.name AS customers_name, customers.age AS customers_age, customers.gender AS customers_gender, customers.date_of_birth AS customers_date_of_birth, customers.email AS customers_email, customers.phone AS customers_phone, customers.alternate_phone AS customers_alternate_phone, customers.company AS customers_company, customers.job_title AS customers_job_title, customers.experience_years AS customers_experience_years, customers.customer_type AS customers_customer_type, customers.status AS customers_status, customers.created_at AS customers_created_at, customers.updated_at AS customers_updated_at, customers.notes AS customers_notes, customers.source AS customers_source 
FROM customers 
 LIMIT %(param_1)s OFFSET %(param_2)s) AS anon_1 LEFT OUTER JOIN addresses AS addresses_1 ON anon_1.customers_id = addresses_1.customer_id]
[parameters: {'param_1': 5, 'param_2': 0}]
(Background on this error at: https://sqlalche.me/e/20/f405)
2026-04-23 17:15:19,779 | INFO | app_logger | N/A | Response status: 200
2026-04-23 17:15:19,798 | ERROR | app_logger | e8ade3d8-55ec-4321-995b-c1aaffe72a04 | Failed to fetch customers | Status Code: 500
2026-04-23 17:15:19,806 | INFO | app_logger | N/A | Response status: 500
2026-04-23 17:15:20,595 | INFO | app_logger | N/A | GET http://localhost:8000/auth/users
2026-04-23 17:15:20,598 | INFO | app_logger | N/A | GET http://localhost:8000/customers/?page=1&limit=5
2026-04-23 17:15:20,600 | INFO | app_logger | N/A | GET http://localhost:8000/auth/users/count
2026-04-23 17:15:20,619 | INFO | app_logger | b9974fde-8547-4350-89b8-1c66ae2463b4 | Fetch users API called
2026-04-23 17:15:20,626 | INFO | app_logger | 1733486e-12cb-4d08-b296-3b009bc0df8d | User count API called
2026-04-23 17:15:20,627 | INFO | app_logger | 766d264c-4502-400b-ab10-cd6cdee1a2c7 | Fetch customers | user=raghu@gmail.com | page=1 limit=5
2026-04-23 17:15:20,627 | INFO | app_logger | b9974fde-8547-4350-89b8-1c66ae2463b4 | Fetch users | skip=0 limit=10
2026-04-23 17:15:20,631 | INFO | app_logger | 1733486e-12cb-4d08-b296-3b009bc0df8d | User count | total=1
2026-04-23 17:15:20,631 | INFO | app_logger | 766d264c-4502-400b-ab10-cd6cdee1a2c7 | Fetch customers | page=1 limit=5
2026-04-23 17:15:20,636 | INFO | app_logger | N/A | Response status: 200
2026-04-23 17:15:20,641 | INFO | app_logger | N/A | Response status: 200
2026-04-23 17:15:20,643 | ERROR | app_logger | 766d264c-4502-400b-ab10-cd6cdee1a2c7 | Fetch customers failed
Traceback (most recent call last):
  File "C:\Users\User\Desktop\customer_api\env\Lib\site-packages\sqlalchemy\engine\base.py", line 1967, in _exec_single_context
    self.dialect.do_execute(
  File "C:\Users\User\Desktop\customer_api\env\Lib\site-packages\sqlalchemy\engine\default.py", line 952, in do_execute
    cursor.execute(statement, parameters)
psycopg2.errors.UndefinedTable: relation "customers" does not exist
LINE 3: FROM customers 
             ^


The above exception was the direct cause of the following exception:

Traceback (most recent call last):
  File "C:\Users\User\Desktop\customer_api\backend\services\customer_service.py", line 169, in get_all_customers
    .all()
     ^^^^^
  File "C:\Users\User\Desktop\customer_api\env\Lib\site-packages\sqlalchemy\orm\query.py", line 2711, in all
    return self._iter().all()  # type: ignore
           ^^^^^^^^^^^^
  File "C:\Users\User\Desktop\customer_api\env\Lib\site-packages\sqlalchemy\orm\query.py", line 2864, in _iter
    result: Union[ScalarResult[_T], Result[_T]] = self.session.execute(
                                                  ^^^^^^^^^^^^^^^^^^^^^
  File "C:\Users\User\Desktop\customer_api\env\Lib\site-packages\sqlalchemy\orm\session.py", line 2351, in execute
    return self._execute_internal(
           ^^^^^^^^^^^^^^^^^^^^^^^
  File "C:\Users\User\Desktop\customer_api\env\Lib\site-packages\sqlalchemy\orm\session.py", line 2249, in _execute_internal
    result: Result[Any] = compile_state_cls.orm_execute_statement(
                          ^^^^^^^^^^^^^^^^^^^^^^^^^^^^^^^^^^^^^^^^
  File "C:\Users\User\Desktop\customer_api\env\Lib\site-packages\sqlalchemy\orm\context.py", line 306, in orm_execute_statement
    result = conn.execute(
             ^^^^^^^^^^^^^
  File "C:\Users\User\Desktop\customer_api\env\Lib\site-packages\sqlalchemy\engine\base.py", line 1419, in execute
    return meth(
           ^^^^^
  File "C:\Users\User\Desktop\customer_api\env\Lib\site-packages\sqlalchemy\sql\elements.py", line 527, in _execute_on_connection
    return connection._execute_clauseelement(
           ^^^^^^^^^^^^^^^^^^^^^^^^^^^^^^^^^^
  File "C:\Users\User\Desktop\customer_api\env\Lib\site-packages\sqlalchemy\engine\base.py", line 1641, in _execute_clauseelement
    ret = self._execute_context(
          ^^^^^^^^^^^^^^^^^^^^^^
  File "C:\Users\User\Desktop\customer_api\env\Lib\site-packages\sqlalchemy\engine\base.py", line 1846, in _execute_context
    return self._exec_single_context(
           ^^^^^^^^^^^^^^^^^^^^^^^^^^
  File "C:\Users\User\Desktop\customer_api\env\Lib\site-packages\sqlalchemy\engine\base.py", line 1986, in _exec_single_context
    self._handle_dbapi_exception(
  File "C:\Users\User\Desktop\customer_api\env\Lib\site-packages\sqlalchemy\engine\base.py", line 2363, in _handle_dbapi_exception
    raise sqlalchemy_exception.with_traceback(exc_info[2]) from e
  File "C:\Users\User\Desktop\customer_api\env\Lib\site-packages\sqlalchemy\engine\base.py", line 1967, in _exec_single_context
    self.dialect.do_execute(
  File "C:\Users\User\Desktop\customer_api\env\Lib\site-packages\sqlalchemy\engine\default.py", line 952, in do_execute
    cursor.execute(statement, parameters)
sqlalchemy.exc.ProgrammingError: (psycopg2.errors.UndefinedTable) relation "customers" does not exist
LINE 3: FROM customers 
             ^

[SQL: SELECT anon_1.customers_id AS anon_1_customers_id, anon_1.customers_name AS anon_1_customers_name, anon_1.customers_age AS anon_1_customers_age, anon_1.customers_gender AS anon_1_customers_gender, anon_1.customers_date_of_birth AS anon_1_customers_date_of_birth, anon_1.customers_email AS anon_1_customers_email, anon_1.customers_phone AS anon_1_customers_phone, anon_1.customers_alternate_phone AS anon_1_customers_alternate_phone, anon_1.customers_company AS anon_1_customers_company, anon_1.customers_job_title AS anon_1_customers_job_title, anon_1.customers_experience_years AS anon_1_customers_experience_years, anon_1.customers_customer_type AS anon_1_customers_customer_type, anon_1.customers_status AS anon_1_customers_status, anon_1.customers_created_at AS anon_1_customers_created_at, anon_1.customers_updated_at AS anon_1_customers_updated_at, anon_1.customers_notes AS anon_1_customers_notes, anon_1.customers_source AS anon_1_customers_source, addresses_1.id AS addresses_1_id, addresses_1.customer_id AS addresses_1_customer_id, addresses_1.city AS addresses_1_city, addresses_1.state AS addresses_1_state, addresses_1.pincode AS addresses_1_pincode 
FROM (SELECT customers.id AS customers_id, customers.name AS customers_name, customers.age AS customers_age, customers.gender AS customers_gender, customers.date_of_birth AS customers_date_of_birth, customers.email AS customers_email, customers.phone AS customers_phone, customers.alternate_phone AS customers_alternate_phone, customers.company AS customers_company, customers.job_title AS customers_job_title, customers.experience_years AS customers_experience_years, customers.customer_type AS customers_customer_type, customers.status AS customers_status, customers.created_at AS customers_created_at, customers.updated_at AS customers_updated_at, customers.notes AS customers_notes, customers.source AS customers_source 
FROM customers 
 LIMIT %(param_1)s OFFSET %(param_2)s) AS anon_1 LEFT OUTER JOIN addresses AS addresses_1 ON anon_1.customers_id = addresses_1.customer_id]
[parameters: {'param_1': 5, 'param_2': 0}]
(Background on this error at: https://sqlalche.me/e/20/f405)
2026-04-23 17:15:20,664 | ERROR | app_logger | 766d264c-4502-400b-ab10-cd6cdee1a2c7 | Failed to fetch customers | Status Code: 500
2026-04-23 17:15:20,667 | INFO | app_logger | N/A | Response status: 500
2026-04-23 17:15:20,733 | INFO | app_logger | N/A | GET http://localhost:8000/auth/users
2026-04-23 17:15:20,735 | INFO | app_logger | N/A | GET http://localhost:8000/customers/?page=1&limit=5
2026-04-23 17:15:20,735 | INFO | app_logger | N/A | GET http://localhost:8000/auth/users/count
2026-04-23 17:15:20,748 | INFO | app_logger | 1e68b507-5990-4a62-9d5a-8cd48ddf894e | Fetch customers | user=raghu@gmail.com | page=1 limit=5
2026-04-23 17:15:20,748 | INFO | app_logger | 8b15e408-1661-4ab9-9ca0-4bf6974fdde5 | User count API called
2026-04-23 17:15:20,748 | INFO | app_logger | 0cb127f3-058d-450d-91ae-ea26a52d0dd7 | Fetch users API called
2026-04-23 17:15:20,750 | INFO | app_logger | 1e68b507-5990-4a62-9d5a-8cd48ddf894e | Fetch customers | page=1 limit=5
2026-04-23 17:15:20,753 | INFO | app_logger | 0cb127f3-058d-450d-91ae-ea26a52d0dd7 | Fetch users | skip=0 limit=10
2026-04-23 17:15:20,754 | INFO | app_logger | 8b15e408-1661-4ab9-9ca0-4bf6974fdde5 | User count | total=1
2026-04-23 17:15:20,759 | ERROR | app_logger | 1e68b507-5990-4a62-9d5a-8cd48ddf894e | Fetch customers failed
Traceback (most recent call last):
  File "C:\Users\User\Desktop\customer_api\env\Lib\site-packages\sqlalchemy\engine\base.py", line 1967, in _exec_single_context
    self.dialect.do_execute(
  File "C:\Users\User\Desktop\customer_api\env\Lib\site-packages\sqlalchemy\engine\default.py", line 952, in do_execute
    cursor.execute(statement, parameters)
psycopg2.errors.UndefinedTable: relation "customers" does not exist
LINE 3: FROM customers 
             ^


The above exception was the direct cause of the following exception:

Traceback (most recent call last):
  File "C:\Users\User\Desktop\customer_api\backend\services\customer_service.py", line 169, in get_all_customers
    .all()
     ^^^^^
  File "C:\Users\User\Desktop\customer_api\env\Lib\site-packages\sqlalchemy\orm\query.py", line 2711, in all
    return self._iter().all()  # type: ignore
           ^^^^^^^^^^^^
  File "C:\Users\User\Desktop\customer_api\env\Lib\site-packages\sqlalchemy\orm\query.py", line 2864, in _iter
    result: Union[ScalarResult[_T], Result[_T]] = self.session.execute(
                                                  ^^^^^^^^^^^^^^^^^^^^^
  File "C:\Users\User\Desktop\customer_api\env\Lib\site-packages\sqlalchemy\orm\session.py", line 2351, in execute
    return self._execute_internal(
           ^^^^^^^^^^^^^^^^^^^^^^^
  File "C:\Users\User\Desktop\customer_api\env\Lib\site-packages\sqlalchemy\orm\session.py", line 2249, in _execute_internal
    result: Result[Any] = compile_state_cls.orm_execute_statement(
                          ^^^^^^^^^^^^^^^^^^^^^^^^^^^^^^^^^^^^^^^^
  File "C:\Users\User\Desktop\customer_api\env\Lib\site-packages\sqlalchemy\orm\context.py", line 306, in orm_execute_statement
    result = conn.execute(
             ^^^^^^^^^^^^^
  File "C:\Users\User\Desktop\customer_api\env\Lib\site-packages\sqlalchemy\engine\base.py", line 1419, in execute
    return meth(
           ^^^^^
  File "C:\Users\User\Desktop\customer_api\env\Lib\site-packages\sqlalchemy\sql\elements.py", line 527, in _execute_on_connection
    return connection._execute_clauseelement(
           ^^^^^^^^^^^^^^^^^^^^^^^^^^^^^^^^^^
  File "C:\Users\User\Desktop\customer_api\env\Lib\site-packages\sqlalchemy\engine\base.py", line 1641, in _execute_clauseelement
    ret = self._execute_context(
          ^^^^^^^^^^^^^^^^^^^^^^
  File "C:\Users\User\Desktop\customer_api\env\Lib\site-packages\sqlalchemy\engine\base.py", line 1846, in _execute_context
    return self._exec_single_context(
           ^^^^^^^^^^^^^^^^^^^^^^^^^^
  File "C:\Users\User\Desktop\customer_api\env\Lib\site-packages\sqlalchemy\engine\base.py", line 1986, in _exec_single_context
    self._handle_dbapi_exception(
  File "C:\Users\User\Desktop\customer_api\env\Lib\site-packages\sqlalchemy\engine\base.py", line 2363, in _handle_dbapi_exception
    raise sqlalchemy_exception.with_traceback(exc_info[2]) from e
  File "C:\Users\User\Desktop\customer_api\env\Lib\site-packages\sqlalchemy\engine\base.py", line 1967, in _exec_single_context
    self.dialect.do_execute(
  File "C:\Users\User\Desktop\customer_api\env\Lib\site-packages\sqlalchemy\engine\default.py", line 952, in do_execute
    cursor.execute(statement, parameters)
sqlalchemy.exc.ProgrammingError: (psycopg2.errors.UndefinedTable) relation "customers" does not exist
LINE 3: FROM customers 
             ^

[SQL: SELECT anon_1.customers_id AS anon_1_customers_id, anon_1.customers_name AS anon_1_customers_name, anon_1.customers_age AS anon_1_customers_age, anon_1.customers_gender AS anon_1_customers_gender, anon_1.customers_date_of_birth AS anon_1_customers_date_of_birth, anon_1.customers_email AS anon_1_customers_email, anon_1.customers_phone AS anon_1_customers_phone, anon_1.customers_alternate_phone AS anon_1_customers_alternate_phone, anon_1.customers_company AS anon_1_customers_company, anon_1.customers_job_title AS anon_1_customers_job_title, anon_1.customers_experience_years AS anon_1_customers_experience_years, anon_1.customers_customer_type AS anon_1_customers_customer_type, anon_1.customers_status AS anon_1_customers_status, anon_1.customers_created_at AS anon_1_customers_created_at, anon_1.customers_updated_at AS anon_1_customers_updated_at, anon_1.customers_notes AS anon_1_customers_notes, anon_1.customers_source AS anon_1_customers_source, addresses_1.id AS addresses_1_id, addresses_1.customer_id AS addresses_1_customer_id, addresses_1.city AS addresses_1_city, addresses_1.state AS addresses_1_state, addresses_1.pincode AS addresses_1_pincode 
FROM (SELECT customers.id AS customers_id, customers.name AS customers_name, customers.age AS customers_age, customers.gender AS customers_gender, customers.date_of_birth AS customers_date_of_birth, customers.email AS customers_email, customers.phone AS customers_phone, customers.alternate_phone AS customers_alternate_phone, customers.company AS customers_company, customers.job_title AS customers_job_title, customers.experience_years AS customers_experience_years, customers.customer_type AS customers_customer_type, customers.status AS customers_status, customers.created_at AS customers_created_at, customers.updated_at AS customers_updated_at, customers.notes AS customers_notes, customers.source AS customers_source 
FROM customers 
 LIMIT %(param_1)s OFFSET %(param_2)s) AS anon_1 LEFT OUTER JOIN addresses AS addresses_1 ON anon_1.customers_id = addresses_1.customer_id]
[parameters: {'param_1': 5, 'param_2': 0}]
(Background on this error at: https://sqlalche.me/e/20/f405)
2026-04-23 17:15:20,765 | INFO | app_logger | N/A | Response status: 200
2026-04-23 17:15:20,770 | INFO | app_logger | N/A | Response status: 200
2026-04-23 17:15:20,787 | ERROR | app_logger | 1e68b507-5990-4a62-9d5a-8cd48ddf894e | Failed to fetch customers | Status Code: 500
2026-04-23 17:15:20,790 | INFO | app_logger | N/A | Response status: 500
2026-04-23 17:15:20,915 | INFO | app_logger | N/A | GET http://localhost:8000/auth/users
2026-04-23 17:15:20,917 | INFO | app_logger | N/A | GET http://localhost:8000/auth/users/count
2026-04-23 17:15:20,918 | INFO | app_logger | N/A | GET http://localhost:8000/customers/?page=1&limit=5
2026-04-23 17:15:20,934 | INFO | app_logger | e8cf7915-309e-45d8-a9d2-c3366f28e641 | User count API called
2026-04-23 17:15:20,934 | INFO | app_logger | 01834863-7f8d-41d4-8b41-3d2c7e3a3138 | Fetch users API called
2026-04-23 17:15:20,934 | INFO | app_logger | 5054690d-0817-470d-a452-eef50a66ac54 | Fetch customers | user=raghu@gmail.com | page=1 limit=5
2026-04-23 17:15:20,938 | INFO | app_logger | 01834863-7f8d-41d4-8b41-3d2c7e3a3138 | Fetch users | skip=0 limit=10
2026-04-23 17:15:20,940 | INFO | app_logger | e8cf7915-309e-45d8-a9d2-c3366f28e641 | User count | total=1
2026-04-23 17:15:20,942 | INFO | app_logger | 5054690d-0817-470d-a452-eef50a66ac54 | Fetch customers | page=1 limit=5
2026-04-23 17:15:20,948 | INFO | app_logger | N/A | Response status: 200
2026-04-23 17:15:20,951 | ERROR | app_logger | 5054690d-0817-470d-a452-eef50a66ac54 | Fetch customers failed
Traceback (most recent call last):
  File "C:\Users\User\Desktop\customer_api\env\Lib\site-packages\sqlalchemy\engine\base.py", line 1967, in _exec_single_context
    self.dialect.do_execute(
  File "C:\Users\User\Desktop\customer_api\env\Lib\site-packages\sqlalchemy\engine\default.py", line 952, in do_execute
    cursor.execute(statement, parameters)
psycopg2.errors.UndefinedTable: relation "customers" does not exist
LINE 3: FROM customers 
             ^


The above exception was the direct cause of the following exception:

Traceback (most recent call last):
  File "C:\Users\User\Desktop\customer_api\backend\services\customer_service.py", line 169, in get_all_customers
    .all()
     ^^^^^
  File "C:\Users\User\Desktop\customer_api\env\Lib\site-packages\sqlalchemy\orm\query.py", line 2711, in all
    return self._iter().all()  # type: ignore
           ^^^^^^^^^^^^
  File "C:\Users\User\Desktop\customer_api\env\Lib\site-packages\sqlalchemy\orm\query.py", line 2864, in _iter
    result: Union[ScalarResult[_T], Result[_T]] = self.session.execute(
                                                  ^^^^^^^^^^^^^^^^^^^^^
  File "C:\Users\User\Desktop\customer_api\env\Lib\site-packages\sqlalchemy\orm\session.py", line 2351, in execute
    return self._execute_internal(
           ^^^^^^^^^^^^^^^^^^^^^^^
  File "C:\Users\User\Desktop\customer_api\env\Lib\site-packages\sqlalchemy\orm\session.py", line 2249, in _execute_internal
    result: Result[Any] = compile_state_cls.orm_execute_statement(
                          ^^^^^^^^^^^^^^^^^^^^^^^^^^^^^^^^^^^^^^^^
  File "C:\Users\User\Desktop\customer_api\env\Lib\site-packages\sqlalchemy\orm\context.py", line 306, in orm_execute_statement
    result = conn.execute(
             ^^^^^^^^^^^^^
  File "C:\Users\User\Desktop\customer_api\env\Lib\site-packages\sqlalchemy\engine\base.py", line 1419, in execute
    return meth(
           ^^^^^
  File "C:\Users\User\Desktop\customer_api\env\Lib\site-packages\sqlalchemy\sql\elements.py", line 527, in _execute_on_connection
    return connection._execute_clauseelement(
           ^^^^^^^^^^^^^^^^^^^^^^^^^^^^^^^^^^
  File "C:\Users\User\Desktop\customer_api\env\Lib\site-packages\sqlalchemy\engine\base.py", line 1641, in _execute_clauseelement
    ret = self._execute_context(
          ^^^^^^^^^^^^^^^^^^^^^^
  File "C:\Users\User\Desktop\customer_api\env\Lib\site-packages\sqlalchemy\engine\base.py", line 1846, in _execute_context
    return self._exec_single_context(
           ^^^^^^^^^^^^^^^^^^^^^^^^^^
  File "C:\Users\User\Desktop\customer_api\env\Lib\site-packages\sqlalchemy\engine\base.py", line 1986, in _exec_single_context
    self._handle_dbapi_exception(
  File "C:\Users\User\Desktop\customer_api\env\Lib\site-packages\sqlalchemy\engine\base.py", line 2363, in _handle_dbapi_exception
    raise sqlalchemy_exception.with_traceback(exc_info[2]) from e
  File "C:\Users\User\Desktop\customer_api\env\Lib\site-packages\sqlalchemy\engine\base.py", line 1967, in _exec_single_context
    self.dialect.do_execute(
  File "C:\Users\User\Desktop\customer_api\env\Lib\site-packages\sqlalchemy\engine\default.py", line 952, in do_execute
    cursor.execute(statement, parameters)
sqlalchemy.exc.ProgrammingError: (psycopg2.errors.UndefinedTable) relation "customers" does not exist
LINE 3: FROM customers 
             ^

[SQL: SELECT anon_1.customers_id AS anon_1_customers_id, anon_1.customers_name AS anon_1_customers_name, anon_1.customers_age AS anon_1_customers_age, anon_1.customers_gender AS anon_1_customers_gender, anon_1.customers_date_of_birth AS anon_1_customers_date_of_birth, anon_1.customers_email AS anon_1_customers_email, anon_1.customers_phone AS anon_1_customers_phone, anon_1.customers_alternate_phone AS anon_1_customers_alternate_phone, anon_1.customers_company AS anon_1_customers_company, anon_1.customers_job_title AS anon_1_customers_job_title, anon_1.customers_experience_years AS anon_1_customers_experience_years, anon_1.customers_customer_type AS anon_1_customers_customer_type, anon_1.customers_status AS anon_1_customers_status, anon_1.customers_created_at AS anon_1_customers_created_at, anon_1.customers_updated_at AS anon_1_customers_updated_at, anon_1.customers_notes AS anon_1_customers_notes, anon_1.customers_source AS anon_1_customers_source, addresses_1.id AS addresses_1_id, addresses_1.customer_id AS addresses_1_customer_id, addresses_1.city AS addresses_1_city, addresses_1.state AS addresses_1_state, addresses_1.pincode AS addresses_1_pincode 
FROM (SELECT customers.id AS customers_id, customers.name AS customers_name, customers.age AS customers_age, customers.gender AS customers_gender, customers.date_of_birth AS customers_date_of_birth, customers.email AS customers_email, customers.phone AS customers_phone, customers.alternate_phone AS customers_alternate_phone, customers.company AS customers_company, customers.job_title AS customers_job_title, customers.experience_years AS customers_experience_years, customers.customer_type AS customers_customer_type, customers.status AS customers_status, customers.created_at AS customers_created_at, customers.updated_at AS customers_updated_at, customers.notes AS customers_notes, customers.source AS customers_source 
FROM customers 
 LIMIT %(param_1)s OFFSET %(param_2)s) AS anon_1 LEFT OUTER JOIN addresses AS addresses_1 ON anon_1.customers_id = addresses_1.customer_id]
[parameters: {'param_1': 5, 'param_2': 0}]
(Background on this error at: https://sqlalche.me/e/20/f405)
2026-04-23 17:15:20,956 | INFO | app_logger | N/A | Response status: 200
2026-04-23 17:15:20,974 | ERROR | app_logger | 5054690d-0817-470d-a452-eef50a66ac54 | Failed to fetch customers | Status Code: 500
2026-04-23 17:15:20,977 | INFO | app_logger | N/A | Response status: 500
2026-04-23 17:15:21,102 | INFO | app_logger | N/A | GET http://localhost:8000/auth/users
2026-04-23 17:15:21,108 | INFO | app_logger | N/A | GET http://localhost:8000/customers/?page=1&limit=5
2026-04-23 17:15:21,108 | INFO | app_logger | N/A | GET http://localhost:8000/auth/users/count
2026-04-23 17:15:21,119 | INFO | app_logger | f03ad975-7731-4bd0-adde-8200edc1b8a2 | Fetch users API called
2026-04-23 17:15:21,120 | INFO | app_logger | 55e1ede5-9d61-4113-86b7-763565cb6912 | User count API called
2026-04-23 17:15:21,120 | INFO | app_logger | bf02e621-8572-492b-b659-ed5d302a223c | Fetch customers | user=raghu@gmail.com | page=1 limit=5
2026-04-23 17:15:21,123 | INFO | app_logger | f03ad975-7731-4bd0-adde-8200edc1b8a2 | Fetch users | skip=0 limit=10
2026-04-23 17:15:21,127 | INFO | app_logger | 55e1ede5-9d61-4113-86b7-763565cb6912 | User count | total=1
2026-04-23 17:15:21,127 | INFO | app_logger | bf02e621-8572-492b-b659-ed5d302a223c | Fetch customers | page=1 limit=5
2026-04-23 17:15:21,132 | INFO | app_logger | N/A | Response status: 200
2026-04-23 17:15:21,134 | ERROR | app_logger | bf02e621-8572-492b-b659-ed5d302a223c | Fetch customers failed
Traceback (most recent call last):
  File "C:\Users\User\Desktop\customer_api\env\Lib\site-packages\sqlalchemy\engine\base.py", line 1967, in _exec_single_context
    self.dialect.do_execute(
  File "C:\Users\User\Desktop\customer_api\env\Lib\site-packages\sqlalchemy\engine\default.py", line 952, in do_execute
    cursor.execute(statement, parameters)
psycopg2.errors.UndefinedTable: relation "customers" does not exist
LINE 3: FROM customers 
             ^


The above exception was the direct cause of the following exception:

Traceback (most recent call last):
  File "C:\Users\User\Desktop\customer_api\backend\services\customer_service.py", line 169, in get_all_customers
    .all()
     ^^^^^
  File "C:\Users\User\Desktop\customer_api\env\Lib\site-packages\sqlalchemy\orm\query.py", line 2711, in all
    return self._iter().all()  # type: ignore
           ^^^^^^^^^^^^
  File "C:\Users\User\Desktop\customer_api\env\Lib\site-packages\sqlalchemy\orm\query.py", line 2864, in _iter
    result: Union[ScalarResult[_T], Result[_T]] = self.session.execute(
                                                  ^^^^^^^^^^^^^^^^^^^^^
  File "C:\Users\User\Desktop\customer_api\env\Lib\site-packages\sqlalchemy\orm\session.py", line 2351, in execute
    return self._execute_internal(
           ^^^^^^^^^^^^^^^^^^^^^^^
  File "C:\Users\User\Desktop\customer_api\env\Lib\site-packages\sqlalchemy\orm\session.py", line 2249, in _execute_internal
    result: Result[Any] = compile_state_cls.orm_execute_statement(
                          ^^^^^^^^^^^^^^^^^^^^^^^^^^^^^^^^^^^^^^^^
  File "C:\Users\User\Desktop\customer_api\env\Lib\site-packages\sqlalchemy\orm\context.py", line 306, in orm_execute_statement
    result = conn.execute(
             ^^^^^^^^^^^^^
  File "C:\Users\User\Desktop\customer_api\env\Lib\site-packages\sqlalchemy\engine\base.py", line 1419, in execute
    return meth(
           ^^^^^
  File "C:\Users\User\Desktop\customer_api\env\Lib\site-packages\sqlalchemy\sql\elements.py", line 527, in _execute_on_connection
    return connection._execute_clauseelement(
           ^^^^^^^^^^^^^^^^^^^^^^^^^^^^^^^^^^
  File "C:\Users\User\Desktop\customer_api\env\Lib\site-packages\sqlalchemy\engine\base.py", line 1641, in _execute_clauseelement
    ret = self._execute_context(
          ^^^^^^^^^^^^^^^^^^^^^^
  File "C:\Users\User\Desktop\customer_api\env\Lib\site-packages\sqlalchemy\engine\base.py", line 1846, in _execute_context
    return self._exec_single_context(
           ^^^^^^^^^^^^^^^^^^^^^^^^^^
  File "C:\Users\User\Desktop\customer_api\env\Lib\site-packages\sqlalchemy\engine\base.py", line 1986, in _exec_single_context
    self._handle_dbapi_exception(
  File "C:\Users\User\Desktop\customer_api\env\Lib\site-packages\sqlalchemy\engine\base.py", line 2363, in _handle_dbapi_exception
    raise sqlalchemy_exception.with_traceback(exc_info[2]) from e
  File "C:\Users\User\Desktop\customer_api\env\Lib\site-packages\sqlalchemy\engine\base.py", line 1967, in _exec_single_context
    self.dialect.do_execute(
  File "C:\Users\User\Desktop\customer_api\env\Lib\site-packages\sqlalchemy\engine\default.py", line 952, in do_execute
    cursor.execute(statement, parameters)
sqlalchemy.exc.ProgrammingError: (psycopg2.errors.UndefinedTable) relation "customers" does not exist
LINE 3: FROM customers 
             ^

[SQL: SELECT anon_1.customers_id AS anon_1_customers_id, anon_1.customers_name AS anon_1_customers_name, anon_1.customers_age AS anon_1_customers_age, anon_1.customers_gender AS anon_1_customers_gender, anon_1.customers_date_of_birth AS anon_1_customers_date_of_birth, anon_1.customers_email AS anon_1_customers_email, anon_1.customers_phone AS anon_1_customers_phone, anon_1.customers_alternate_phone AS anon_1_customers_alternate_phone, anon_1.customers_company AS anon_1_customers_company, anon_1.customers_job_title AS anon_1_customers_job_title, anon_1.customers_experience_years AS anon_1_customers_experience_years, anon_1.customers_customer_type AS anon_1_customers_customer_type, anon_1.customers_status AS anon_1_customers_status, anon_1.customers_created_at AS anon_1_customers_created_at, anon_1.customers_updated_at AS anon_1_customers_updated_at, anon_1.customers_notes AS anon_1_customers_notes, anon_1.customers_source AS anon_1_customers_source, addresses_1.id AS addresses_1_id, addresses_1.customer_id AS addresses_1_customer_id, addresses_1.city AS addresses_1_city, addresses_1.state AS addresses_1_state, addresses_1.pincode AS addresses_1_pincode 
FROM (SELECT customers.id AS customers_id, customers.name AS customers_name, customers.age AS customers_age, customers.gender AS customers_gender, customers.date_of_birth AS customers_date_of_birth, customers.email AS customers_email, customers.phone AS customers_phone, customers.alternate_phone AS customers_alternate_phone, customers.company AS customers_company, customers.job_title AS customers_job_title, customers.experience_years AS customers_experience_years, customers.customer_type AS customers_customer_type, customers.status AS customers_status, customers.created_at AS customers_created_at, customers.updated_at AS customers_updated_at, customers.notes AS customers_notes, customers.source AS customers_source 
FROM customers 
 LIMIT %(param_1)s OFFSET %(param_2)s) AS anon_1 LEFT OUTER JOIN addresses AS addresses_1 ON anon_1.customers_id = addresses_1.customer_id]
[parameters: {'param_1': 5, 'param_2': 0}]
(Background on this error at: https://sqlalche.me/e/20/f405)
2026-04-23 17:15:21,134 | INFO | app_logger | N/A | Response status: 200
2026-04-23 17:15:21,152 | ERROR | app_logger | bf02e621-8572-492b-b659-ed5d302a223c | Failed to fetch customers | Status Code: 500
2026-04-23 17:15:21,155 | INFO | app_logger | N/A | Response status: 500
2026-04-23 17:15:42,108 | INFO | app_logger | N/A | POST http://localhost:8000/auth/login
2026-04-23 17:15:42,116 | INFO | app_logger | 89266bb2-fa6d-4c78-ad57-f5eee1b5877b | Login API called | email=raghu@gmail.com
2026-04-23 17:15:42,117 | INFO | app_logger | 89266bb2-fa6d-4c78-ad57-f5eee1b5877b | Login attempt | email=raghu@gmail.com
2026-04-23 17:15:42,716 | INFO | app_logger | 89266bb2-fa6d-4c78-ad57-f5eee1b5877b | Login success | email=raghu@gmail.com
2026-04-23 17:15:42,720 | INFO | app_logger | N/A | Response status: 200
2026-04-23 17:15:42,729 | INFO | app_logger | N/A | GET http://localhost:8000/auth/users
2026-04-23 17:15:42,733 | INFO | app_logger | 181d9308-15ce-46b9-a7b4-77ffe30caa5b | Fetch users API called
2026-04-23 17:15:42,735 | INFO | app_logger | 181d9308-15ce-46b9-a7b4-77ffe30caa5b | Fetch users | skip=0 limit=10
2026-04-23 17:15:42,738 | INFO | app_logger | N/A | Response status: 200
2026-04-23 17:15:42,746 | INFO | app_logger | N/A | GET http://localhost:8000/customers/?page=1&limit=5
2026-04-23 17:15:42,751 | INFO | app_logger | 7d07500a-c48d-4784-9b01-d012fff17f44 | Fetch customers | user=raghu@gmail.com | page=1 limit=5
2026-04-23 17:15:42,753 | INFO | app_logger | 7d07500a-c48d-4784-9b01-d012fff17f44 | Fetch customers | page=1 limit=5
2026-04-23 17:15:42,756 | ERROR | app_logger | 7d07500a-c48d-4784-9b01-d012fff17f44 | Fetch customers failed
Traceback (most recent call last):
  File "C:\Users\User\Desktop\customer_api\env\Lib\site-packages\sqlalchemy\engine\base.py", line 1967, in _exec_single_context
    self.dialect.do_execute(
  File "C:\Users\User\Desktop\customer_api\env\Lib\site-packages\sqlalchemy\engine\default.py", line 952, in do_execute
    cursor.execute(statement, parameters)
psycopg2.errors.UndefinedTable: relation "customers" does not exist
LINE 3: FROM customers 
             ^


The above exception was the direct cause of the following exception:

Traceback (most recent call last):
  File "C:\Users\User\Desktop\customer_api\backend\services\customer_service.py", line 169, in get_all_customers
    .all()
     ^^^^^
  File "C:\Users\User\Desktop\customer_api\env\Lib\site-packages\sqlalchemy\orm\query.py", line 2711, in all
    return self._iter().all()  # type: ignore
           ^^^^^^^^^^^^
  File "C:\Users\User\Desktop\customer_api\env\Lib\site-packages\sqlalchemy\orm\query.py", line 2864, in _iter
    result: Union[ScalarResult[_T], Result[_T]] = self.session.execute(
                                                  ^^^^^^^^^^^^^^^^^^^^^
  File "C:\Users\User\Desktop\customer_api\env\Lib\site-packages\sqlalchemy\orm\session.py", line 2351, in execute
    return self._execute_internal(
           ^^^^^^^^^^^^^^^^^^^^^^^
  File "C:\Users\User\Desktop\customer_api\env\Lib\site-packages\sqlalchemy\orm\session.py", line 2249, in _execute_internal
    result: Result[Any] = compile_state_cls.orm_execute_statement(
                          ^^^^^^^^^^^^^^^^^^^^^^^^^^^^^^^^^^^^^^^^
  File "C:\Users\User\Desktop\customer_api\env\Lib\site-packages\sqlalchemy\orm\context.py", line 306, in orm_execute_statement
    result = conn.execute(
             ^^^^^^^^^^^^^
  File "C:\Users\User\Desktop\customer_api\env\Lib\site-packages\sqlalchemy\engine\base.py", line 1419, in execute
    return meth(
           ^^^^^
  File "C:\Users\User\Desktop\customer_api\env\Lib\site-packages\sqlalchemy\sql\elements.py", line 527, in _execute_on_connection
    return connection._execute_clauseelement(
           ^^^^^^^^^^^^^^^^^^^^^^^^^^^^^^^^^^
  File "C:\Users\User\Desktop\customer_api\env\Lib\site-packages\sqlalchemy\engine\base.py", line 1641, in _execute_clauseelement
    ret = self._execute_context(
          ^^^^^^^^^^^^^^^^^^^^^^
  File "C:\Users\User\Desktop\customer_api\env\Lib\site-packages\sqlalchemy\engine\base.py", line 1846, in _execute_context
    return self._exec_single_context(
           ^^^^^^^^^^^^^^^^^^^^^^^^^^
  File "C:\Users\User\Desktop\customer_api\env\Lib\site-packages\sqlalchemy\engine\base.py", line 1986, in _exec_single_context
    self._handle_dbapi_exception(
  File "C:\Users\User\Desktop\customer_api\env\Lib\site-packages\sqlalchemy\engine\base.py", line 2363, in _handle_dbapi_exception
    raise sqlalchemy_exception.with_traceback(exc_info[2]) from e
  File "C:\Users\User\Desktop\customer_api\env\Lib\site-packages\sqlalchemy\engine\base.py", line 1967, in _exec_single_context
    self.dialect.do_execute(
  File "C:\Users\User\Desktop\customer_api\env\Lib\site-packages\sqlalchemy\engine\default.py", line 952, in do_execute
    cursor.execute(statement, parameters)
sqlalchemy.exc.ProgrammingError: (psycopg2.errors.UndefinedTable) relation "customers" does not exist
LINE 3: FROM customers 
             ^

[SQL: SELECT anon_1.customers_id AS anon_1_customers_id, anon_1.customers_name AS anon_1_customers_name, anon_1.customers_age AS anon_1_customers_age, anon_1.customers_gender AS anon_1_customers_gender, anon_1.customers_date_of_birth AS anon_1_customers_date_of_birth, anon_1.customers_email AS anon_1_customers_email, anon_1.customers_phone AS anon_1_customers_phone, anon_1.customers_alternate_phone AS anon_1_customers_alternate_phone, anon_1.customers_company AS anon_1_customers_company, anon_1.customers_job_title AS anon_1_customers_job_title, anon_1.customers_experience_years AS anon_1_customers_experience_years, anon_1.customers_customer_type AS anon_1_customers_customer_type, anon_1.customers_status AS anon_1_customers_status, anon_1.customers_created_at AS anon_1_customers_created_at, anon_1.customers_updated_at AS anon_1_customers_updated_at, anon_1.customers_notes AS anon_1_customers_notes, anon_1.customers_source AS anon_1_customers_source, addresses_1.id AS addresses_1_id, addresses_1.customer_id AS addresses_1_customer_id, addresses_1.city AS addresses_1_city, addresses_1.state AS addresses_1_state, addresses_1.pincode AS addresses_1_pincode 
FROM (SELECT customers.id AS customers_id, customers.name AS customers_name, customers.age AS customers_age, customers.gender AS customers_gender, customers.date_of_birth AS customers_date_of_birth, customers.email AS customers_email, customers.phone AS customers_phone, customers.alternate_phone AS customers_alternate_phone, customers.company AS customers_company, customers.job_title AS customers_job_title, customers.experience_years AS customers_experience_years, customers.customer_type AS customers_customer_type, customers.status AS customers_status, customers.created_at AS customers_created_at, customers.updated_at AS customers_updated_at, customers.notes AS customers_notes, customers.source AS customers_source 
FROM customers 
 LIMIT %(param_1)s OFFSET %(param_2)s) AS anon_1 LEFT OUTER JOIN addresses AS addresses_1 ON anon_1.customers_id = addresses_1.customer_id]
[parameters: {'param_1': 5, 'param_2': 0}]
(Background on this error at: https://sqlalche.me/e/20/f405)
2026-04-23 17:15:42,765 | ERROR | app_logger | 7d07500a-c48d-4784-9b01-d012fff17f44 | Failed to fetch customers | Status Code: 500
2026-04-23 17:15:42,768 | INFO | app_logger | N/A | Response status: 500
2026-04-23 17:15:42,779 | INFO | app_logger | N/A | GET http://localhost:8000/auth/users/count
2026-04-23 17:15:42,786 | INFO | app_logger | a4b712bb-d663-42e7-b9de-17ce05294782 | User count API called
2026-04-23 17:15:42,795 | INFO | app_logger | a4b712bb-d663-42e7-b9de-17ce05294782 | User count | total=1
2026-04-23 17:15:42,798 | INFO | app_logger | N/A | Response status: 200
2026-04-23 17:18:01,755 | INFO | app_logger | N/A | Application started successfully
2026-04-23 17:19:35,664 | INFO | app_logger | N/A | GET http://localhost:8000/auth/users
2026-04-23 17:19:35,669 | INFO | app_logger | N/A | GET http://localhost:8000/customers/?page=1&limit=5
2026-04-23 17:19:35,672 | INFO | app_logger | N/A | GET http://localhost:8000/auth/users/count
2026-04-23 17:19:35,722 | INFO | app_logger | 7ef7790f-6ba8-4f4a-9ae9-1246a5bd0d9e | Fetch customers | user=raghu@gmail.com | page=1 limit=5
2026-04-23 17:19:35,724 | INFO | app_logger | 88ea6f6a-c585-4b91-82be-f4a9c9d92373 | Fetch users API called
2026-04-23 17:19:35,725 | INFO | app_logger | 75cf9244-a1a1-4a46-a9c0-100bcc4fa772 | User count API called
2026-04-23 17:19:35,727 | INFO | app_logger | 7ef7790f-6ba8-4f4a-9ae9-1246a5bd0d9e | Fetch customers | page=1 limit=5
2026-04-23 17:19:35,729 | INFO | app_logger | 88ea6f6a-c585-4b91-82be-f4a9c9d92373 | Fetch users | skip=0 limit=10
2026-04-23 17:19:35,793 | INFO | app_logger | 75cf9244-a1a1-4a46-a9c0-100bcc4fa772 | User count | total=1
2026-04-23 17:19:35,798 | INFO | app_logger | N/A | Response status: 200
2026-04-23 17:19:35,926 | INFO | app_logger | N/A | Response status: 200
2026-04-23 17:19:35,934 | INFO | app_logger | N/A | Response status: 200
